REGION TYPE,DATE,YEAR,WEEK,% WEIGHTED ILI,%UNWEIGHTED ILI,AGE 0-4,AGE 25-49,AGE 25-64,AGE 5-24,AGE 50-64,AGE 65,ILITOTAL,NUM. OF PROVIDERS,TOTAL PATIENTS,month,month_name,quarter,season,weighted_ili_lag_1,weighted_ili_lag_2,weighted_ili_lag_4,weighted_ili_lag_52,weighted_ili_rolling_mean_4,weighted_ili_rolling_mean_12,weighted_ili_rolling_std_4,week_sin,week_cos
National,1997-09-28,1997,40,1.10148,1.21686,179,,157.0,205,,29,570,192,46842,9,September,3,Autumn,,,,,,,,-1.0,-1.8369701987210297e-16
National,1997-10-05,1997,41,1.20007,1.28064,199,,151.0,242,,23,615,191,48023,10,October,4,Autumn,1.10148,,,,,,,-0.992708874098054,0.1205366802553232
National,1997-10-12,1997,42,1.37876,1.23906,228,,153.0,266,,34,681,219,54961,10,October,4,Autumn,1.20007,1.10148,,,,,,-0.9709418174260521,0.23931566428755738
National,1997-10-19,1997,43,1.1992,1.14473,188,,193.0,236,,36,653,213,57044,10,October,4,Autumn,1.37876,1.20007,,,,,,-0.9350162426854148,0.35460488704253557
National,1997-10-26,1997,44,1.65618,1.26112,217,,162.0,280,,41,700,213,55506,10,October,4,Autumn,1.1992,1.37876,1.10148,,1.2198775,,0.11558764766040823,-0.8854560256532101,0.464723172043768
National,1997-11-02,1997,45,1.41326,1.28275,178,,148.0,281,,48,655,195,51062,11,November,4,Autumn,1.65618,1.1992,1.20007,,1.3585525,,0.215638890953526,-0.822983865893657,0.5680647467311548
National,1997-11-09,1997,46,1.9868,1.44579,294,,240.0,328,,70,932,248,64463,11,November,4,Autumn,1.41326,1.65618,1.37876,,1.4118499999999998,,0.18798413727404414,-0.7485107481711011,0.6631226582407952
National,1997-11-16,1997,47,2.44749,1.64796,288,,293.0,456,,63,1100,256,66749,11,November,4,Autumn,1.9868,1.41326,1.1992,,1.56386,,0.33816095851926287,-0.6631226582407955,0.7485107481711007
National,1997-11-23,1997,48,1.73901,1.67517,268,,206.0,343,,69,886,252,52890,11,November,4,Autumn,2.44749,1.9868,1.65618,,1.8759325,,0.44770771040750823,-0.5680647467311559,0.8229838658936564
National,1997-11-30,1997,49,1.93919,1.61739,299,,282.0,415,,102,1098,253,67887,11,November,4,Autumn,1.73901,2.44749,1.41326,,1.89664,,0.4359158899757306,-0.4647231720437684,0.88545602565321
National,1997-12-07,1997,50,2.28166,1.76632,346,,268.0,388,,81,1083,242,61314,12,December,4,Winter,1.93919,1.73901,1.9868,,2.0281225000000003,,0.2994838205284772,-0.35460488704253595,0.9350162426854147
National,1997-12-14,1997,51,2.50761,2.10398,348,,235.0,362,,59,1004,190,47719,12,December,4,Winter,2.28166,1.93919,2.44749,,2.1018375000000002,,0.3214082483255002,-0.2393156642875578,0.970941817426052
National,1997-12-21,1997,52,4.11352,3.13655,510,,404.0,492,,113,1519,251,48429,12,December,4,Winter,2.50761,2.28166,1.73901,,2.1168675,1.7375591666666665,0.3435995021702831,-0.12053668025532363,0.992708874098054
National,1997-12-28,1997,53,5.62372,3.7185,579,,584.0,576,,207,1946,250,52333,12,December,4,Winter,4.11352,2.50761,1.93919,,2.710495,1.9885625000000002,0.9640975631992162,6.432490598706546e-16,1.0
National,1998-01-04,1998,1,4.37398,3.59225,639,,759.0,810,,207,2415,254,67228,1,January,1,Winter,5.62372,4.11352,2.28166,,3.6316274999999996,2.3572,1.5584693881578167,0.0,1.0
National,1998-01-11,1998,2,4.19434,3.68922,690,,654.0,1121,,148,2613,255,70828,1,January,1,Winter,4.37398,5.62372,2.50761,,4.154707500000001,2.606801666666667,1.2807165623294636,0.12053668025532305,0.992708874098054
National,1998-01-18,1998,3,5.42123,4.60396,856,,679.0,1440,,151,3126,245,67898,1,January,1,Winter,4.19434,4.37398,4.11352,,4.57639,2.856396666666667,0.7066542710548055,0.23931566428755774,0.970941817426052
National,1998-01-25,1998,4,5.66137,4.91007,824,,817.0,1600,,196,3437,245,69999,1,January,1,Winter,5.42123,4.19434,5.62372,,4.9033175,3.170150833333334,0.7234317300374639,0.3546048870425356,0.9350162426854148
National,1998-02-01,1998,5,5.97802,4.82687,881,,769.0,1471,,233,3354,239,69486,2,February,1,Winter,5.66137,5.42123,4.37398,,4.912730000000001,3.52416,0.7360638229121155,0.4647231720437685,0.8854560256532099
National,1998-02-08,1998,6,4.7358,3.9459,699,,671.0,1101,,146,2617,234,66322,2,February,1,Winter,5.97802,5.66137,4.19434,,5.31374,3.856761666666667,0.7803257856818505,0.5680647467311558,0.8229838658936564
National,1998-02-15,1998,7,3.44581,3.1081,457,,523.0,849,,119,1948,223,62675,2,February,1,Winter,4.7358,5.97802,5.42123,,5.449105,4.047454166666667,0.5273798587040124,0.6631226582407952,0.7485107481711011
National,1998-02-22,1998,8,2.47799,2.13953,313,,330.0,534,,112,1289,217,60247,2,February,1,Winter,3.44581,4.7358,5.66137,,4.9552499999999995,4.189687500000001,1.1359623443582973,0.7485107481711011,0.6631226582407953
National,1998-03-01,1998,9,1.65732,1.43954,241,,214.0,308,,64,827,211,57449,3,March,1,Spring,2.47799,3.44581,5.97802,,4.1594050000000005,4.2345875,1.5249006459985086,0.8229838658936564,0.5680647467311559
National,1998-03-08,1998,10,1.96952,1.47879,201,,183.0,305,,59,748,208,50582,3,March,1,Spring,1.65732,2.47799,4.7358,,3.07923,4.182559166666667,1.3243769160124594,0.8854560256532099,0.4647231720437686
National,1998-03-15,1998,11,1.58545,1.08556,162,,123.0,249,,51,585,200,53889,3,March,1,Spring,1.96952,1.65732,3.44581,,2.38766,4.137718333333333,0.7823210139493091,0.9350162426854148,0.35460488704253557
National,1998-03-22,1998,12,1.80474,0.997967,156,,93.0,196,,41,486,177,48699,3,March,1,Spring,1.58545,1.96952,2.47799,,1.92257,3.927045833333334,0.4060800971073031,0.970941817426052,0.23931566428755804
National,1998-03-29,1998,13,1.04624,0.744205,90,,92.0,144,,32,358,182,48105,3,March,1,Spring,1.80474,1.58545,1.65732,,1.7542575,3.6087974999999997,0.1700777054515882,0.992708874098054,0.120536680255323
National,1998-04-05,1998,14,1.4004,0.856631,82,,93.0,152,,41,368,170,42959,4,April,2,Spring,1.04624,1.80474,1.96952,,1.6014875,3.3314858333333337,0.402209102944821,1.0,-1.6081226496766366e-16
National,1998-04-12,1998,15,0.79687,0.621737,64,,73.0,106,,19,262,156,42140,4,April,2,Spring,1.4004,1.04624,1.58545,,1.4592075000000002,3.0986575,0.32110764315362855,0.992708874098054,-0.12053668025532288
National,1998-04-19,1998,16,0.717097,0.670954,82,,68.0,100,,15,265,155,39496,4,April,2,Spring,0.79687,1.4004,1.80474,,1.2620625,2.713294166666667,0.4384136351571181,0.9709418174260521,-0.2393156642875575
National,1998-04-26,1998,17,1.00238,0.694082,58,,61.0,120,,27,266,148,38324,4,April,2,Spring,0.717097,0.79687,1.04624,,0.99015175,2.301271416666667,0.30733599951670076,0.9350162426854148,-0.35460488704253545
National,1998-05-03,1998,18,0.908403,0.583457,39,,64.0,93,,13,209,136,35821,5,May,2,Spring,1.00238,0.717097,1.4004,,0.9791867500000001,1.8866347499999998,0.305444464786857,0.8854560256532099,-0.4647231720437685
National,1998-05-10,1998,19,0.443014,0.57764,79,,37.0,61,,9,186,131,32200,5,May,2,Spring,0.908403,1.00238,0.79687,,0.8561875,1.567685,0.12511786242451495,0.8229838658936565,-0.5680647467311557
National,1998-05-17,1998,20,0.638986,0.605216,54,,40.0,52,,19,165,120,27263,5,May,2,Spring,0.443014,0.908403,0.717097,,0.7677235000000001,1.317452,0.2468830334423167,0.7485107481711013,-0.663122658240795
National,1998-05-24,1998,21,0.0,0.0,0,0.0,0.0,0,0.0,0,0,0,0,5,May,2,Spring,0.638986,0.443014,1.00238,,0.74819575,1.1642016666666668,0.2551722724806324,0.6631226582407952,-0.7485107481711012
National,1998-05-31,1998,22,0.0,0.0,0,0.0,0.0,0,0.0,0,0,0,0,5,May,2,Spring,0.0,0.638986,0.908403,,0.49760075000000004,1.0260916666666666,0.38268111058634374,0.5680647467311558,-0.8229838658936564
National,1998-06-07,1998,23,0.0,0.0,0,0.0,0.0,0,0.0,0,0,0,0,6,June,2,Summer,0.0,0.0,0.443014,,0.2705000000000001,0.861965,0.32243010218859547,0.46472317204376906,-0.8854560256532096
National,1998-06-14,1998,24,0.0,0.0,0,0.0,0.0,0,0.0,0,0,0,0,6,June,2,Summer,0.0,0.0,0.638986,,0.1597465,0.7298441666666666,0.31949300000002356,0.35460488704253584,-0.9350162426854147
National,1998-06-21,1998,25,0.0,0.0,0,0.0,0.0,0,0.0,0,0,0,0,6,June,2,Summer,0.0,0.0,0.0,,0.0,0.5794491666666667,0.0,0.23931566428755768,-0.970941817426052
National,1998-06-28,1998,26,0.0,0.0,0,0.0,0.0,0,0.0,0,0,0,0,6,June,2,Summer,0.0,0.0,0.0,,0.0,0.4922625,0.0,0.12053668025532308,-0.992708874098054
National,1998-07-05,1998,27,0.0,0.0,0,0.0,0.0,0,0.0,0,0,0,0,7,July,3,Summer,0.0,0.0,0.0,,0.0,0.3755625,0.0,-3.216245299353273e-16,-1.0
National,1998-07-12,1998,28,0.0,0.0,0,0.0,0.0,0,0.0,0,0,0,0,7,July,3,Summer,0.0,0.0,0.0,,0.0,0.3091566666666667,0.0,-0.12053668025532283,-0.992708874098054
National,1998-07-19,1998,29,0.0,0.0,0,0.0,0.0,0,0.0,0,0,0,0,7,July,3,Summer,0.0,0.0,0.0,,0.0,0.24939858333333334,0.0,-0.23931566428755743,-0.9709418174260521
National,1998-07-26,1998,30,0.0,0.0,0,0.0,0.0,0,0.0,0,0,0,0,7,July,3,Summer,0.0,0.0,0.0,,0.0,0.16586691666666667,0.0,-0.3546048870425356,-0.9350162426854148
National,1998-08-02,1998,31,0.0,0.0,0,0.0,0.0,0,0.0,0,0,0,0,8,August,3,Summer,0.0,0.0,0.0,,0.0,0.09016666666666669,0.0,-0.46472317204376806,-0.8854560256532101
National,1998-08-09,1998,32,0.0,0.0,0,0.0,0.0,0,0.0,0,0,0,0,8,August,3,Summer,0.0,0.0,0.0,,0.0,0.053248833333333336,0.0,-0.5680647467311556,-0.8229838658936566
National,1998-08-16,1998,33,0.0,0.0,0,0.0,0.0,0,0.0,0,0,0,0,8,August,3,Summer,0.0,0.0,0.0,,0.0,0.0,0.0,-0.663122658240795,-0.7485107481711013
National,1998-08-23,1998,34,0.0,0.0,0,0.0,0.0,0,0.0,0,0,0,0,8,August,3,Summer,0.0,0.0,0.0,,0.0,0.0,0.0,-0.7485107481711011,-0.6631226582407952
National,1998-08-30,1998,35,0.0,0.0,0,0.0,0.0,0,0.0,0,0,0,0,8,August,3,Summer,0.0,0.0,0.0,,0.0,0.0,0.0,-0.8229838658936564,-0.5680647467311559
National,1998-09-06,1998,36,0.0,0.0,0,0.0,0.0,0,0.0,0,0,0,0,9,September,3,Autumn,0.0,0.0,0.0,,0.0,0.0,0.0,-0.8854560256532096,-0.4647231720437691
National,1998-09-13,1998,37,0.0,0.0,0,0.0,0.0,0,0.0,0,0,0,0,9,September,3,Autumn,0.0,0.0,0.0,,0.0,0.0,0.0,-0.9350162426854147,-0.3546048870425359
National,1998-09-20,1998,38,0.0,0.0,0,0.0,0.0,0,0.0,0,0,0,0,9,September,3,Autumn,0.0,0.0,0.0,,0.0,0.0,0.0,-0.970941817426052,-0.23931566428755774
National,1998-09-27,1998,39,0.0,0.0,0,0.0,0.0,0,0.0,0,0,0,0,9,September,3,Autumn,0.0,0.0,0.0,1.10148,0.0,0.0,0.0,-0.992708874098054,-0.12053668025532357
National,1998-10-04,1998,40,1.57733,0.697291,115,,139.0,210,,26,490,304,70272,10,October,4,Autumn,0.0,0.0,0.0,1.20007,0.0,0.0,0.0,-1.0,-1.8369701987210297e-16
National,1998-10-11,1998,41,1.3088,0.784777,133,,174.0,262,,36,605,328,77092,10,October,4,Autumn,1.57733,0.0,0.0,1.37876,0.3943325,0.13144416666666667,0.788665,-0.992708874098054,0.1205366802553232
National,1998-10-18,1998,42,1.41744,0.902906,217,,225.0,287,,54,783,350,86720,10,October,4,Autumn,1.3088,1.57733,0.0,1.1992,0.7215324999999999,0.2405108333333333,0.8403354042037817,-0.9709418174260521,0.23931566428755738
National,1998-10-25,1998,43,1.18272,1.13792,278,,226.0,530,,52,1086,377,95437,10,October,4,Autumn,1.41744,1.3088,0.0,1.65618,1.0758925,0.3586308333333333,0.7256915865285564,-0.9350162426854148,0.35460488704253557
National,1998-11-01,1998,44,2.33432,1.01551,298,,262.0,414,,60,1034,388,101821,11,November,4,Autumn,1.18272,1.41744,1.57733,1.41326,1.3715725,0.4571908333333334,0.167377447579813,-0.8854560256532101,0.464723172043768
National,1998-11-08,1998,45,1.81577,1.0009,258,,292.0,402,,70,1022,400,102108,11,November,4,Autumn,2.33432,1.18272,1.3088,1.9868,1.56082,0.6517175000000001,0.5245104907752876,-0.822983865893657,0.5680647467311548
National,1998-11-15,1998,46,2.17975,1.13895,355,,281.0,478,,64,1178,372,103429,11,November,4,Autumn,1.81577,2.33432,1.41744,2.44749,1.6875625,0.8030316666666666,0.5041707851099,-0.7485107481711011,0.6631226582407952
National,1998-11-22,1998,47,2.1124,1.44938,291,,322.0,512,,83,1208,403,83346,11,November,4,Autumn,2.17975,1.81577,1.18272,1.73901,1.8781400000000001,0.9846775,0.512044196595046,-0.6631226582407955,0.7485107481711007
National,1998-11-29,1998,48,2.04854,1.13908,319,,310.0,453,,94,1176,392,103241,11,November,4,Autumn,2.1124,2.17975,2.33432,1.93919,2.11056,1.1607108333333334,0.21737856640739153,-0.5680647467311559,0.8229838658936564
National,1998-12-06,1998,49,1.93248,1.16023,353,,303.0,461,,85,1202,399,103600,12,December,4,Winter,2.04854,2.1124,1.81577,2.28166,2.0391150000000002,1.3314225,0.15824107568306256,-0.4647231720437684,0.88545602565321
National,1998-12-13,1998,50,1.90468,1.17127,312,,320.0,426,,83,1141,396,97416,12,December,4,Winter,1.93248,2.04854,2.17975,2.50761,2.0682925,1.4924625,0.1052036790785669,-0.35460488704253595,0.9350162426854147
National,1998-12-20,1998,51,2.55983,1.49061,335,,296.0,359,,74,1064,384,71380,12,December,4,Winter,1.90468,1.93248,2.1124,4.11352,1.9995249999999998,1.6511858333333331,0.09769654019803396,-0.2393156642875578,0.970941817426052
National,1998-12-27,1998,52,3.99108,1.84288,418,,466.0,377,,162,1423,382,77216,12,December,4,Winter,2.55983,1.90468,2.04854,5.62372,2.1113825,1.864505,0.305388478321737,-0.12053668025532363,0.992708874098054
National,1999-01-03,1999,1,3.08581,1.8239,439,,659.0,548,,134,1780,396,97593,1,January,1,Winter,3.99108,2.55983,1.93248,4.37398,2.5970174999999998,2.065650833333333,0.9773662682391214,0.0,1.0
National,1999-01-10,1999,2,4.16383,2.54354,431,,962.0,874,,140,2407,396,94632,1,January,1,Winter,3.08581,3.99108,1.90468,4.19434,2.88535,2.213735,0.8813814845268001,0.12053668025532305,0.992708874098054
National,1999-01-17,1999,3,5.58049,3.61581,801,,1168.0,1689,,206,3864,399,106864,1,January,1,Winter,4.16383,3.08581,2.55983,5.42123,3.4501375000000003,2.442600833333333,0.758805584383553,0.23931566428755774,0.970941817426052
National,1999-01-24,1999,4,5.25328,4.07912,755,,1419.0,2185,,186,4545,397,111421,1,January,1,Winter,5.58049,4.16383,3.99108,5.66137,4.2053025,2.8090816666666663,1.031506239353402,0.3546048870425356,0.9350162426854148
National,1999-01-31,1999,5,6.74667,5.0776,970,,1562.0,2919,,219,5670,397,111667,1,January,1,Winter,5.25328,5.58049,3.08581,5.97802,4.5208525,3.0523283333333335,1.1322681832609258,0.4647231720437685,0.8854560256532099
National,1999-02-07,1999,6,7.57188,5.04884,1029,,1591.0,2911,,237,5768,379,114244,2,February,1,Winter,6.74667,5.25328,4.16383,4.7358,5.4360675,3.463236666666667,1.0630986624133234,0.5680647467311558,0.8229838658936564
National,1999-02-14,1999,7,6.87287,4.69331,822,,1599.0,2275,,224,4920,376,104830,2,February,1,Winter,7.57188,6.74667,5.58049,3.44581,6.28808,3.9125808333333336,1.069258602365831,0.6631226582407952,0.7485107481711011
National,1999-02-21,1999,8,6.35098,4.23423,800,,1520.0,1932,,234,4486,352,105946,2,February,1,Winter,6.87287,7.57188,5.25328,2.47799,6.611174999999999,4.309286666666667,0.9753078310803533,0.7485107481711011,0.6631226582407953
National,1999-02-28,1999,9,5.41099,4.02363,769,,1357.0,1543,,241,3910,359,97176,2,February,1,Winter,6.35098,6.87287,6.74667,1.65732,6.8856,4.667823333333334,0.508678805206844,0.8229838658936564,0.5680647467311559
National,1999-03-07,1999,10,4.55008,2.99348,539,,1041.0,1140,,202,2922,351,97612,3,March,1,Spring,5.41099,6.35098,7.57188,1.96952,6.55168,4.957699166666667,0.9102060613216457,0.8854560256532099,0.4647231720437686
National,1999-03-14,1999,11,3.85915,2.37759,458,,704.0,778,,130,2070,339,87063,3,March,1,Spring,4.55008,5.41099,6.87287,1.58545,5.7962299999999995,5.178149166666667,1.027651194423477,0.9350162426854148,0.35460488704253557
National,1999-03-21,1999,12,2.99601,2.01715,378,,548.0,641,,129,1696,321,84079,3,March,1,Spring,3.85915,4.55008,6.35098,1.80474,5.042800000000001,5.286425833333333,1.0786873364418448,0.970941817426052,0.23931566428755804
National,1999-03-28,1999,13,1.97814,1.37688,243,,382.0,397,,69,1091,313,79237,3,March,1,Spring,2.99601,3.85915,5.41099,1.04624,4.2040575,5.203503333333333,1.0254686044072754,0.992708874098054,0.120536680255323
National,1999-04-04,1999,14,1.16887,0.88283,127,,202.0,265,,38,632,277,71588,4,April,2,Spring,1.97814,2.99601,4.55008,1.4004,3.3458449999999997,5.1111975,1.1115552846499994,1.0,-1.6081226496766366e-16
National,1999-04-11,1999,15,1.09302,0.613811,102,,102.0,175,,17,396,268,64515,4,April,2,Spring,1.16887,1.97814,3.85915,0.79687,2.5005425,4.8616175,1.174387556966755,0.992708874098054,-0.12053668025532288
National,1999-04-18,1999,16,0.633169,0.42177,59,,66.0,133,,13,271,258,64253,4,April,2,Spring,1.09302,1.16887,2.99601,0.717097,1.8090100000000002,4.487661666666667,0.886941346538773,0.9709418174260521,-0.2393156642875575
National,1999-04-25,1999,17,0.639561,0.615513,111,,118.0,150,,20,399,255,64824,4,April,2,Spring,0.633169,1.09302,1.97814,1.00238,1.2182997500000001,4.1026524166666665,0.5591283442588088,0.9350162426854148,-0.35460488704253545
National,1999-05-02,1999,18,1.55531,0.302287,35,,50.0,84,,11,180,237,59546,5,May,2,Spring,0.639561,0.633169,1.16887,0.908403,0.883655,3.5937266666666665,0.28723185552328245,0.8854560256532099,-0.4647231720437685
National,1999-05-09,1999,19,0.80802,0.522623,102,,88.0,86,,16,292,227,55872,5,May,2,Spring,1.55531,0.639561,1.09302,0.443014,0.980265,3.092345833333333,0.43967612734907596,0.8229838658936565,-0.5680647467311557
National,1999-05-16,1999,20,1.33997,0.529526,100,,68.0,100,,15,283,222,53444,5,May,2,Spring,0.80802,1.55531,0.633169,0.638986,0.9090149999999999,2.5869416666666667,0.4384038058236733,0.7485107481711013,-0.663122658240795
National,1999-05-23,1999,21,0.0,0.0,0,0.0,0.0,0,0.0,0,0,0,0,5,May,2,Spring,1.33997,0.80802,0.639561,0.0,1.08571525,2.1693575000000003,0.4325632800684743,0.6631226582407952,-0.7485107481711012
National,1999-05-30,1999,22,0.0,0.0,0,0.0,0.0,0,0.0,0,0,0,0,5,May,2,Spring,0.0,1.33997,1.55531,0.0,0.925825,1.7184416666666669,0.6925309607760132,0.5680647467311558,-0.8229838658936564
National,1999-06-06,1999,23,0.0,0.0,0,0.0,0.0,0,0.0,0,0,0,0,6,June,2,Summer,0.0,0.0,0.80802,0.0,0.5369975,1.3392683333333333,0.6570009287855045,0.46472317204376906,-0.8854560256532096
National,1999-06-13,1999,24,0.0,0.0,0,0.0,0.0,0,0.0,0,0,0,0,6,June,2,Summer,0.0,0.0,1.33997,0.0,0.3349925,1.0176725,0.669985000000012,0.35460488704253584,-0.9350162426854147
National,1999-06-20,1999,25,0.0,0.0,0,0.0,0.0,0,0.0,0,0,0,0,6,June,2,Summer,0.0,0.0,0.0,0.0,0.0,0.7680049999999999,0.0,0.23931566428755768,-0.970941817426052
National,1999-06-27,1999,26,0.0,0.0,0,0.0,0.0,0,0.0,0,0,0,0,6,June,2,Summer,0.0,0.0,0.0,0.0,0.0,0.60316,0.0,0.12053668025532308,-0.992708874098054
National,1999-07-04,1999,27,0.0,0.0,0,0.0,0.0,0,0.0,0,0,0,0,7,July,3,Summer,0.0,0.0,0.0,0.0,0.0,0.5057541666666666,0.0,-3.216245299353273e-16,-1.0
National,1999-07-11,1999,28,0.0,0.0,0,0.0,0.0,0,0.0,0,0,0,0,7,July,3,Summer,0.0,0.0,0.0,0.0,0.0,0.41466916666666664,0.0,-0.12053668025532283,-0.992708874098054
National,1999-07-18,1999,29,0.0,0.0,0,0.0,0.0,0,0.0,0,0,0,0,7,July,3,Summer,0.0,0.0,0.0,0.0,0.0,0.3619050833333333,0.0,-0.23931566428755743,-0.9709418174260521
National,1999-07-25,1999,30,0.0,0.0,0,0.0,0.0,0,0.0,0,0,0,0,7,July,3,Summer,0.0,0.0,0.0,0.0,0.0,0.3086083333333333,0.0,-0.3546048870425356,-0.9350162426854148
National,1999-08-01,1999,31,0.0,0.0,0,0.0,0.0,0,0.0,0,0,0,0,8,August,3,Summer,0.0,0.0,0.0,0.0,0.0,0.17899916666666668,0.0,-0.46472317204376806,-0.8854560256532101
National,1999-08-08,1999,32,0.0,0.0,0,0.0,0.0,0,0.0,0,0,0,0,8,August,3,Summer,0.0,0.0,0.0,0.0,0.0,0.11166416666666668,0.0,-0.5680647467311556,-0.8229838658936566
National,1999-08-15,1999,33,0.0,0.0,0,0.0,0.0,0,0.0,0,0,0,0,8,August,3,Summer,0.0,0.0,0.0,0.0,0.0,0.0,0.0,-0.663122658240795,-0.7485107481711013
National,1999-08-22,1999,34,0.0,0.0,0,0.0,0.0,0,0.0,0,0,0,0,8,August,3,Summer,0.0,0.0,0.0,0.0,0.0,0.0,0.0,-0.7485107481711011,-0.6631226582407952
National,1999-08-29,1999,35,0.0,0.0,0,0.0,0.0,0,0.0,0,0,0,0,8,August,3,Summer,0.0,0.0,0.0,0.0,0.0,0.0,0.0,-0.8229838658936564,-0.5680647467311559
National,1999-09-05,1999,36,0.0,0.0,0,0.0,0.0,0,0.0,0,0,0,0,9,September,3,Autumn,0.0,0.0,0.0,0.0,0.0,0.0,0.0,-0.8854560256532096,-0.4647231720437691
National,1999-09-12,1999,37,0.0,0.0,0,0.0,0.0,0,0.0,0,0,0,0,9,September,3,Autumn,0.0,0.0,0.0,0.0,0.0,0.0,0.0,-0.9350162426854147,-0.3546048870425359
National,1999-09-19,1999,38,0.0,0.0,0,0.0,0.0,0,0.0,0,0,0,0,9,September,3,Autumn,0.0,0.0,0.0,0.0,0.0,0.0,0.0,-0.970941817426052,-0.23931566428755774
National,1999-09-26,1999,39,0.0,0.0,0,0.0,0.0,0,0.0,0,0,0,0,9,September,3,Autumn,0.0,0.0,0.0,0.0,0.0,0.0,0.0,-0.992708874098054,-0.12053668025532357
National,1999-10-03,1999,40,0.831219,0.977255,264,,228.0,273,,26,791,316,80941,10,October,4,Autumn,0.0,0.0,0.0,1.57733,0.0,0.0,0.0,-1.0,-1.8369701987210297e-16
National,1999-10-10,1999,41,1.40445,1.06706,292,,297.0,351,,57,997,361,93434,10,October,4,Autumn,0.831219,0.0,0.0,1.3088,0.20780475,0.06926825,0.4156095,-0.992708874098054,0.1205366802553232
National,1999-10-17,1999,42,1.31721,0.942688,346,,293.0,371,,57,1067,386,113187,10,October,4,Autumn,1.40445,0.831219,0.0,1.41744,0.55891725,0.18630575000000002,0.686500997588678,-0.9709418174260521,0.23931566428755738
National,1999-10-24,1999,43,1.38161,1.01621,371,,289.0,367,,62,1089,355,107163,10,October,4,Autumn,1.31721,1.40445,0.0,1.18272,0.88821975,0.29607325,0.6436121283818772,-0.9350162426854148,0.35460488704253557
National,1999-10-31,1999,44,1.41607,1.19439,438,,434.0,607,,91,1570,449,131448,10,October,4,Autumn,1.38161,1.31721,0.831219,2.33432,1.23362225,0.41120741666666666,0.2707999149930628,-0.8854560256532101,0.464723172043768
National,1999-11-07,1999,45,1.48438,1.24149,473,,461.0,535,,101,1570,456,126461,11,November,4,Autumn,1.41607,1.38161,1.40445,1.81577,1.379835,0.52921325,0.04413583087092284,-0.822983865893657,0.5680647467311548
National,1999-11-14,1999,46,1.52614,1.28568,443,,544.0,622,,92,1701,459,132304,11,November,4,Autumn,1.48438,1.41607,1.31721,2.17975,1.3998174999999997,0.6529115833333333,0.06969091828686656,-0.7485107481711011,0.6631226582407952
National,1999-11-21,1999,47,1.85336,1.69132,483,,714.0,504,,132,1833,455,108377,11,November,4,Autumn,1.52614,1.48438,1.38161,2.1124,1.45205,0.7800899166666667,0.06529653130144096,-0.6631226582407955,0.7485107481711007
National,1999-11-28,1999,48,2.32907,1.73731,518,,994.0,835,,137,2484,469,142980,11,November,4,Autumn,1.85336,1.52614,1.41607,2.04854,1.5699874999999999,0.9345365833333333,0.19428657345529587,-0.5680647467311559,0.8229838658936564
National,1999-12-05,1999,49,2.70254,2.33715,643,,1316.0,1124,,181,3264,480,139657,12,December,4,Winter,2.32907,1.85336,1.48438,1.93248,1.7982375000000002,1.12862575,0.3904549538145643,-0.4647231720437684,0.88545602565321
National,1999-12-12,1999,50,3.50454,2.93022,828,,1676.0,1405,,299,4208,475,143607,12,December,4,Winter,2.70254,2.32907,1.52614,1.90468,2.1027775,1.3538374166666667,0.5182159291501952,-0.35460488704253595,0.9350162426854147
National,1999-12-19,1999,51,5.40799,4.41985,1130,,2189.0,1399,,450,5168,472,116927,12,December,4,Winter,3.50454,2.70254,1.85336,2.55983,2.5973775,1.6458824166666668,0.6975084008275455,-0.2393156642875578,0.970941817426052
National,1999-12-26,1999,52,7.04228,5.64698,1339,,3146.0,1697,,664,6846,471,121233,12,December,4,Winter,5.40799,3.50454,2.32907,3.99108,3.4860349999999998,2.09654825,1.37194337629753,-0.12053668025532363,0.992708874098054
National,2000-01-02,2000,1,6.76846,5.15025,1314,,3250.0,2043,,665,7272,482,141197,1,January,1,Winter,7.04228,5.40799,2.70254,3.08581,4.6643375,2.6141366666666666,1.9494793532355414,0.0,1.0
National,2000-01-09,2000,2,5.52808,3.90316,1011,,2251.0,1746,,462,5470,467,140143,1,January,1,Winter,6.76846,7.04228,3.50454,4.16383,5.6808175,3.0611374999999996,1.617319278773262,0.12053668025532305,0.992708874098054
National,2000-01-16,2000,3,3.80508,2.91178,851,,1357.0,1334,,315,3857,450,132462,1,January,1,Winter,5.52808,6.76846,5.40799,5.58049,6.186702499999999,3.4120433333333335,0.8387751789514267,0.23931566428755774,0.970941817426052
National,2000-01-23,2000,4,3.41177,2.1567,722,,962.0,1048,,169,2901,433,134511,1,January,1,Winter,3.80508,5.52808,7.04228,5.25328,5.785975,3.6139991666666664,1.4758086890808932,0.3546048870425356,0.9350162426854148
National,2000-01-30,2000,5,2.4,1.81295,633,,786.0,914,,145,2478,441,136683,1,January,1,Winter,3.41177,3.80508,6.76846,6.74667,4.878347499999999,3.7803075000000006,1.55963994501669,0.4647231720437685,0.8854560256532099
National,2000-02-06,2000,6,1.8912,1.6166,599,,646.0,862,,116,2223,437,137511,2,February,1,Winter,2.4,3.41177,5.52808,7.57188,3.7862325,3.856609166666667,1.3033611228250064,0.5680647467311558,0.8229838658936564
National,2000-02-13,2000,7,1.35503,1.26702,539,,447.0,610,,72,1668,413,131648,2,February,1,Winter,1.8912,2.4,3.80508,6.87287,2.8770125,3.8870308333333328,0.8844286439419475,0.6631226582407952,0.7485107481711011
National,2000-02-20,2000,8,1.33212,1.14107,452,,328.0,481,,64,1325,382,116119,2,February,1,Winter,1.35503,1.8912,3.41177,6.35098,2.2645,3.8455033333333333,0.8758000673289109,0.7485107481711011,0.6631226582407953
National,2000-02-27,2000,9,1.49127,1.23509,499,,360.0,477,,49,1385,370,112138,2,February,1,Winter,1.33212,1.35503,2.4,5.41099,1.7445875,3.762424166666667,0.5075907980105536,0.8229838658936564,0.5680647467311559
National,2000-03-05,2000,10,1.26826,1.01933,381,,256.0,394,,57,1088,363,106737,3,March,1,Spring,1.49127,1.33212,1.8912,4.55008,1.5174050000000001,3.6614850000000003,0.25890919392711886,0.8854560256532099,0.4647231720437686
National,2000-03-12,2000,11,1.05854,0.926459,342,,206.0,342,,44,934,338,100814,3,March,1,Spring,1.26826,1.49127,1.35503,3.85915,1.36167,3.4751283333333336,0.0938773671693928,0.9350162426854148,0.35460488704253557
National,2000-03-19,2000,12,0.92201,0.911006,305,,229.0,346,,37,917,326,100658,3,March,1,Spring,1.05854,1.26826,1.33212,2.99601,1.2875475,3.1126741666666664,0.1791703169937948,0.970941817426052,0.23931566428755804
National,2000-03-26,2000,13,0.892334,0.823722,282,,206.0,320,,29,837,320,101612,3,March,1,Spring,0.92201,1.05854,1.49127,1.97814,1.18502,2.6026516666666666,0.2489239580005444,0.992708874098054,0.120536680255323
National,2000-04-02,2000,14,0.929201,0.725443,186,,171.0,286,,23,666,295,91806,4,April,2,Spring,0.892334,0.92201,1.26826,1.16887,1.035286,2.1129745,0.17135184044529522,1.0,-1.6081226496766366e-16
National,2000-04-09,2000,15,0.655592,0.579775,178,,127.0,196,,21,522,289,90035,4,April,2,Spring,0.929201,0.892334,1.05854,1.09302,0.9505212500000001,1.7297345833333333,0.07375918214188527,0.992708874098054,-0.12053668025532288
National,2000-04-16,2000,16,0.607002,0.451177,107,,96.0,120,,24,347,280,76910,4,April,2,Spring,0.655592,0.929201,0.92201,0.633169,0.84978425,1.4672772500000002,0.1304411621239235,0.9709418174260521,-0.2393156642875575
National,2000-04-23,2000,17,0.600003,0.438685,112,,80.0,141,,14,347,274,79100,4,April,2,Spring,0.607002,0.655592,0.892334,0.639561,0.7710322500000001,1.2335465833333334,0.1632624086807481,0.9350162426854148,-0.35460488704253545
National,2000-04-30,2000,18,0.547247,0.440517,93,,77.0,147,,7,324,257,73550,4,April,2,Spring,0.600003,0.607002,0.929201,1.55531,0.6979495,1.0835468333333333,0.15613709646436646,0.8854560256532099,-0.4647231720437685
National,2000-05-07,2000,19,0.476417,0.351667,67,,77.0,85,,10,239,248,67962,5,May,2,Spring,0.547247,0.600003,0.655592,0.80802,0.6024609999999999,0.9715507499999999,0.04434016765104509,0.8229838658936565,-0.5680647467311557
National,2000-05-14,2000,20,0.445917,0.36646,79,,64.0,65,,11,219,233,59761,5,May,2,Spring,0.476417,0.547247,0.607002,1.33997,0.55766725,0.898333,0.06037774982203921,0.7485107481711013,-0.663122658240795
National,2000-05-21,2000,21,0.0,0.0,0,0.0,0.0,0,0.0,0,0,0,0,5,May,2,Spring,0.445917,0.476417,0.600003,0.0,0.517396,0.82448275,0.06953062762065881,0.6631226582407952,-0.7485107481711012
National,2000-05-28,2000,22,0.0,0.0,0,0.0,0.0,0,0.0,0,0,0,0,5,May,2,Spring,0.0,0.445917,0.547247,0.0,0.36739525,0.70021025,0.2485808580031307,0.5680647467311558,-0.8229838658936564
National,2000-06-04,2000,23,0.0,0.0,0,0.0,0.0,0,0.0,0,0,0,0,6,June,2,Summer,0.0,0.0,0.476417,0.0,0.2305835,0.5945219166666668,0.26654588528617207,0.46472317204376906,-0.8854560256532096
National,2000-06-11,2000,24,0.0,0.0,0,0.0,0.0,0,0.0,0,0,0,0,6,June,2,Summer,0.0,0.0,0.445917,0.0,0.11147925,0.50631025,0.22295849999997555,0.35460488704253584,-0.9350162426854147
National,2000-06-18,2000,25,0.0,0.0,0,0.0,0.0,0,0.0,0,0,0,0,6,June,2,Summer,0.0,0.0,0.0,0.0,0.0,0.4294760833333333,0.0,0.23931566428755768,-0.970941817426052
National,2000-06-25,2000,26,0.0,0.0,0,0.0,0.0,0,0.0,0,0,0,0,6,June,2,Summer,0.0,0.0,0.0,0.0,0.0,0.35511491666666667,0.0,0.12053668025532308,-0.992708874098054
National,2000-07-02,2000,27,0.0,0.0,0,0.0,0.0,0,0.0,0,0,0,0,7,July,3,Summer,0.0,0.0,0.0,0.0,0.0,0.27768149999999997,0.0,-3.216245299353273e-16,-1.0
National,2000-07-09,2000,28,0.0,0.0,0,0.0,0.0,0,0.0,0,0,0,0,7,July,3,Summer,0.0,0.0,0.0,0.0,0.0,0.22304883333333334,0.0,-0.12053668025532283,-0.992708874098054
National,2000-07-16,2000,29,0.0,0.0,0,0.0,0.0,0,0.0,0,0,0,0,7,July,3,Summer,0.0,0.0,0.0,0.0,0.0,0.17246533333333333,0.0,-0.23931566428755743,-0.9709418174260521
National,2000-07-23,2000,30,0.0,0.0,0,0.0,0.0,0,0.0,0,0,0,0,7,July,3,Summer,0.0,0.0,0.0,0.0,0.0,0.12246508333333334,0.0,-0.3546048870425356,-0.9350162426854148
National,2000-07-30,2000,31,0.0,0.0,0,0.0,0.0,0,0.0,0,0,0,0,7,July,3,Summer,0.0,0.0,0.0,0.0,0.0,0.07686116666666666,0.0,-0.46472317204376806,-0.8854560256532101
National,2000-08-06,2000,32,0.0,0.0,0,0.0,0.0,0,0.0,0,0,0,0,8,August,3,Summer,0.0,0.0,0.0,0.0,0.0,0.03715975,0.0,-0.5680647467311556,-0.8229838658936566
National,2000-08-13,2000,33,0.0,0.0,0,0.0,0.0,0,0.0,0,0,0,0,8,August,3,Summer,0.0,0.0,0.0,0.0,0.0,0.0,0.0,-0.663122658240795,-0.7485107481711013
National,2000-08-20,2000,34,0.0,0.0,0,0.0,0.0,0,0.0,0,0,0,0,8,August,3,Summer,0.0,0.0,0.0,0.0,0.0,0.0,0.0,-0.7485107481711011,-0.6631226582407952
National,2000-08-27,2000,35,0.0,0.0,0,0.0,0.0,0,0.0,0,0,0,0,8,August,3,Summer,0.0,0.0,0.0,0.0,0.0,0.0,0.0,-0.8229838658936564,-0.5680647467311559
National,2000-09-03,2000,36,0.0,0.0,0,0.0,0.0,0,0.0,0,0,0,0,9,September,3,Autumn,0.0,0.0,0.0,0.0,0.0,0.0,0.0,-0.8854560256532096,-0.4647231720437691
National,2000-09-10,2000,37,0.0,0.0,0,0.0,0.0,0,0.0,0,0,0,0,9,September,3,Autumn,0.0,0.0,0.0,0.0,0.0,0.0,0.0,-0.9350162426854147,-0.3546048870425359
National,2000-09-17,2000,38,0.0,0.0,0,0.0,0.0,0,0.0,0,0,0,0,9,September,3,Autumn,0.0,0.0,0.0,0.0,0.0,0.0,0.0,-0.970941817426052,-0.23931566428755774
National,2000-09-24,2000,39,0.0,0.0,0,0.0,0.0,0,0.0,0,0,0,0,9,September,3,Autumn,0.0,0.0,0.0,0.0,0.0,0.0,0.0,-0.992708874098054,-0.12053668025532357
National,2000-10-01,2000,40,1.04113,1.22865,206,,322.0,443,,70,1041,337,84727,10,October,4,Autumn,0.0,0.0,0.0,0.831219,0.0,0.0,0.0,-1.0,-1.8369701987210297e-16
National,2000-10-08,2000,41,1.2871,1.05545,270,,389.0,489,,86,1234,451,116917,10,October,4,Autumn,1.04113,0.0,0.0,1.40445,0.2602825,0.08676083333333334,0.520565,-0.992708874098054,0.1205366802553232
National,2000-10-15,2000,42,1.28299,1.15984,390,,458.0,617,,96,1561,487,134587,10,October,4,Autumn,1.2871,1.04113,0.0,1.31721,0.5820575,0.19401916666666666,0.6795622006544605,-0.9709418174260521,0.23931566428755738
National,2000-10-22,2000,43,1.34081,1.22688,411,,564.0,683,,123,1781,507,145165,10,October,4,Autumn,1.28299,1.2871,0.0,1.38161,0.9028050000000001,0.300935,0.6127571446339896,-0.9350162426854148,0.35460488704253557
National,2000-10-29,2000,44,1.0555,1.24107,465,,564.0,703,,138,1870,526,150676,10,October,4,Autumn,1.34081,1.28299,1.04113,1.41607,1.2380075000000001,0.4126691666666667,0.13386884486317166,-0.8854560256532101,0.464723172043768
National,2000-11-05,2000,45,1.14136,1.4316,564,,635.0,849,,181,2229,545,155700,11,November,4,Autumn,1.0555,1.34081,1.2871,1.48438,1.2416,0.5006275,0.12683219386259909,-0.822983865893657,0.5680647467311548
National,2000-11-12,2000,46,1.44111,1.49427,572,,736.0,979,,162,2449,571,163893,11,November,4,Autumn,1.14136,1.0555,1.28299,1.52614,1.205165,0.5957408333333333,0.13029068385728862,-0.7485107481711011,0.6631226582407952
National,2000-11-19,2000,47,1.95735,1.84268,704,,646.0,913,,154,2417,569,131168,11,November,4,Autumn,1.44111,1.14136,1.34081,1.85336,1.244695,0.7158333333333333,0.17728490789310464,-0.6631226582407955,0.7485107481711007
National,2000-11-26,2000,48,1.61928,1.59762,673,,900.0,1085,,196,2854,581,178641,11,November,4,Autumn,1.95735,1.44111,1.0555,2.32907,1.39883,0.8789458333333333,0.40738944455316134,-0.5680647467311559,0.8229838658936564
National,2000-12-03,2000,49,1.7844,1.73473,710,,916.0,1232,,239,3097,595,178529,12,December,4,Winter,1.61928,1.95735,1.14136,2.70254,1.539775,1.0138858333333334,0.34115452026904186,-0.4647231720437684,0.88545602565321
National,2000-12-10,2000,50,2.34423,2.04538,677,,1077.0,1455,,185,3394,600,165935,12,December,4,Winter,1.7844,1.61928,1.44111,3.50454,1.700535,1.1625858333333332,0.22127734339511632,-0.35460488704253595,0.9350162426854147
National,2000-12-17,2000,51,2.69528,2.41051,767,,1052.0,1337,,205,3361,585,139431,12,December,4,Winter,2.34423,1.7844,1.95735,5.40799,1.926315,1.3579383333333332,0.31092682788720627,-0.2393156642875578,0.970941817426052
National,2000-12-24,2000,52,3.8618,3.38334,1059,,1496.0,1335,,262,4152,587,122719,12,December,4,Winter,2.69528,2.34423,1.61928,7.04228,2.1107975,1.5825449999999999,0.49807472855486296,-0.12053668025532363,0.992708874098054
National,2000-12-31,2001,1,3.505,3.2288,1049,,1855.0,1571,,321,4796,591,148538,12,December,4,Winter,3.8618,2.69528,1.7844,6.76846,2.6714275,1.8176008333333336,0.8777683104090361,0.0,1.0
National,2001-01-07,2001,2,3.43804,3.11951,1081,,1722.0,2423,,318,5544,611,177720,1,January,1,Winter,3.505,3.8618,2.34423,5.52808,3.1015775000000003,2.002425833333333,0.7022204917913372,0.12053668025532305,0.992708874098054
National,2001-01-14,2001,3,4.3928,3.80424,1395,,1806.0,3223,,293,6717,617,176566,1,January,1,Winter,3.43804,3.505,2.69528,3.80508,3.37503,2.1820133333333334,0.48985288825660117,0.23931566428755774,0.970941817426052
National,2001-01-21,2001,4,4.21339,4.18681,1542,,1991.0,4057,,318,7908,626,188879,1,January,1,Winter,4.3928,3.43804,3.8618,3.41177,3.79941,2.436345833333333,0.43713831876573633,0.3546048870425356,0.9350162426854148
National,2001-01-28,2001,5,4.35364,3.9865,1329,,1958.0,3705,,295,7287,578,182792,1,January,1,Winter,4.21339,4.3928,3.505,2.4,3.8873075000000004,2.699503333333334,0.4864335430714058,0.4647231720437685,0.8854560256532099
National,2001-02-04,2001,6,3.69969,3.60607,1370,,1731.0,3017,,358,6476,566,179586,2,February,1,Winter,4.35364,4.21339,3.43804,1.8912,4.0994675,2.967193333333333,0.44762792922806005,0.5680647467311558,0.8229838658936564
National,2001-02-11,2001,7,2.81921,2.81015,1059,,1393.0,2126,,254,4832,566,171948,2,February,1,Winter,3.69969,4.35364,4.3928,1.35503,4.16488,3.1554083333333334,0.31954802466400534,0.6631226582407952,0.7485107481711011
National,2001-02-18,2001,8,2.55294,2.41561,834,,1278.0,1566,,245,3923,540,162402,2,February,1,Winter,2.81921,3.69969,4.21339,1.33212,3.7714825,3.22723,0.6943022086178811,0.7485107481711011,0.6631226582407953
National,2001-02-25,2001,9,1.90167,1.73272,683,,752.0,1008,,163,2606,511,150399,2,February,1,Winter,2.55294,2.81921,4.35364,1.49127,3.35637,3.305035,0.8259250784827078,0.8229838658936564,0.5680647467311559
National,2001-03-04,2001,10,1.68033,1.64319,622,,854.0,934,,152,2562,510,155916,3,March,1,Spring,1.90167,2.55294,3.69969,1.26826,2.7433775,3.3148075,0.7449881705268878,0.8854560256532099,0.4647231720437686
National,2001-03-11,2001,11,1.6254,1.35803,524,,522.0,762,,135,1943,472,143075,3,March,1,Spring,1.68033,1.90167,2.81921,1.05854,2.2385375,3.2594825000000003,0.5357564153838928,0.9350162426854148,0.35460488704253557
National,2001-03-18,2001,12,1.45957,1.39027,485,,507.0,751,,136,1879,460,135154,3,March,1,Spring,1.6254,1.68033,2.55294,0.92201,1.940085,3.170325833333333,0.4256627274028085,0.970941817426052,0.23931566428755804
National,2001-03-25,2001,13,1.32376,1.2237,465,,419.0,575,,131,1590,442,129934,3,March,1,Spring,1.45957,1.6254,1.90167,0.892334,1.6667425,2.9701400000000002,0.18257893039723144,0.992708874098054,0.120536680255323
National,2001-04-01,2001,14,0.920073,1.11908,288,,421.0,421,,126,1256,371,112235,4,April,2,Spring,1.32376,1.45957,1.68033,0.929201,1.522265,2.78837,0.16223056688962806,1.0,-1.6081226496766366e-16
National,2001-04-08,2001,15,0.779257,0.938967,219,,305.0,344,,82,950,349,101175,4,April,2,Spring,0.920073,1.32376,1.6254,0.655592,1.3322007500000002,2.5785394166666666,0.3011695284645835,0.992708874098054,-0.12053668025532288
National,2001-04-15,2001,16,0.991303,0.944308,234,,344.0,331,,88,997,342,105580,4,April,2,Spring,0.779257,0.920073,1.45957,0.607002,1.120665,2.2774108333333336,0.32295549279427926,0.9709418174260521,-0.2393156642875575
National,2001-04-22,2001,17,0.82693,0.742603,198,,253.0,274,,46,771,334,103824,4,April,2,Spring,0.991303,0.779257,1.32376,0.600003,1.00359825,2.0089035833333333,0.23091137056941452,0.9350162426854148,-0.35460488704253545
National,2001-04-29,2001,18,0.588952,0.735456,173,,225.0,265,,71,734,322,99802,4,April,2,Spring,0.82693,0.991303,0.920073,0.547247,0.87939075,1.7150110833333334,0.09479503387965622,0.8854560256532099,-0.4647231720437685
National,2001-05-06,2001,19,0.605586,0.725155,165,,196.0,250,,60,671,293,92532,5,May,2,Spring,0.588952,0.82693,0.779257,0.476417,0.7966105000000001,1.4557829166666665,0.165577412127968,0.8229838658936565,-0.5680647467311557
National,2001-05-13,2001,20,0.49434,0.670346,94,,159.0,179,,38,470,262,70113,5,May,2,Spring,0.605586,0.588952,0.991303,0.445917,0.75319275,1.27131425,0.19226409770481037,0.7485107481711013,-0.663122658240795
National,2001-05-20,2001,21,0.0,0.0,0,0.0,0.0,0,0.0,0,0,0,0,5,May,2,Spring,0.49434,0.605586,0.82693,0.0,0.628952,1.09976425,0.1407854739002852,0.6631226582407952,-0.7485107481711012
National,2001-05-27,2001,22,0.0,0.0,0,0.0,0.0,0,0.0,0,0,0,0,5,May,2,Spring,0.0,0.49434,0.588952,0.0,0.4222195,0.94129175,0.28571178518394025,0.5680647467311558,-0.8229838658936564
National,2001-06-03,2001,23,0.0,0.0,0,0.0,0.0,0,0.0,0,0,0,0,6,June,2,Summer,0.0,0.0,0.605586,0.0,0.2749815,0.80126425,0.3207528319578701,0.46472317204376906,-0.8854560256532096
National,2001-06-10,2001,24,0.0,0.0,0,0.0,0.0,0,0.0,0,0,0,0,6,June,2,Summer,0.0,0.0,0.49434,0.0,0.123585,0.66581425,0.24716999999998632,0.35460488704253584,-0.9350162426854147
National,2001-06-17,2001,25,0.0,0.0,0,0.0,0.0,0,0.0,0,0,0,0,6,June,2,Summer,0.0,0.0,0.0,0.0,0.0,0.5441834166666667,0.0,0.23931566428755768,-0.970941817426052
National,2001-06-24,2001,26,0.0,0.0,0,0.0,0.0,0,0.0,0,0,0,0,6,June,2,Summer,0.0,0.0,0.0,0.0,0.0,0.4338700833333333,0.0,0.12053668025532308,-0.992708874098054
National,2001-07-01,2001,27,0.0,0.0,0,0.0,0.0,0,0.0,0,0,0,0,7,July,3,Summer,0.0,0.0,0.0,0.0,0.0,0.3571973333333333,0.0,-3.216245299353273e-16,-1.0
National,2001-07-08,2001,28,0.0,0.0,0,0.0,0.0,0,0.0,0,0,0,0,7,July,3,Summer,0.0,0.0,0.0,0.0,0.0,0.29225925,0.0,-0.12053668025532283,-0.992708874098054
National,2001-07-15,2001,29,0.0,0.0,0,0.0,0.0,0,0.0,0,0,0,0,7,July,3,Summer,0.0,0.0,0.0,0.0,0.0,0.20965066666666665,0.0,-0.23931566428755743,-0.9709418174260521
National,2001-07-22,2001,30,0.0,0.0,0,0.0,0.0,0,0.0,0,0,0,0,7,July,3,Summer,0.0,0.0,0.0,0.0,0.0,0.14073983333333334,0.0,-0.3546048870425356,-0.9350162426854148
National,2001-07-29,2001,31,0.0,0.0,0,0.0,0.0,0,0.0,0,0,0,0,7,July,3,Summer,0.0,0.0,0.0,0.0,0.0,0.09166049999999999,0.0,-0.46472317204376806,-0.8854560256532101
National,2001-08-05,2001,32,0.0,0.0,0,0.0,0.0,0,0.0,0,0,0,0,8,August,3,Summer,0.0,0.0,0.0,0.0,0.0,0.041195,0.0,-0.5680647467311556,-0.8229838658936566
National,2001-08-12,2001,33,0.0,0.0,0,0.0,0.0,0,0.0,0,0,0,0,8,August,3,Summer,0.0,0.0,0.0,0.0,0.0,0.0,0.0,-0.663122658240795,-0.7485107481711013
National,2001-08-19,2001,34,0.0,0.0,0,0.0,0.0,0,0.0,0,0,0,0,8,August,3,Summer,0.0,0.0,0.0,0.0,0.0,0.0,0.0,-0.7485107481711011,-0.6631226582407952
National,2001-08-26,2001,35,0.0,0.0,0,0.0,0.0,0,0.0,0,0,0,0,8,August,3,Summer,0.0,0.0,0.0,0.0,0.0,0.0,0.0,-0.8229838658936564,-0.5680647467311559
National,2001-09-02,2001,36,0.0,0.0,0,0.0,0.0,0,0.0,0,0,0,0,9,September,3,Autumn,0.0,0.0,0.0,0.0,0.0,0.0,0.0,-0.8854560256532096,-0.4647231720437691
National,2001-09-09,2001,37,0.0,0.0,0,0.0,0.0,0,0.0,0,0,0,0,9,September,3,Autumn,0.0,0.0,0.0,0.0,0.0,0.0,0.0,-0.9350162426854147,-0.3546048870425359
National,2001-09-16,2001,38,0.0,0.0,0,0.0,0.0,0,0.0,0,0,0,0,9,September,3,Autumn,0.0,0.0,0.0,0.0,0.0,0.0,0.0,-0.970941817426052,-0.23931566428755774
National,2001-09-23,2001,39,0.0,0.0,0,0.0,0.0,0,0.0,0,0,0,0,9,September,3,Autumn,0.0,0.0,0.0,0.0,0.0,0.0,0.0,-0.992708874098054,-0.12053668025532357
National,2001-09-30,2001,40,1.41046,0.997404,429,,372.0,485,,82,1368,607,137156,9,September,3,Autumn,0.0,0.0,0.0,1.04113,0.0,0.0,0.0,-1.0,-1.8369701987210297e-16
National,2001-10-07,2001,41,1.77019,1.09692,479,,526.0,628,,114,1747,646,159264,10,October,4,Autumn,1.41046,0.0,0.0,1.2871,0.352615,0.11753833333333334,0.70523,-0.992708874098054,0.1205366802553232
National,2001-10-14,2001,42,1.61904,1.1679,562,,560.0,697,,113,1932,690,165425,10,October,4,Autumn,1.77019,1.41046,0.0,1.28299,0.7951625,0.26505416666666665,0.9298452276364778,-0.9709418174260521,0.23931566428755738
National,2001-10-21,2001,43,1.77065,1.26256,567,,643.0,876,,118,2204,710,174566,10,October,4,Autumn,1.61904,1.77019,0.0,1.34081,1.1999225,0.3999741666666667,0.8134298874262816,-0.9350162426854148,0.35460488704253557
National,2001-10-28,2001,44,1.93891,1.30014,655,,665.0,883,,168,2371,746,182365,10,October,4,Autumn,1.77065,1.61904,1.41046,1.0555,1.642585,0.5475283333333333,0.1704113287509567,-0.8854560256532101,0.464723172043768
National,2001-11-04,2001,45,1.63439,1.21838,626,,687.0,865,,149,2327,758,190992,11,November,4,Autumn,1.93891,1.77065,1.77019,1.14136,1.7746974999999998,0.7091041666666666,0.13067989168830324,-0.822983865893657,0.5680647467311548
National,2001-11-11,2001,46,1.90363,1.33993,693,,811.0,862,,142,2508,770,187174,11,November,4,Autumn,1.63439,1.93891,1.61904,1.44111,1.7407475,0.8453033333333333,0.14864630197777087,-0.7485107481711011,0.6631226582407952
National,2001-11-18,2001,47,1.80556,1.47679,602,,698.0,643,,147,2090,764,141523,11,November,4,Autumn,1.90363,1.63439,1.77065,1.95735,1.811895,1.0039391666666666,0.13875313269736775,-0.6631226582407955,0.7485107481711007
National,2001-11-25,2001,48,1.75506,1.41042,638,,877.0,866,,185,2566,728,181932,11,November,4,Autumn,1.80556,1.90363,1.93891,1.61928,1.8206225,1.1544025,0.13637155211040175,-0.5680647467311559,0.8229838658936564
National,2001-12-02,2001,49,1.53023,1.26322,602,,676.0,848,,149,2275,762,180095,12,December,4,Winter,1.75506,1.80556,1.63439,1.7844,1.7746600000000001,1.3006575,0.11202366386914273,-0.4647231720437684,0.88545602565321
National,2001-12-09,2001,50,1.46161,1.26864,666,,570.0,780,,153,2169,756,170971,12,December,4,Winter,1.53023,1.75506,1.90363,2.34423,1.7486199999999998,1.4281766666666666,0.15812013302127803,-0.35460488704253595,0.9350162426854147
National,2001-12-16,2001,51,1.96048,1.53452,707,,684.0,725,,162,2278,696,148450,12,December,4,Winter,1.46161,1.53023,1.80556,2.69528,1.638115,1.5499775,0.16783637795980524,-0.2393156642875578,0.970941817426052
National,2001-12-23,2001,52,2.20435,2.12774,719,,718.0,656,,172,2265,691,106451,12,December,4,Winter,1.96048,1.46161,1.75506,3.8618,1.6768450000000001,1.7133508333333334,0.22685418437107707,-0.12053668025532363,0.992708874098054
National,2001-12-30,2002,1,2.1348,1.94142,785,,808.0,752,,223,2568,728,132274,12,December,4,Winter,2.20435,1.96048,1.53023,3.505,1.7891675,1.7795083333333332,0.3540560340186282,0.0,1.0
National,2002-01-06,2002,2,1.89441,1.67397,837,,869.0,969,,200,2875,742,171747,1,January,1,Winter,2.1348,2.20435,1.46161,3.43804,1.94031,1.8098925000000001,0.3352133651870106,0.12053668025532305,0.992708874098054
National,2002-01-13,2002,3,2.83109,2.06831,1067,,948.0,1533,,195,3743,749,180969,1,January,1,Winter,1.89441,2.1348,1.96048,4.3928,2.04851,1.83284,0.1451759399257799,0.23931566428755774,0.970941817426052
National,2002-01-20,2002,4,3.30481,2.87301,1460,,1156.0,2004,,177,4797,728,166968,1,January,1,Winter,2.83109,1.89441,2.20435,4.21339,2.2661625,1.9212099999999996,0.39934107939412805,0.3546048870425356,0.9350162426854148
National,2002-01-27,2002,5,3.61063,2.94909,1556,,1415.0,2351,,235,5557,729,188431,1,January,1,Winter,3.30481,2.83109,2.1348,4.35364,2.5412774999999996,2.035035,0.6456610783465792,0.4647231720437685,0.8854560256532099
National,2002-02-03,2002,6,3.42799,2.92857,1542,,1478.0,2330,,274,5624,728,192039,2,February,1,Winter,3.61063,3.30481,1.89441,3.69969,2.910235,2.1997216666666666,0.749312339926861,0.5680647467311558,0.8229838658936564
National,2002-02-10,2002,7,3.76715,3.16382,1557,,1573.0,2436,,358,5924,712,187242,2,February,1,Winter,3.42799,3.61063,2.83109,2.81921,3.2936300000000003,2.3267516666666666,0.33297139696977174,0.6631226582407952,0.7485107481711011
National,2002-02-17,2002,8,3.60018,3.12121,1509,,1544.0,2359,,348,5760,708,184544,2,February,1,Winter,3.76715,3.42799,3.30481,2.55294,3.527645,2.4902175,0.20317128365003198,0.7485107481711011,0.6631226582407953
National,2002-02-24,2002,9,3.20024,2.73515,1208,,1529.0,1997,,370,5104,707,186608,2,February,1,Winter,3.60018,3.76715,3.61063,1.90167,3.6014874999999997,2.6439774999999996,0.1386010356803604,0.8229838658936564,0.5680647467311559
National,2002-03-03,2002,10,2.92633,2.15302,848,,1007.0,1558,,218,3631,674,168647,3,March,1,Spring,3.20024,3.60018,3.42799,1.68033,3.4988900000000003,2.7831449999999998,0.24251578931415654,0.8854560256532099,0.4647231720437686
National,2002-03-10,2002,11,2.85857,1.92136,731,,832.0,1252,,162,2977,652,154942,3,March,1,Spring,2.92633,3.20024,3.76715,1.6254,3.373475,2.905205,0.3813677922513491,0.9350162426854148,0.35460488704253557
National,2002-03-17,2002,12,2.34745,1.62731,567,,607.0,1092,,151,2417,617,148527,3,March,1,Spring,2.85857,2.92633,3.60018,1.45957,3.14633,2.9800458333333335,0.33669567277686824,0.970941817426052,0.23931566428755804
National,2002-03-24,2002,13,2.23498,1.46179,547,,488.0,913,,131,2079,582,142223,3,March,1,Spring,2.34745,2.85857,3.20024,1.32376,2.8331475,2.9919708333333332,0.35589710445342776,0.992708874098054,0.120536680255323
National,2002-03-31,2002,14,1.99355,1.1937,397,,449.0,692,,117,1655,575,138645,3,March,1,Spring,2.23498,2.34745,2.92633,0.920073,2.5918324999999998,3.000319166666667,0.35123780380961295,1.0,-1.6081226496766366e-16
National,2002-04-07,2002,15,1.37168,0.895415,327,,292.0,467,,83,1169,551,130554,4,April,2,Spring,1.99355,2.23498,2.85857,0.779257,2.3586375,3.0085808333333333,0.36452605058943743,0.992708874098054,-0.12053668025532288
National,2002-04-14,2002,16,1.27033,0.817901,247,,262.0,442,,67,1018,523,124465,4,April,2,Spring,1.37168,1.99355,2.34745,0.991303,1.9869149999999998,2.8869633333333335,0.43592042809821674,0.9709418174260521,-0.2393156642875575
National,2002-04-21,2002,17,0.999331,0.705896,235,,155.0,389,,51,830,504,117581,4,April,2,Spring,1.27033,1.37168,2.23498,0.82693,1.717635,2.717423333333333,0.47029833131038445,0.9350162426854148,-0.35460488704253545
National,2002-04-28,2002,18,1.172,0.611215,209,,147.0,269,,47,672,475,109945,4,April,2,Spring,0.999331,1.27033,1.99355,0.588952,1.40872275,2.4998150833333335,0.4203765121454594,0.8854560256532099,-0.4647231720437685
National,2002-05-05,2002,19,1.03472,0.630622,169,,156.0,302,,46,673,458,106720,5,May,2,Spring,1.172,0.999331,1.37168,0.605586,1.2033352499999999,2.3118159166666667,0.1585642701354291,0.8229838658936565,-0.5680647467311557
National,2002-05-12,2002,20,0.703599,0.573579,159,,142.0,236,,39,576,449,100422,5,May,2,Spring,1.03472,1.172,1.27033,0.49434,1.11909525,2.0841134166666664,0.12534422014429386,0.7485107481711013,-0.663122658240795
National,2002-05-19,2002,21,0.0,0.0,0,0.0,0.0,0,0.0,0,0,0,0,5,May,2,Spring,0.703599,1.03472,0.999331,0.0,0.9774125,1.8427316666666667,0.19714858874885305,0.6631226582407952,-0.7485107481711012
National,2002-05-26,2002,22,0.0,0.0,0,0.0,0.0,0,0.0,0,0,0,0,5,May,2,Spring,0.0,0.703599,1.172,0.0,0.7275797500000001,1.576045,0.5233838173401817,0.5680647467311558,-0.8229838658936564
National,2002-06-02,2002,23,0.0,0.0,0,0.0,0.0,0,0.0,0,0,0,0,6,June,2,Summer,0.0,0.0,1.03472,0.0,0.43457975000000004,1.3321841666666667,0.5196982440996382,0.46472317204376906,-0.8854560256532096
National,2002-06-09,2002,24,0.0,0.0,0,0.0,0.0,0,0.0,0,0,0,0,6,June,2,Summer,0.0,0.0,0.703599,0.0,0.17589975,1.0939699999999999,0.35179949999999527,0.35460488704253584,-0.9350162426854147
National,2002-06-16,2002,25,0.0,0.0,0,0.0,0.0,0,0.0,0,0,0,0,6,June,2,Summer,0.0,0.0,0.0,0.0,0.0,0.8983491666666668,0.0,0.23931566428755768,-0.970941817426052
National,2002-06-23,2002,26,0.0,0.0,0,0.0,0.0,0,0.0,0,0,0,0,6,June,2,Summer,0.0,0.0,0.0,0.0,0.0,0.7121008333333334,0.0,0.12053668025532308,-0.992708874098054
National,2002-06-30,2002,27,0.0,0.0,0,0.0,0.0,0,0.0,0,0,0,0,6,June,2,Summer,0.0,0.0,0.0,0.0,0.0,0.5459716666666666,0.0,-3.216245299353273e-16,-1.0
National,2002-07-07,2002,28,0.0,0.0,0,0.0,0.0,0,0.0,0,0,0,0,7,July,3,Summer,0.0,0.0,0.0,0.0,0.0,0.431665,0.0,-0.12053668025532283,-0.992708874098054
National,2002-07-14,2002,29,0.0,0.0,0,0.0,0.0,0,0.0,0,0,0,0,7,July,3,Summer,0.0,0.0,0.0,0.0,0.0,0.3258041666666667,0.0,-0.23931566428755743,-0.9709418174260521
National,2002-07-21,2002,30,0.0,0.0,0,0.0,0.0,0,0.0,0,0,0,0,7,July,3,Summer,0.0,0.0,0.0,0.0,0.0,0.24252658333333335,0.0,-0.3546048870425356,-0.9350162426854148
National,2002-07-28,2002,31,0.0,0.0,0,0.0,0.0,0,0.0,0,0,0,0,7,July,3,Summer,0.0,0.0,0.0,0.0,0.0,0.14485991666666667,0.0,-0.46472317204376806,-0.8854560256532101
National,2002-08-04,2002,32,0.0,0.0,0,0.0,0.0,0,0.0,0,0,0,0,8,August,3,Summer,0.0,0.0,0.0,0.0,0.0,0.05863325,0.0,-0.5680647467311556,-0.8229838658936566
National,2002-08-11,2002,33,0.0,0.0,0,0.0,0.0,0,0.0,0,0,0,0,8,August,3,Summer,0.0,0.0,0.0,0.0,0.0,0.0,0.0,-0.663122658240795,-0.7485107481711013
National,2002-08-18,2002,34,0.0,0.0,0,0.0,0.0,0,0.0,0,0,0,0,8,August,3,Summer,0.0,0.0,0.0,0.0,0.0,0.0,0.0,-0.7485107481711011,-0.6631226582407952
National,2002-08-25,2002,35,0.0,0.0,0,0.0,0.0,0,0.0,0,0,0,0,8,August,3,Summer,0.0,0.0,0.0,0.0,0.0,0.0,0.0,-0.8229838658936564,-0.5680647467311559
National,2002-09-01,2002,36,0.0,0.0,0,0.0,0.0,0,0.0,0,0,0,0,9,September,3,Autumn,0.0,0.0,0.0,0.0,0.0,0.0,0.0,-0.8854560256532096,-0.4647231720437691
National,2002-09-08,2002,37,0.0,0.0,0,0.0,0.0,0,0.0,0,0,0,0,9,September,3,Autumn,0.0,0.0,0.0,0.0,0.0,0.0,0.0,-0.9350162426854147,-0.3546048870425359
National,2002-09-15,2002,38,0.0,0.0,0,0.0,0.0,0,0.0,0,0,0,0,9,September,3,Autumn,0.0,0.0,0.0,0.0,0.0,0.0,0.0,-0.970941817426052,-0.23931566428755774
National,2002-09-22,2002,39,0.0,0.0,0,0.0,0.0,0,0.0,0,0,0,0,9,September,3,Autumn,0.0,0.0,0.0,0.0,0.0,0.0,0.0,-0.992708874098054,-0.12053668025532357
National,2002-09-29,2002,40,1.22262,1.16668,582,,524.0,805,,149,2060,754,176569,9,September,3,Autumn,0.0,0.0,0.0,1.41046,0.0,0.0,0.0,-1.0,-1.8369701987210297e-16
National,2002-10-06,2002,41,1.33344,1.2165,683,,585.0,872,,127,2267,785,186355,10,October,4,Autumn,1.22262,0.0,0.0,1.77019,0.305655,0.101885,0.61131,-0.992708874098054,0.1205366802553232
National,2002-10-13,2002,42,1.31929,1.13057,642,,543.0,878,,113,2176,831,192469,10,October,4,Autumn,1.33344,1.22262,0.0,1.61904,0.639015,0.213005,0.7392566575283579,-0.9709418174260521,0.23931566428755738
National,2002-10-20,2002,43,1.49484,1.25246,728,,672.0,1045,,154,2599,863,207512,10,October,4,Autumn,1.31929,1.33344,0.0,1.77065,0.9688375,0.3229458333333333,0.6477663149817223,-0.9350162426854148,0.35460488704253557
National,2002-10-27,2002,44,1.47195,1.30237,823,,741.0,1189,,154,2907,909,223208,10,October,4,Autumn,1.49484,1.31929,1.22262,1.93891,1.3425475,0.44751583333333333,0.11284128776737688,-0.8854560256532101,0.464723172043768
National,2002-11-03,2002,45,1.58094,1.40551,887,,886.0,1272,,180,3225,930,229454,11,November,4,Autumn,1.47195,1.49484,1.33344,1.63439,1.40488,0.5701783333333333,0.0913245279210354,-0.822983865893657,0.5680647467311548
National,2002-11-10,2002,46,1.49426,1.38437,851,,898.0,1173,,175,3097,923,223712,11,November,4,Autumn,1.58094,1.47195,1.31929,1.90363,1.466755,0.7019233333333333,0.10893407134592921,-0.7485107481711011,0.6631226582407952
National,2002-11-17,2002,47,1.40569,1.32563,802,,817.0,1166,,182,2967,922,223818,11,November,4,Autumn,1.49426,1.58094,1.49484,1.80556,1.5104975,0.826445,0.04815554407334664,-0.6631226582407955,0.7485107481711007
National,2002-11-24,2002,48,1.6141,1.43475,834,,711.0,978,,186,2709,918,188814,11,November,4,Autumn,1.40569,1.49426,1.47195,1.75506,1.48821,0.9435858333333332,0.07236341939589827,-0.5680647467311559,0.8229838658936564
National,2002-12-01,2002,49,1.45967,1.25433,857,,869.0,1117,,206,3049,937,243078,12,December,4,Winter,1.6141,1.40569,1.58094,1.53023,1.5237475000000003,1.0780941666666666,0.09352654217743067,-0.4647231720437684,0.88545602565321
National,2002-12-08,2002,50,1.59896,1.25757,804,,792.0,1179,,182,2957,928,235136,12,December,4,Winter,1.45967,1.6141,1.49426,1.46161,1.49343,1.1997333333333333,0.0883175765820901,-0.35460488704253595,0.9350162426854147
National,2002-12-15,2002,51,2.16697,1.58017,951,,849.0,1404,,212,3416,908,216179,12,December,4,Winter,1.59896,1.45967,1.40569,1.96048,1.5196049999999999,1.33298,0.10294877771655847,-0.2393156642875578,0.970941817426052
National,2002-12-22,2002,52,2.57842,1.98008,915,,828.0,937,,177,2857,865,144287,12,December,4,Winter,2.16697,1.59896,1.6141,2.20435,1.7099250000000001,1.5135608333333332,0.3125237905077525,-0.12053668025532363,0.992708874098054
National,2002-12-29,2003,1,2.38636,1.90428,1028,,962.0,1019,,251,3260,879,171193,12,December,4,Winter,2.57842,2.16697,1.45967,2.1348,1.9510049999999999,1.626544166666667,0.5182136714072042,0.0,1.0
National,2003-01-05,2003,2,1.73621,1.5901,1068,,1091.0,1296,,274,3729,926,234513,1,January,1,Winter,2.38636,2.57842,1.59896,1.89441,2.1826775,1.7142875000000002,0.4238991753058746,0.12053668025532305,0.992708874098054
National,2003-01-12,2003,3,2.06296,1.81559,1154,,1011.0,1798,,241,4204,902,231550,1,January,1,Winter,1.73621,2.38636,2.16697,2.83109,2.21699,1.7490308333333333,0.3619250615804335,0.23931566428755774,0.970941817426052
National,2003-01-19,2003,4,2.58113,2.41801,1373,,1104.0,2998,,221,5696,927,235566,1,January,1,Winter,2.06296,1.73621,2.57842,3.30481,2.1909875,1.7963741666666666,0.3703547718404619,0.3546048870425356,0.9350162426854148
National,2003-01-26,2003,5,2.93909,2.86635,1411,,1322.0,4064,,282,7079,884,246969,1,January,1,Winter,2.58113,2.06296,2.38636,3.61063,2.191665,1.8888058333333333,0.3713010293997767,0.4647231720437685,0.8854560256532099
National,2003-02-02,2003,6,3.22539,3.16662,1606,,1421.0,4447,,308,7782,889,245751,2,February,1,Winter,2.93909,2.58113,1.73621,3.42799,2.3298475,2.001985,0.5347752604833181,0.5680647467311558,0.8229838658936564
National,2003-02-09,2003,7,3.06982,3.0155,1568,,1566.0,4224,,291,7649,903,253656,2,February,1,Winter,3.22539,2.93909,2.06296,3.76715,2.7021425,2.1462458333333334,0.5010423659648631,0.6631226582407952,0.7485107481711011
National,2003-02-16,2003,8,3.20044,2.9978,1694,,1537.0,3689,,308,7228,871,241110,2,February,1,Winter,3.06982,3.22539,2.58113,3.60018,2.9538575,2.2849233333333334,0.27466407863364245,0.7485107481711011,0.6631226582407953
National,2003-02-23,2003,9,2.44888,2.31957,1336,,1400.0,2583,,287,5606,857,241683,2,February,1,Winter,3.20044,3.06982,2.93909,3.20024,3.108685,2.4171183333333333,0.1320504818872987,0.8229838658936564,0.5680647467311559
National,2003-03-02,2003,10,2.1344,1.94707,1015,,1085.0,2103,,247,4450,839,228549,3,March,1,Spring,2.44888,3.20044,3.22539,2.92633,2.9861325,2.4995525,0.3646074154827366,0.8854560256532099,0.4647231720437686
National,2003-03-09,2003,11,1.99866,1.72985,880,,987.0,1669,,274,3810,835,220250,3,March,1,Spring,2.1344,2.44888,3.06982,2.85857,2.7133849999999997,2.5441724999999997,0.5064434840137648,0.9350162426854148,0.35460488704253557
National,2003-03-16,2003,12,1.93849,1.51837,737,,773.0,1321,,156,2987,795,196724,3,March,1,Spring,1.99866,2.1344,3.20044,2.34745,2.445595,2.5301466666666665,0.5373995991500801,0.970941817426052,0.23931566428755804
National,2003-03-23,2003,13,1.41293,1.22616,624,,640.0,1016,,159,2439,775,198913,3,March,1,Spring,1.93849,1.99866,2.44888,2.23498,2.1301075,2.4768191666666666,0.22776453036341354,0.992708874098054,0.120536680255323
National,2003-03-30,2003,14,1.23472,1.05433,506,,541.0,846,,135,2028,741,192349,3,March,1,Spring,1.41293,1.93849,2.1344,1.99355,1.8711200000000001,2.3957,0.31625917799593717,1.0,-1.6081226496766366e-16
National,2003-04-06,2003,15,1.20005,1.07108,569,,551.0,799,,163,2082,735,194383,4,April,2,Spring,1.23472,1.41293,1.99866,1.37168,1.6462,2.3539091666666665,0.3800842796889466,0.992708874098054,-0.12053668025532288
National,2003-04-13,2003,16,0.910135,0.82612,440,,382.0,539,,106,1467,669,177577,4,April,2,Spring,1.20005,1.23472,1.93849,1.27033,1.4465475,2.282,0.3409640581620468,0.9709418174260521,-0.2393156642875575
National,2003-04-20,2003,17,0.932265,0.820505,429,,394.0,508,,114,1445,682,176111,4,April,2,Spring,0.910135,1.20005,1.41293,0.999331,1.18945875,2.142750416666667,0.20826418496606902,0.9350162426854148,-0.35460488704253545
National,2003-04-27,2003,18,0.692175,0.630846,275,,272.0,444,,84,1075,655,170406,4,April,2,Spring,0.932265,0.910135,1.23472,1.172,1.0692925,1.975515,0.17182493719383127,0.8854560256532099,-0.4647231720437685
National,2003-05-04,2003,19,0.669406,0.63935,215,,245.0,471,,74,1005,613,157191,5,May,2,Spring,0.692175,0.932265,1.20005,1.03472,0.93365625,1.7644137500000001,0.20803365826931403,0.8229838658936565,-0.5680647467311557
National,2003-05-11,2003,20,0.727705,0.586609,248,,235.0,283,,70,836,547,142514,5,May,2,Spring,0.669406,0.692175,0.910135,0.703599,0.80099525,1.56437925,0.13940445930306553,0.7485107481711013,-0.663122658240795
National,2003-05-18,2003,21,0.717701,0.773024,264,,169.0,262,,45,740,406,95728,5,May,2,Spring,0.727705,0.669406,0.932265,0.0,0.7553877499999999,1.358318,0.12033371557290143,0.6631226582407952,-0.7485107481711012
National,2003-05-25,2003,22,0.789394,0.790743,213,,179.0,205,,44,641,393,81063,5,May,2,Spring,0.717701,0.727705,0.692175,0.0,0.70174675,1.2140530833333334,0.02624189617602223,0.5680647467311558,-0.8229838658936564
National,2003-06-01,2003,23,0.722129,0.711847,201,,133.0,195,,34,563,344,79090,6,June,2,Summer,0.789394,0.717701,0.669406,0.0,0.7260515000000001,1.10196925,0.04930669288237178,0.46472317204376906,-0.8854560256532096
National,2003-06-08,2003,24,0.591326,0.794637,198,,180.0,187,,55,620,341,78023,6,June,2,Summer,0.722129,0.789394,0.727705,0.0,0.73923225,0.9955916666666668,0.03369072346477438,0.35460488704253584,-0.9350162426854147
National,2003-06-15,2003,25,0.52307,0.586604,139,,127.0,123,,34,423,322,72110,6,June,2,Summer,0.591326,0.722129,0.717701,0.0,0.7051375000000001,0.883328,0.0826614943186758,0.23931566428755768,-0.970941817426052
National,2003-06-22,2003,26,0.450236,0.615982,122,,163.0,124,,32,441,322,71593,6,June,2,Summer,0.52307,0.591326,0.789394,0.0,0.65647975,0.809173,0.12113242672483009,0.12053668025532308,-0.992708874098054
National,2003-06-29,2003,27,0.397421,0.491507,109,,94.0,91,,24,318,310,64699,6,June,2,Summer,0.450236,0.52307,0.722129,0.0,0.5716902500000001,0.7437993333333334,0.11566106191906628,-3.216245299353273e-16,-1.0
National,2003-07-06,2003,28,0.448002,0.604341,137,,120.0,141,,43,441,308,72972,7,July,3,Summer,0.397421,0.450236,0.591326,0.0,0.49051325,0.6769135833333334,0.08467895529732193,-0.12053668025532283,-0.992708874098054
National,2003-07-13,2003,29,0.474767,0.524478,98,,116.0,98,,53,365,301,69593,7,July,3,Summer,0.448002,0.397421,0.52307,0.0,0.45468225,0.6384025000000001,0.05170470636456357,-0.23931566428755743,-0.9709418174260521
National,2003-07-20,2003,30,0.453251,0.590692,112,,121.0,139,,48,420,302,71103,7,July,3,Summer,0.474767,0.448002,0.450236,0.0,0.4426065,0.6002776666666667,0.03247228490568077,-0.3546048870425356,-0.9350162426854148
National,2003-07-27,2003,31,0.352158,0.505135,100,,102.0,120,,39,361,290,71466,7,July,3,Summer,0.453251,0.474767,0.397421,0.0,0.44336025,0.5803673333333333,0.03274228364432917,-0.46472317204376806,-0.8854560256532101
National,2003-08-03,2003,32,0.525322,0.634271,136,,136.0,125,,46,443,295,69844,8,August,3,Summer,0.352158,0.453251,0.448002,0.0,0.43204450000000005,0.55393,0.05450205603763042,-0.5680647467311556,-0.8229838658936566
National,2003-08-10,2003,33,0.492991,0.610118,120,,133.0,131,,37,421,283,69003,8,August,3,Summer,0.525322,0.352158,0.474767,0.0,0.4513745,0.53706475,0.07271606181348378,-0.663122658240795,-0.7485107481711013
National,2003-08-17,2003,34,0.542728,0.641227,159,,120.0,144,,27,450,277,70178,8,August,3,Summer,0.492991,0.525322,0.453251,0.0,0.4559305,0.5183389166666666,0.07519878635764281,-0.7485107481711011,-0.6631226582407952
National,2003-08-24,2003,35,0.490347,0.661429,166,,112.0,155,,30,463,276,70000,8,August,3,Summer,0.542728,0.492991,0.352158,0.0,0.47829975,0.49778341666666676,0.0865826489791448,-0.8229838658936564,-0.5680647467311559
National,2003-08-31,2003,36,0.735914,0.792681,177,,124.0,182,,36,519,271,65474,8,August,3,Summer,0.490347,0.542728,0.525322,0.0,0.5128469999999999,0.47846825,0.025488628327077694,-0.8854560256532096,-0.4647231720437691
National,2003-09-07,2003,37,0.581771,0.639059,145,,122.0,184,,24,475,267,74328,9,September,3,Autumn,0.735914,0.490347,0.492991,0.0,0.565495,0.49051724999999996,0.11613931830634584,-0.9350162426854147,-0.3546048870425359
National,2003-09-14,2003,38,0.654162,0.636732,136,,116.0,183,,26,461,264,72401,9,September,3,Autumn,0.581771,0.735914,0.542728,0.0,0.58769,0.49540900000000004,0.10567659758273248,-0.970941817426052,-0.23931566428755774
National,2003-09-21,2003,39,0.749504,0.747829,135,,143.0,221,,34,533,268,71273,9,September,3,Autumn,0.654162,0.581771,0.490347,0.0,0.6155485,0.5124028333333334,0.10455491552447224,-0.992708874098054,-0.12053668025532357
National,2003-09-28,2003,40,0.884021,0.960873,808,,607.0,881,,146,2442,830,254144,9,September,3,Autumn,0.749504,0.654162,0.735914,1.22262,0.6803377500000001,0.5417430833333333,0.07804542223760705,-1.0,-1.8369701987210297e-16
National,2003-10-05,2003,41,1.02773,1.04325,913,,696.0,1132,,191,2932,931,281045,10,October,4,Autumn,0.884021,0.749504,0.581771,1.33344,0.7173645,0.578078,0.13062349163529685,-0.992708874098054,0.1205366802553232
National,2003-10-12,2003,42,1.28296,1.0545,878,,811.0,1147,,195,3031,974,287436,10,October,4,Autumn,1.02773,0.884021,0.654162,1.31929,0.82885425,0.6241582499999999,0.16269478441623994,-0.9709418174260521,0.23931566428755738
National,2003-10-19,2003,43,1.32661,1.11231,1006,,884.0,1369,,216,3475,1007,312412,10,October,4,Autumn,1.28296,1.02773,0.749504,1.49484,0.98605375,0.6933006666666667,0.22822262333135876,-0.9350162426854148,0.35460488704253557
National,2003-10-26,2003,44,1.77304,1.41274,1207,,1127.0,2080,,276,4690,1074,331980,10,October,4,Autumn,1.32661,1.28296,0.884021,1.47195,1.13033025,0.774505,0.21056799280417948,-0.8854560256532101,0.464723172043768
National,2003-11-02,2003,45,2.43814,1.72703,1542,,1249.0,2735,,264,5790,1111,335258,11,November,4,Autumn,1.77304,1.32661,1.02773,1.58094,1.352585,0.8784815,0.30975017853101916,-0.822983865893657,0.5680647467311548
National,2003-11-09,2003,46,2.72605,2.407,2185,,1757.0,4133,,310,8385,1141,348359,11,November,4,Autumn,2.43814,1.77304,1.28296,1.49426,1.7051875,1.0405772500000001,0.5364762542974285,-0.7485107481711011,0.6631226582407952
National,2003-11-16,2003,47,3.73192,3.10962,2561,,2425.0,5684,,471,11141,1129,358275,11,November,4,Autumn,2.72605,2.43814,1.32661,1.40569,2.06596,1.22252075,0.6342127165234075,-0.6631226582407955,0.7485107481711007
National,2003-11-23,2003,48,4.54894,4.30779,3247,,2890.0,4933,,672,11742,1118,272576,11,November,4,Autumn,3.73192,2.72605,1.77304,1.6141,2.6672875,1.4926518333333334,0.8142650181759016,-0.5680647467311559,0.8229838658936564
National,2003-11-30,2003,49,5.39906,4.8303,4734,,5330.0,7817,,1067,18948,1189,392274,11,November,4,Autumn,4.54894,3.73192,2.43814,1.45967,3.3612625,1.8104040000000001,0.9667152108170239,-0.4647231720437684,0.88545602565321
National,2003-12-07,2003,50,7.38735,6.42905,6620,,5573.0,11550,,1219,24962,1173,388269,12,December,4,Winter,5.39906,4.54894,2.72605,1.59896,4.101492500000001,2.21184475,1.1419743992861684,-0.35460488704253595,0.9350162426854147
National,2003-12-14,2003,51,7.48097,6.86734,6434,,5906.0,9851,,1508,23699,1148,345097,12,December,4,Winter,7.38735,5.39906,3.73192,2.16697,5.2668175,2.77294375,1.5690129171844553,-0.2393156642875578,0.970941817426052
National,2003-12-21,2003,52,7.62797,7.06496,5336,,4517.0,5231,,1331,16415,1122,232344,12,December,4,Winter,7.48097,7.38735,4.54894,2.57842,6.20408,3.33389925,1.4626598584998083,-0.12053668025532363,0.992708874098054
National,2003-12-28,2003,53,5.14051,4.55115,3391,,3827.0,2894,,1220,11332,1139,248992,12,December,4,Winter,7.62797,7.48097,5.39906,2.38636,6.9738375,3.895895,1.0545124406212645,6.432490598706546e-16,1.0
National,2004-01-04,2004,1,2.89129,2.41833,1930,,2605.0,2299,,768,7602,1160,314349,1,January,1,Winter,5.14051,7.62797,7.38735,1.73621,6.9092,4.238626666666667,1.183278353333096,0.0,1.0
National,2004-01-11,2004,2,2.10429,1.80906,1679,,1586.0,1857,,461,5583,1141,308614,1,January,1,Winter,2.89129,5.14051,7.48097,2.06296,5.785185,4.372654166666667,2.2406678653993644,0.12053668025532305,0.992708874098054
National,2004-01-18,2004,3,1.88696,1.71202,1721,,1276.0,1604,,360,4961,1084,289774,1,January,1,Winter,2.10429,2.89129,7.62797,2.58113,4.441015,4.437460833333334,2.4838080124612434,0.23931566428755774,0.970941817426052
National,2004-01-25,2004,4,1.7766,1.5425,1487,,1067.0,1543,,339,4436,1071,287586,1,January,1,Winter,1.88696,2.10429,5.14051,2.93909,3.0057625,4.446954166666667,1.4871250277268775,0.3546048870425356,0.9350162426854148
National,2004-02-01,2004,5,1.46001,1.43787,1454,,1047.0,1448,,302,4251,1054,295646,2,February,1,Winter,1.7766,1.88696,2.89129,3.22539,2.164785,4.391825833333333,0.5031048548430664,0.4647231720437685,0.8854560256532099
National,2004-02-08,2004,6,1.37787,1.32427,1420,,889.0,1297,,218,3824,986,288762,2,February,1,Winter,1.46001,1.7766,2.10429,3.06982,1.8069650000000002,4.2863225,0.26839098401398415,0.5680647467311558,0.8229838658936564
National,2004-02-15,2004,7,1.30532,1.30726,1301,,876.0,1255,,259,3691,1004,282347,2,February,1,Winter,1.37787,1.46001,1.88696,3.20044,1.62536,4.090151666666667,0.24488093719192158,0.6631226582407952,0.7485107481711011
National,2004-02-22,2004,8,1.08691,1.03698,956,,719.0,1038,,203,2916,948,281202,2,February,1,Winter,1.30532,1.37787,1.7766,2.44888,1.4799499999999999,3.81985,0.2076172675862805,0.7485107481711011,0.6631226582407953
National,2004-02-29,2004,9,0.991888,1.01032,925,,682.0,910,,227,2744,894,271597,2,February,1,Winter,1.08691,1.30532,1.46001,2.1344,1.3075275000000002,3.4605041666666665,0.16007907886934852,0.8229838658936564,0.5680647467311559
National,2004-03-07,2004,10,1.02765,1.05249,878,,764.0,888,,178,2708,897,257294,3,March,1,Spring,0.991888,1.08691,1.37787,1.99866,1.190497,2.9275489999999995,0.18117097257192888,0.8854560256532099,0.4647231720437686
National,2004-03-14,2004,11,1.0579,1.02009,730,,756.0,826,,175,2487,849,243802,3,March,1,Spring,1.02765,0.991888,1.30532,1.93849,1.102942,2.389772333333333,0.14049407589880164,0.9350162426854148,0.35460488704253557
National,2004-03-21,2004,12,0.849361,0.924419,760,,628.0,733,,179,2300,859,248805,3,March,1,Spring,1.0579,1.02765,1.08691,1.41293,1.041087,1.8422665000000003,0.04075748956929613,0.970941817426052,0.23931566428755804
National,2004-03-28,2004,13,0.747127,0.790645,610,,495.0,611,,142,1858,828,234998,3,March,1,Spring,0.849361,1.0579,0.991888,1.23472,0.98169975,1.48467075,0.09225914365655592,0.992708874098054,0.120536680255323
National,2004-04-04,2004,14,0.661708,0.80261,583,,440.0,566,,116,1705,774,212432,4,April,2,Spring,0.747127,0.849361,1.02765,1.20005,0.9205095,1.3059905,0.14773719525898266,1.0,-1.6081226496766366e-16
National,2004-04-11,2004,15,0.679514,0.83613,545,,500.0,573,,131,1749,755,209178,4,April,2,Spring,0.661708,0.747127,1.0579,0.910135,0.829024,1.1857753333333334,0.17078210231166024,0.992708874098054,-0.12053668025532288
National,2004-04-18,2004,16,0.633071,0.792436,501,,461.0,511,,142,1615,679,203802,4,April,2,Spring,0.679514,0.661708,0.849361,0.932265,0.7344275,1.0851548333333334,0.08499922526111622,0.9709418174260521,-0.2393156642875575
National,2004-04-25,2004,17,0.569894,0.683588,470,,349.0,404,,108,1331,658,194708,4,April,2,Spring,0.633071,0.679514,0.747127,0.692175,0.680355,0.9898607500000001,0.048451675340725524,0.9350162426854148,-0.35460488704253545
National,2004-05-02,2004,18,0.591357,0.757452,435,,383.0,491,,85,1394,629,184038,5,May,2,Spring,0.569894,0.633071,0.661708,0.669406,0.63604675,0.9156844166666667,0.04807266373147573,0.8854560256532099,-0.4647231720437685
National,2004-05-09,2004,19,0.589044,0.788585,449,,361.0,443,,74,1327,599,168276,5,May,2,Spring,0.591357,0.569894,0.679514,0.727705,0.6184590000000001,0.8501416666666667,0.04842279490064017,0.8229838658936565,-0.5680647467311557
National,2004-05-16,2004,20,0.67864,0.812171,451,,337.0,380,,94,1262,553,155386,5,May,2,Spring,0.589044,0.591357,0.633071,0.717701,0.5958415,0.790452,0.026618447068202492,0.7485107481711013,-0.663122658240795
National,2004-05-23,2004,21,0.637558,0.804463,375,,280.0,349,,66,1070,463,133008,5,May,2,Spring,0.67864,0.589044,0.569894,0.789394,0.60723375,0.7564295,0.048566269724018146,0.6631226582407952,-0.7485107481711012
National,2004-05-30,2004,22,0.813309,0.877701,391,,289.0,308,,73,1061,452,120884,5,May,2,Spring,0.637558,0.67864,0.591357,0.722129,0.62414975,0.7269019999999999,0.042648746166479755,0.5680647467311558,-0.8229838658936564
National,2004-06-06,2004,23,0.834551,0.741453,355,,257.0,309,,66,987,443,133117,6,June,2,Summer,0.813309,0.637558,0.589044,0.591326,0.6796377499999999,0.70904025,0.09634474813695376,0.46472317204376906,-0.8854560256532096
National,2004-06-13,2004,24,0.616174,0.661022,307,,258.0,240,,46,851,426,128740,6,June,2,Summer,0.834551,0.813309,0.67864,0.52307,0.7410145,0.6904278333333332,0.09758653801450616,0.35460488704253584,-0.9350162426854147
National,2004-06-20,2004,25,0.513286,0.715109,277,,245.0,284,,81,887,423,124037,6,June,2,Summer,0.616174,0.834551,0.637558,0.450236,0.725398,0.6709955833333333,0.11443843920928223,0.23931566428755768,-0.970941817426052
National,2004-06-27,2004,26,0.351881,0.562241,238,,215.0,183,,62,698,408,124146,6,June,2,Summer,0.513286,0.616174,0.813309,0.397421,0.69433,0.6515088333333333,0.15567404146053523,0.12053668025532308,-0.992708874098054
National,2004-07-04,2004,27,0.542621,0.786808,233,,210.0,205,,62,710,381,90238,7,July,3,Summer,0.351881,0.513286,0.834551,0.448002,0.578973,0.6256899166666666,0.20214647075653489,-3.216245299353273e-16,-1.0
National,2004-07-11,2004,28,0.581036,0.860658,249,,227.0,280,,80,836,378,97135,7,July,3,Summer,0.542621,0.351881,0.616174,0.474767,0.5059905,0.6142821666666667,0.11148267356106191,-0.12053668025532283,-0.992708874098054
National,2004-07-18,2004,29,0.495486,0.689944,259,,162.0,200,,38,659,370,95515,7,July,3,Summer,0.581036,0.542621,0.513286,0.453251,0.49720600000000004,0.6099459166666666,0.10077683786460519,-0.23931566428755743,-0.9709418174260521
National,2004-07-25,2004,30,0.61209,0.779691,260,,189.0,230,,40,719,363,92216,7,July,3,Summer,0.495486,0.581036,0.351881,0.352158,0.492756,0.60374525,0.10022157976198989,-0.3546048870425356,-0.9350162426854148
National,2004-08-01,2004,31,0.531491,0.628144,213,,225.0,235,,60,733,345,116693,8,August,3,Summer,0.61209,0.495486,0.542621,0.525322,0.55780825,0.605473,0.0503347201598708,-0.46472317204376806,-0.8854560256532101
National,2004-08-08,2004,32,0.519987,0.902459,243,,247.0,256,,63,809,334,89644,8,August,3,Summer,0.531491,0.61209,0.581036,0.492991,0.55502575,0.6006769166666667,0.05174207836541253,-0.5680647467311556,-0.8229838658936566
National,2004-08-15,2004,33,0.574476,0.806443,256,,200.0,256,,58,770,335,95481,8,August,3,Summer,0.519987,0.531491,0.495486,0.542728,0.5397635,0.5874558333333333,0.05050136571409822,-0.663122658240795,-0.7485107481711013
National,2004-08-22,2004,34,0.663175,0.874888,259,,231.0,265,,44,799,333,91326,8,August,3,Summer,0.574476,0.519987,0.61209,0.490347,0.559511,0.582199,0.04217333060109409,-0.7485107481711011,-0.6631226582407952
National,2004-08-29,2004,35,0.614691,0.993213,279,,252.0,358,,71,960,326,96656,8,August,3,Summer,0.663175,0.574476,0.531491,0.735914,0.57228225,0.5696878333333334,0.06497441494085113,-0.8229838658936564,-0.5680647467311559
National,2004-09-05,2004,36,0.656823,0.876141,281,,263.0,309,,60,913,337,104207,9,September,3,Autumn,0.614691,0.663175,0.519987,0.581771,0.59308225,0.5513661666666666,0.06074273561702112,-0.8854560256532096,-0.4647231720437691
National,2004-09-12,2004,37,0.723016,0.948092,342,,299.0,413,,68,1122,341,118343,9,September,3,Autumn,0.656823,0.614691,0.574476,0.654162,0.6272912500000001,0.5547535833333334,0.041263319888727765,-0.9350162426854147,-0.3546048870425359
National,2004-09-19,2004,38,0.691857,0.926943,322,,268.0,416,,83,1089,336,117483,9,September,3,Autumn,0.723016,0.656823,0.663175,0.749504,0.66442625,0.5722310833333334,0.04459345592766921,-0.970941817426052,-0.23931566428755774
National,2004-09-26,2004,39,0.782758,0.971643,333,,319.0,382,,82,1116,364,114857,9,September,3,Autumn,0.691857,0.723016,0.614691,0.884021,0.67159675,0.6005624166666667,0.04658663997585225,-0.992708874098054,-0.12053668025532357
National,2004-10-03,2004,40,0.982275,0.897159,877,,853.0,1256,,185,3171,1176,353449,10,October,4,Autumn,0.782758,0.691857,0.656823,1.02773,0.7136135,0.6205738333333334,0.05344116724327024,-1.0,-1.8369701987210297e-16
National,2004-10-10,2004,41,1.01821,1.02248,1071,,971.0,1373,,216,3631,1187,355116,10,October,4,Autumn,0.982275,0.782758,0.723016,1.28296,0.7949765000000001,0.6540104166666666,0.13043767948075252,-0.992708874098054,0.1205366802553232
National,2004-10-17,2004,42,1.1768,1.06296,1240,,1019.0,1534,,226,4019,1267,378094,10,October,4,Autumn,1.01821,0.982275,0.691857,1.32661,0.868775,0.69757075,0.15696281113475202,-0.9709418174260521,0.23931566428755738
National,2004-10-24,2004,43,1.30121,1.14696,1190,,1223.0,1671,,285,4369,1293,380921,10,October,4,Autumn,1.1768,1.01821,0.782758,1.77304,0.9900107499999999,0.7446299166666667,0.16196601065935923,-0.9350162426854148,0.35460488704253557
National,2004-10-31,2004,44,1.27746,1.20495,1327,,1215.0,1718,,291,4551,1302,377692,10,October,4,Autumn,1.30121,1.1768,0.982275,2.43814,1.11962375,0.8087731666666668,0.14763933257404072,-0.8854560256532101,0.464723172043768
National,2004-11-07,2004,45,1.40387,1.30517,1497,,1279.0,1874,,319,4969,1344,380718,11,November,4,Autumn,1.27746,1.30121,1.01821,2.72605,1.19342,0.8718959166666668,0.12865480195724732,-0.822983865893657,0.5680647467311548
National,2004-11-14,2004,46,1.40301,1.28699,1531,,1279.0,1874,,299,4983,1336,387182,11,November,4,Autumn,1.40387,1.27746,1.1768,3.73192,1.289835,0.9410120833333333,0.09320841110110342,-0.7485107481711011,0.6631226582407952
National,2004-11-21,2004,47,1.73975,1.59468,1490,,1274.0,1678,,271,4713,1341,295546,11,November,4,Autumn,1.40301,1.40387,1.30121,4.54894,1.3463875,1.0026650000000001,0.0665891684760059,-0.6631226582407955,0.7485107481711007
National,2004-11-28,2004,48,1.56894,1.39714,1538,,1434.0,2059,,376,5407,1369,387004,11,November,4,Autumn,1.73975,1.40301,1.27746,5.39906,1.4560225,1.0964199166666668,0.1982557851824919,-0.5680647467311559,0.8229838658936564
National,2004-12-05,2004,49,1.65927,1.44996,1551,,1450.0,2052,,375,5428,1346,374356,12,December,4,Winter,1.56894,1.73975,1.40387,7.38735,1.5288925,1.1724296666666667,0.1607707652476865,-0.4647231720437684,0.88545602565321
National,2004-12-12,2004,50,1.81341,1.61745,1670,,1643.0,2071,,371,5755,1379,355806,12,December,4,Winter,1.65927,1.56894,1.40301,7.48097,1.5927425,1.2504508333333333,0.144455407046582,-0.35460488704253595,0.9350162426854147
National,2004-12-19,2004,51,2.37626,2.19112,1856,,1608.0,1807,,418,5689,1288,259639,12,December,4,Winter,1.81341,1.65927,1.73975,7.62797,1.6953425,1.3439135833333333,0.10518361386163816,-0.2393156642875578,0.970941817426052
National,2004-12-26,2004,52,2.77052,2.56649,2252,,2413.0,1993,,621,7279,1332,283617,12,December,4,Winter,2.37626,1.81341,1.56894,5.14051,1.8544699999999998,1.4767054166666667,0.36220673130133135,-0.12053668025532363,0.992708874098054
National,2005-01-02,2005,1,2.40064,2.17645,2010,,2869.0,2450,,712,8041,1383,369455,1,January,1,Winter,2.77052,2.37626,1.65927,2.89129,2.154865,1.625725833333333,0.5132422254972105,0.0,1.0
National,2005-01-09,2005,2,2.54155,2.20171,2188,,2542.0,2982,,611,8323,1342,378024,1,January,1,Winter,2.40064,2.77052,1.81341,2.10429,2.3402075,1.7409283333333334,0.394814861031932,0.12053668025532305,0.992708874098054
National,2005-01-16,2005,3,2.85871,2.53012,2199,,2839.0,3682,,608,9328,1348,368678,1,January,1,Winter,2.54155,2.40064,2.37626,1.88696,2.5222425,1.8546574999999998,0.1808429842662724,0.23931566428755774,0.970941817426052
National,2005-01-23,2005,4,3.55011,3.06524,2747,,3586.0,5364,,725,12422,1334,405254,1,January,1,Winter,2.85871,2.54155,2.77052,1.7766,2.642855,1.9844491666666668,0.20962072297365647,0.3546048870425356,0.9350162426854148
National,2005-01-30,2005,5,4.58591,3.98061,3086,,4498.0,7650,,958,16192,1303,406772,1,January,1,Winter,3.55011,2.85871,2.40064,1.46001,2.8377525,2.173836666666667,0.5120858272057521,0.4647231720437685,0.8854560256532099
National,2005-02-06,2005,6,5.05809,4.59568,3626,,5757.0,8854,,1132,19369,1324,421461,2,February,1,Winter,4.58591,3.55011,2.54155,1.37787,3.38407,2.4390066666666663,0.905139353396298,0.5680647467311558,0.8229838658936564
National,2005-02-13,2005,7,5.44151,4.75197,3834,,6515.0,8400,,1182,19931,1330,419426,2,February,1,Winter,5.05809,4.58591,2.85871,1.30532,4.013205,2.743596666666667,0.9945001029495528,0.6631226582407952,0.7485107481711011
National,2005-02-20,2005,8,4.4729,4.17962,3720,,5125.0,6759,,1026,16630,1280,397883,2,February,1,Winter,5.44151,5.05809,3.55011,1.08691,4.658905,3.0520766666666668,0.8178373661268729,0.7485107481711011,0.6631226582407953
National,2005-02-27,2005,9,3.6752,3.45359,2997,,4058.0,5343,,836,13234,1268,383196,2,February,1,Winter,4.4729,5.44151,4.58591,0.991888,4.8896025000000005,3.2940733333333334,0.4467885533728551,0.8229838658936564,0.5680647467311559
National,2005-03-06,2005,10,3.3353,3.15852,2728,,3634.0,4494,,745,11601,1227,367292,3,March,1,Spring,3.6752,4.4729,5.05809,1.02765,4.661925,3.4620675000000003,0.7689941819675927,0.8854560256532099,0.4647231720437686
National,2005-03-13,2005,11,2.76224,2.6732,2416,,2969.0,3513,,604,9502,1185,355454,3,March,1,Spring,3.3353,3.6752,5.44151,1.0579,4.2312275,3.5888916666666666,0.9372018624741438,0.9350162426854148,0.35460488704253557
National,2005-03-20,2005,12,2.46844,2.35161,2145,,2434.0,2771,,550,7900,1148,335940,3,March,1,Spring,2.76224,3.3353,4.4729,0.849361,3.5614099999999995,3.6210566666666666,0.7149733340482006,0.970941817426052,0.23931566428755804
National,2005-03-27,2005,13,2.00081,1.89243,1827,,1979.0,2133,,390,6329,1103,334438,3,March,1,Spring,2.46844,2.76224,3.6752,0.747127,3.060295,3.595883333333333,0.545547136093662,0.992708874098054,0.120536680255323
National,2005-04-03,2005,14,1.54319,1.5249,1422,,1327.0,1737,,330,4816,1048,315823,4,April,2,Spring,2.00081,2.46844,3.3353,0.661708,2.6416975,3.5625641666666668,0.5586799534840984,1.0,-1.6081226496766366e-16
National,2005-04-10,2005,15,1.50195,1.41134,1356,,1169.0,1603,,317,4445,1000,314948,4,April,2,Spring,1.54319,2.00081,2.76224,0.679514,2.19367,3.4793675000000004,0.5351291457209107,0.992708874098054,-0.12053668025532288
National,2005-04-17,2005,16,1.22918,1.25068,1096,,954.0,1469,,306,3825,978,305833,4,April,2,Spring,1.50195,1.54319,2.46844,0.633071,1.8785975000000001,3.366304166666666,0.45358262763432267,0.9709418174260521,-0.2393156642875575
National,2005-04-24,2005,17,1.21854,1.20702,1117,,894.0,1411,,224,3646,971,302065,4,April,2,Spring,1.22918,1.50195,2.00081,0.569894,1.5687825,3.172893333333333,0.3199474841673051,0.9350162426854148,-0.35460488704253545
National,2005-05-01,2005,18,1.15832,1.07895,903,,762.0,1136,,189,2990,923,277120,5,May,2,Spring,1.21854,1.22918,1.54319,0.591357,1.3732149999999999,2.8922791666666665,0.17333458752747574,0.8854560256532099,-0.4647231720437685
National,2005-05-08,2005,19,1.249,1.14521,979,,710.0,1115,,208,3012,878,263009,5,May,2,Spring,1.15832,1.21854,1.50195,0.589044,1.2769975,2.5672983333333335,0.15317938163577882,0.8229838658936565,-0.5680647467311557
National,2005-05-15,2005,20,1.16888,1.06124,805,,600.0,926,,200,2531,825,238494,5,May,2,Spring,1.249,1.15832,1.22918,0.67864,1.21376,2.2179225,0.03905584036546339,0.7485107481711013,-0.663122658240795
National,2005-05-22,2005,21,1.07888,1.0568,687,,518.0,695,,156,2056,687,194550,5,May,2,Spring,1.16888,1.249,1.21854,0.637558,1.198685,1.9425875000000001,0.042596914989849695,0.6631226582407952,-0.7485107481711012
National,2005-05-29,2005,22,1.23059,1.25193,693,,568.0,678,,160,2099,637,167661,5,May,2,Spring,1.07888,1.16888,1.15832,0.813309,1.16377,1.7262275,0.0695851507146864,0.5680647467311558,-0.8229838658936564
National,2005-06-05,2005,23,1.14747,1.01419,548,,462.0,594,,140,1744,603,171960,6,June,2,Summer,1.23059,1.07888,1.249,0.834551,1.1818375,1.550835,0.07671538584264388,0.46472317204376906,-0.8854560256532096
National,2005-06-12,2005,24,1.00254,1.04197,573,,409.0,507,,125,1614,582,154899,6,June,2,Summer,1.14747,1.23059,1.16888,0.616174,1.156455,1.4162708333333331,0.0625805872454516,0.35460488704253584,-0.9350162426854147
National,2005-06-19,2005,25,0.957569,0.954027,580,,431.0,507,,110,1628,587,170645,6,June,2,Summer,1.00254,1.14747,1.07888,0.513286,1.11487,1.2941125,0.09724057349336589,0.23931566428755768,-0.970941817426052
National,2005-06-26,2005,26,0.894837,0.84823,497,,326.0,452,,84,1359,550,160216,6,June,2,Summer,0.957569,1.00254,1.23059,0.351881,1.0845422500000002,1.20717575,0.126670730926953,0.12053668025532308,-0.992708874098054
National,2005-07-03,2005,27,0.798205,0.841872,426,,313.0,390,,69,1198,533,142302,7,July,3,Summer,0.894837,0.957569,1.14747,0.542621,1.000604,1.1531463333333334,0.10741204086127744,-3.216245299353273e-16,-1.0
National,2005-07-10,2005,28,0.757812,0.730894,389,,323.0,361,,75,1148,524,157068,7,July,3,Summer,0.798205,0.894837,1.00254,0.581036,0.91328775,1.0945009166666666,0.08852732676920128,-0.12053668025532283,-0.992708874098054
National,2005-07-17,2005,29,0.825963,0.713432,333,,303.0,364,,68,1068,507,149699,7,July,3,Summer,0.757812,0.798205,0.957569,0.495486,0.85210575,1.05522025,0.09082044367267002,-0.23931566428755743,-0.9709418174260521
National,2005-07-24,2005,30,0.744927,0.670677,328,,279.0,327,,56,990,492,147612,7,July,3,Summer,0.825963,0.757812,0.894837,0.61209,0.8192042500000001,1.0225055,0.05766561781715163,-0.3546048870425356,-0.9350162426854148
National,2005-07-31,2005,31,0.787049,0.689278,331,,267.0,326,,58,982,488,142468,7,July,3,Summer,0.744927,0.825963,0.798205,0.531491,0.78172675,0.9880560833333333,0.0372134178520813,-0.46472317204376806,-0.8854560256532101
National,2005-08-07,2005,32,0.684724,0.704929,319,,297.0,350,,57,1023,479,145121,8,August,3,Summer,0.787049,0.744927,0.757812,0.519987,0.77893775,0.9495601666666668,0.03596384732246521,-0.5680647467311556,-0.8229838658936566
National,2005-08-14,2005,33,0.747361,0.615903,330,,225.0,326,,47,928,480,150673,8,August,3,Summer,0.684724,0.787049,0.825963,0.574476,0.76066575,0.9092138333333333,0.06048323289061323,-0.663122658240795,-0.7485107481711013
National,2005-08-21,2005,34,0.673974,0.609426,292,,265.0,311,,54,922,428,151290,8,August,3,Summer,0.747361,0.684724,0.744927,0.663175,0.74101525,0.8815872499999999,0.04220340150864684,-0.7485107481711011,-0.6631226582407952
National,2005-08-28,2005,35,0.869662,0.680259,342,,273.0,367,,51,1033,420,151854,8,August,3,Summer,0.673974,0.747361,0.787049,0.614691,0.7232770000000001,0.8352025833333334,0.05342916387751135,-0.8229838658936564,-0.5680647467311559
National,2005-09-04,2005,36,0.899529,0.775488,338,,264.0,396,,63,1061,416,136817,9,September,3,Autumn,0.869662,0.673974,0.684724,0.656823,0.74393025,0.8120519166666668,0.08985080217913145,-0.8854560256532096,-0.4647231720437691
National,2005-09-11,2005,37,0.854635,0.683421,302,,289.0,383,,52,1026,408,150127,9,September,3,Autumn,0.899529,0.869662,0.747361,0.723016,0.7976315,0.8034676666666667,0.10549848958310745,-0.9350162426854147,-0.3546048870425359
National,2005-09-18,2005,38,1.01123,0.781075,368,,285.0,516,,50,1219,419,156067,9,September,3,Autumn,0.854635,0.899529,0.673974,0.691857,0.82445,0.7948898333333334,0.10203780669593586,-0.970941817426052,-0.23931566428755774
National,2005-09-25,2005,39,0.977808,0.806943,381,,276.0,484,,63,1204,447,149205,9,September,3,Autumn,1.01123,0.854635,0.869662,0.782758,0.908764,0.8045892499999999,0.07081309065879665,-0.992708874098054,-0.12053668025532357
National,2005-10-02,2005,40,1.17778,1.07635,1172,,924.0,1256,,234,3586,1113,333164,10,October,4,Autumn,0.977808,1.01123,0.899529,0.982275,0.9358005,0.8195561666666666,0.0715488169689136,-1.0,-1.8369701987210297e-16
National,2005-10-09,2005,41,1.21947,1.05869,1285,,853.0,1247,,197,3582,1160,338343,10,October,4,Autumn,1.17778,0.977808,0.854635,1.01821,1.00536325,0.8545534999999999,0.13321693033883295,-0.992708874098054,0.1205366802553232
National,2005-10-16,2005,42,1.3069,1.11523,1393,,992.0,1525,,212,4122,1216,369609,10,October,4,Autumn,1.21947,1.17778,1.01123,1.1768,1.096572,0.88734575,0.11984267788501704,-0.9709418174260521,0.23931566428755738
National,2005-10-23,2005,43,1.33931,1.12381,1439,,997.0,1599,,213,4248,1237,377999,10,October,4,Autumn,1.3069,1.21947,0.977808,1.30121,1.1704895,0.9341768333333333,0.13926739953886913,-0.9350162426854148,0.35460488704253557
National,2005-10-30,2005,44,1.58374,1.25489,1639,,1190.0,1894,,282,5005,1280,398840,10,October,4,Autumn,1.33931,1.3069,1.17778,1.27746,1.260865,0.9801985833333333,0.07503222085646154,-0.8854560256532101,0.464723172043768
National,2005-11-06,2005,45,1.47072,1.33661,1563,,1251.0,1929,,295,5038,1272,376924,11,November,4,Autumn,1.58374,1.33931,1.21947,1.40387,1.362355,1.0551165833333334,0.15602753015623017,-0.822983865893657,0.5680647467311548
National,2005-11-13,2005,46,1.6112,1.37864,1679,,1331.0,1951,,315,5276,1277,382697,11,November,4,Autumn,1.47072,1.58374,1.3069,1.40301,1.4251675000000001,1.1153965,0.12725169268679148,-0.7485107481711011,0.6631226582407952
National,2005-11-20,2005,47,1.82699,1.60829,1666,,1249.0,1593,,294,4802,1301,298578,11,November,4,Autumn,1.6112,1.47072,1.33931,1.73975,1.5012425,1.1934986666666667,0.12389544903528127,-0.6631226582407955,0.7485107481711007
National,2005-11-27,2005,48,1.77482,1.48311,1858,,1583.0,2176,,349,5966,1325,402264,11,November,4,Autumn,1.82699,1.6112,1.58374,1.56894,1.6231625,1.2732759999999999,0.14886414441246273,-0.5680647467311559,0.8229838658936564
National,2005-12-04,2005,49,1.94451,1.65374,1987,,1534.0,2463,,387,6371,1328,385248,12,December,4,Winter,1.77482,1.82699,1.47072,1.65927,1.6709325,1.3462169166666669,0.16206950430290126,-0.4647231720437684,0.88545602565321
National,2005-12-11,2005,50,2.35512,2.00679,2241,,1997.0,3063,,396,7697,1318,383548,12,December,4,Winter,1.94451,1.77482,1.6112,1.81341,1.78938,1.4370398333333334,0.1383714023922165,-0.35460488704253595,0.9350162426854147
National,2005-12-18,2005,51,3.10878,2.56857,2696,,2293.0,3058,,530,8577,1287,333921,12,December,4,Winter,2.35512,1.94451,1.82699,2.37626,1.9753599999999998,1.5490306666666667,0.26293175832014454,-0.2393156642875578,0.970941817426052
National,2005-12-25,2005,52,3.28238,3.05278,2678,,2882.0,2561,,721,8842,1273,289638,12,December,4,Winter,3.10878,2.35512,1.77482,2.77052,2.2958075,1.7266116666666667,0.5942166179306928,-0.12053668025532363,0.992708874098054
National,2006-01-01,2006,1,2.62914,2.42504,2422,,2817.0,2366,,734,8339,1319,343871,1,January,1,Winter,3.28238,3.10878,1.94451,2.40064,2.6726975,1.901995,0.6306063751858149,0.0,1.0
National,2006-01-08,2006,2,2.2515,2.00195,2272,,2155.0,2921,,534,7882,1339,393716,1,January,1,Winter,2.62914,3.28238,2.35512,2.54155,2.843855,2.0194674999999997,0.42718218701157645,0.12053668025532305,0.992708874098054
National,2006-01-15,2006,3,2.35858,2.05869,2249,,1999.0,3150,,460,7858,1297,381699,1,January,1,Winter,2.2515,2.62914,3.10878,2.85871,2.8179499999999997,2.0981841666666665,0.46790032143608673,0.23931566428755774,0.970941817426052
National,2006-01-22,2006,4,2.41881,2.21277,2643,,2281.0,3646,,544,9114,1331,411882,1,January,1,Winter,2.35858,2.2515,3.28238,3.55011,2.6304,2.183123333333333,0.46279254906130374,0.3546048870425356,0.9350162426854148
National,2006-01-29,2006,5,2.52752,2.3222,2612,,2288.0,4153,,498,9551,1320,411291,1,January,1,Winter,2.41881,2.35858,2.62914,4.58591,2.4145075,2.2527125,0.15893914126165337,0.4647231720437685,0.8854560256532099
National,2006-02-05,2006,6,2.64954,2.49279,2754,,2543.0,4593,,537,10427,1311,418286,2,February,1,Winter,2.52752,2.41881,2.2515,5.05809,2.3891025,2.3407791666666666,0.11533720254826005,0.5680647467311558,0.8229838658936564
National,2006-02-12,2006,7,3.12935,2.79489,2624,,2992.0,4979,,631,11226,1288,401661,2,February,1,Winter,2.64954,2.52752,2.35858,5.44151,2.4886125,2.4273075,0.12805245523479294,0.6631226582407952,0.7485107481711011
National,2006-02-19,2006,8,3.12442,2.96911,2753,,3073.0,5284,,791,11901,1288,400827,2,February,1,Winter,3.12935,2.64954,2.41881,4.4729,2.681305,2.5358375,0.3132128075818832,0.7485107481711011,0.6631226582407953
National,2006-02-26,2006,9,3.13099,2.83959,2579,,2989.0,5008,,767,11343,1275,399459,2,February,1,Winter,3.12442,3.12935,2.52752,3.6752,2.8577075,2.6483041666666667,0.31479236472897426,0.8229838658936564,0.5680647467311559
National,2006-03-05,2006,10,3.08261,2.77799,2564,,2913.0,5106,,678,11261,1257,405365,3,March,1,Spring,3.13099,3.12442,2.64954,3.3353,3.0085750000000004,2.7471775,0.23937295036544942,0.8854560256532099,0.4647231720437686
National,2006-03-12,2006,11,2.64431,2.47287,2330,,2231.0,4154,,607,9322,1241,376971,3,March,1,Spring,3.08261,3.13099,3.12935,2.76224,3.1168425,2.8078016666666663,0.022991823727726672,0.9350162426854148,0.35460488704253557
National,2006-03-19,2006,12,2.42295,2.18061,1895,,1919.0,3709,,541,8064,1217,369804,3,March,1,Spring,2.64431,3.08261,3.12442,2.46844,2.9955825000000003,2.769095833333333,0.23515983746874472,0.970941817426052,0.23931566428755804
National,2006-03-26,2006,13,2.31141,2.0168,1697,,1745.0,3393,,478,7313,1165,362605,3,March,1,Spring,2.42295,2.64431,3.13099,2.00081,2.820215,2.6974766666666667,0.34360553250298365,0.992708874098054,0.120536680255323
National,2006-04-02,2006,14,1.86383,1.64101,1437,,1299.0,2660,,342,5738,1133,349662,4,April,2,Spring,2.31141,2.42295,3.08261,1.54319,2.6153199999999996,2.670999166666667,0.34086550094329676,1.0,-1.6081226496766366e-16
National,2006-04-09,2006,15,1.44943,1.35829,1181,,1067.0,2014,,285,4547,1087,334760,4,April,2,Spring,1.86383,2.31141,2.64431,1.50195,2.310625,2.6386933333333333,0.32842501584581435,0.992708874098054,-0.12053668025532288
National,2006-04-16,2006,16,1.30227,1.1428,959,,873.0,1479,,239,3550,1045,310641,4,April,2,Spring,1.44943,1.86383,2.42295,1.22918,2.011905,2.562930833333333,0.44608129614079944,0.9709418174260521,-0.2393156642875575
National,2006-04-23,2006,17,1.13459,1.04031,836,,779.0,1382,,180,3177,1017,305389,4,April,2,Spring,1.30227,1.44943,2.31141,1.21854,1.731735,2.469885833333333,0.45372844077339314,0.9350162426854148,-0.35460488704253545
National,2006-04-30,2006,18,1.06255,0.964347,745,,637.0,1208,,190,2780,958,288278,4,April,2,Spring,1.13459,1.30227,1.86383,1.15832,1.43753,2.3538083333333333,0.31195149793942895,0.8854560256532099,-0.4647231720437685
National,2006-05-07,2006,19,1.03428,0.937982,745,,621.0,1039,,187,2592,919,276338,5,May,2,Spring,1.06255,1.13459,1.44943,1.249,1.2372100000000001,2.2215591666666668,0.17350034774216663,0.8229838658936565,-0.5680647467311557
National,2006-05-14,2006,20,1.01791,0.947449,715,,582.0,969,,162,2428,877,256267,5,May,2,Spring,1.03428,1.06255,1.30227,1.16888,1.1334225,2.04697,0.12022615893245678,0.7485107481711013,-0.663122658240795
National,2006-05-21,2006,21,0.918151,0.891918,699,,452.0,764,,146,2061,783,231075,5,May,2,Spring,1.01791,1.03428,1.13459,1.07888,1.0623325000000001,1.8714275,0.05158001833706631,0.6631226582407952,-0.7485107481711012
National,2006-05-28,2006,22,0.93099,0.864643,572,,404.0,561,,108,1645,649,190252,5,May,2,Spring,0.918151,1.01791,1.06255,1.23059,1.00822275,1.6870242500000001,0.06281505480563752,0.5680647467311558,-0.8229838658936564
National,2006-06-04,2006,23,0.857294,0.97032,754,,564.0,626,,131,2075,635,213847,6,June,2,Summer,0.93099,0.918151,1.03428,1.14747,0.9753327500000001,1.5077225833333332,0.05922733746816971,0.46472317204376906,-0.8854560256532096
National,2006-06-11,2006,24,0.786294,0.84439,514,,388.0,447,,81,1430,615,169353,6,June,2,Summer,0.857294,0.93099,1.01791,1.00254,0.93108625,1.358804583333333,0.06620923822928054,0.35460488704253584,-0.9350162426854147
National,2006-06-18,2006,25,0.719426,0.77487,463,,328.0,409,,100,1300,610,167770,6,June,2,Summer,0.786294,0.857294,0.918151,0.957569,0.8731822499999999,1.2224165833333334,0.06624683366698664,0.23931566428755768,-0.970941817426052
National,2006-06-25,2006,26,0.718868,0.821372,466,,323.0,390,,92,1271,572,154741,6,June,2,Summer,0.719426,0.786294,0.93099,0.894837,0.823501,1.0897512500000002,0.09112595393913786,0.12053668025532308,-0.992708874098054
National,2006-07-02,2006,27,0.774807,0.872745,437,,305.0,402,,71,1215,565,139216,7,July,3,Summer,0.718868,0.719426,0.857294,0.798205,0.7704705,0.9943377500000001,0.06597237374071324,-3.216245299353273e-16,-1.0
National,2006-07-09,2006,28,0.76598,0.922635,549,,449.0,511,,108,1617,577,175259,7,July,3,Summer,0.774807,0.718868,0.786294,0.757812,0.74984875,0.9381191666666666,0.035760877499966454,-0.12053668025532283,-0.992708874098054
National,2006-07-16,2006,29,0.642809,0.899487,541,,460.0,440,,112,1553,564,172654,7,July,3,Summer,0.76598,0.774807,0.719426,0.825963,0.74477025,0.8934283333333334,0.029806696164356314,-0.23931566428755743,-0.9709418174260521
National,2006-07-23,2006,30,0.622033,0.843082,502,,422.0,403,,128,1455,564,172581,7,July,3,Summer,0.642809,0.76598,0.718868,0.744927,0.7256159999999999,0.8524465833333333,0.06041948286756673,-0.3546048870425356,-0.9350162426854148
National,2006-07-30,2006,31,0.616326,0.881824,508,,402.0,430,,88,1428,551,161937,7,July,3,Summer,0.622033,0.642809,0.774807,0.787049,0.70140725,0.8157368333333334,0.08018975372764763,-0.46472317204376806,-0.8854560256532101
National,2006-08-06,2006,32,0.685694,0.817145,473,,383.0,435,,82,1373,547,168024,8,August,3,Summer,0.616326,0.622033,0.76598,0.684724,0.661787,0.7809073333333333,0.07038804057970814,-0.5680647467311556,-0.8229838658936566
National,2006-08-13,2006,33,0.622697,0.8715,510,,390.0,466,,91,1457,536,167183,8,August,3,Summer,0.685694,0.616326,0.642809,0.747361,0.6417155,0.7532226666666667,0.03145012835666298,-0.663122658240795,-0.7485107481711013
National,2006-08-20,2006,34,0.611817,0.738621,404,,279.0,379,,76,1138,503,154071,8,August,3,Summer,0.622697,0.685694,0.622033,0.673974,0.6366875,0.7286015,0.032795915319602846,-0.7485107481711011,-0.6631226582407952
National,2006-08-27,2006,35,0.638831,0.797966,398,,292.0,457,,77,1224,488,153390,8,August,3,Summer,0.611817,0.622697,0.616326,0.869662,0.6341335,0.7020037499999999,0.0346622365163764,-0.8229838658936564,-0.5680647467311559
National,2006-09-03,2006,36,0.806627,1.01394,492,,396.0,506,,69,1463,491,144289,9,September,3,Autumn,0.638831,0.611817,0.685694,0.899529,0.6397597500000001,0.6837985,0.03257172912563751,-0.8854560256532096,-0.4647231720437691
National,2006-09-10,2006,37,0.762448,0.880936,446,,361.0,521,,78,1406,487,159603,9,September,3,Autumn,0.806627,0.638831,0.622697,0.854635,0.6699930000000001,0.6854929166666667,0.09176288064344974,-0.9350162426854147,-0.3546048870425359
National,2006-09-17,2006,38,0.813406,0.943366,511,,362.0,534,,80,1487,455,157627,9,September,3,Autumn,0.762448,0.806627,0.611817,1.01123,0.7049307499999999,0.6890780833333333,0.09432162830921009,-0.970941817426052,-0.23931566428755774
National,2006-09-24,2006,39,0.807934,0.891546,476,,364.0,512,,81,1433,469,160732,9,September,3,Autumn,0.813406,0.762448,0.638831,0.977808,0.755328,0.6969562499999999,0.08088445852769005,-0.992708874098054,-0.12053668025532357
National,2006-10-01,2006,40,1.15384,1.20322,1434,,1116.0,1699,,264,4513,1323,375076,10,October,4,Autumn,0.807934,0.813406,0.806627,1.17778,0.79760375,0.6997168333333333,0.023620407622105502,-1.0,-1.8369701987210297e-16
National,2006-10-08,2006,41,1.14819,1.05788,1278,,992.0,1602,,200,4072,1361,384920,10,October,4,Autumn,1.15384,0.807934,0.762448,1.21947,0.884407,0.7320384999999999,0.18106849615541817,-0.992708874098054,0.1205366802553232
National,2006-10-15,2006,42,1.22736,1.13054,1543,,1099.0,1830,,265,4737,1425,419005,10,October,4,Autumn,1.14819,1.15384,0.813406,1.3069,0.9808425,0.7741535833333334,0.19652451218355688,-0.9709418174260521,0.23931566428755738
National,2006-10-22,2006,43,1.21744,1.12552,1582,,1086.0,1996,,224,4888,1445,434287,10,October,4,Autumn,1.22736,1.14819,0.807934,1.33931,1.0843310000000002,0.8245975,0.18776054733973974,-0.9350162426854148,0.35460488704253557
National,2006-10-29,2006,44,1.32813,1.20808,1672,,1157.0,2270,,281,5380,1473,445334,10,October,4,Autumn,1.21744,1.22736,1.15384,1.58374,1.1867075,0.8746903333333332,0.04147683158486181,-0.8854560256532101,0.464723172043768
National,2006-11-05,2006,45,1.47754,1.34952,2112,,1320.0,2393,,314,6139,1497,454901,11,November,4,Autumn,1.32813,1.21744,1.14819,1.47072,1.23028,0.9282266666666666,0.07413227502232622,-0.822983865893657,0.5680647467311548
National,2006-11-12,2006,46,1.5339,1.4689,2355,,1342.0,2681,,290,6668,1474,453945,11,November,4,Autumn,1.47754,1.32813,1.22736,1.6112,1.3126175,0.9994635833333333,0.12078585247585678,-0.7485107481711011,0.6631226582407952
National,2006-11-19,2006,47,1.91269,1.82767,2188,,1409.0,2202,,357,6156,1488,336822,11,November,4,Autumn,1.5339,1.47754,1.21744,1.82699,1.3892525,1.0763038333333335,0.14372784127760257,-0.6631226582407955,0.7485107481711007
National,2006-11-26,2006,48,1.838,1.6656,2573,,1774.0,2792,,391,7530,1486,452089,11,November,4,Autumn,1.91269,1.5339,1.32813,1.77482,1.5630650000000001,1.1824587500000001,0.2487282437386642,-0.5680647467311559,0.8229838658936564
National,2006-12-03,2006,49,1.95376,1.85968,2643,,1804.0,3244,,431,8122,1493,436741,12,December,4,Winter,1.838,1.91269,1.47754,1.94451,1.6905325,1.2684065,0.2167949595623805,-0.4647231720437684,0.88545602565321
National,2006-12-10,2006,50,2.40407,2.38891,3270,,2177.0,4470,,479,10396,1492,435177,12,December,4,Winter,1.95376,1.838,1.5339,2.35512,1.8095875000000001,1.3676825,0.1899356935693097,-0.35460488704253595,0.9350162426854147
National,2006-12-17,2006,51,2.87453,2.78978,3387,,2237.0,4065,,503,10192,1435,365334,12,December,4,Winter,2.40407,1.95376,1.91269,3.10878,2.02713,1.5002378333333333,0.25582128592695785,-0.2393156642875578,0.970941817426052
National,2006-12-24,2006,52,3.02597,3.11549,3243,,2216.0,2868,,586,8913,1359,286087,12,December,4,Winter,2.87453,2.40407,1.838,3.28238,2.26759,1.672454166666667,0.4725955956206004,-0.12053668025532363,0.992708874098054
National,2006-12-31,2007,1,2.37817,2.26942,2927,,2394.0,2481,,584,8386,1490,369521,12,December,4,Winter,3.02597,2.87453,1.95376,2.62914,2.5645825,1.8284649999999998,0.48573458701742805,0.0,1.0
National,2007-01-07,2007,2,2.09232,1.86355,2507,,2018.0,2756,,480,7761,1467,416464,1,January,1,Winter,2.37817,3.02597,2.40407,2.2515,2.670685,1.9309633333333334,0.3288509280813904,0.12053668025532305,0.992708874098054
National,2007-01-14,2007,3,2.29396,1.99986,2548,,1701.0,3248,,412,7909,1470,395477,1,January,1,Winter,2.09232,2.37817,2.87453,2.35858,2.5927474999999998,2.0030433333333333,0.43341831144018145,0.23931566428755774,0.970941817426052
National,2007-01-21,2007,4,2.74501,2.4406,3410,,2257.0,4684,,537,10888,1495,446119,1,January,1,Winter,2.29396,2.09232,3.02597,2.41881,2.4476050000000003,2.092753333333333,0.40379925280596735,0.3546048870425356,0.9350162426854148
National,2007-01-28,2007,5,3.04434,2.83018,3456,,2559.0,5648,,457,12120,1472,428241,1,January,1,Winter,2.74501,2.29396,2.37817,2.52752,2.377365,2.2108266666666667,0.27286781909926755,0.4647231720437685,0.8854560256532099
National,2007-02-04,2007,6,3.49999,3.12343,3840,,2910.0,6995,,452,14197,1484,454533,2,February,1,Winter,3.04434,2.74501,2.09232,2.64954,2.5439075,2.3413933333333334,0.4309988110869039,0.5680647467311558,0.8229838658936564
National,2007-02-11,2007,7,3.57851,3.27019,3879,,2955.0,6668,,529,14031,1461,429057,2,February,1,Winter,3.49999,3.04434,2.29396,3.12935,2.8958250000000003,2.5052341666666664,0.507299613936373,0.6631226582407952,0.7485107481711011
National,2007-02-18,2007,8,3.28979,3.17757,3728,,3175.0,6537,,608,14048,1460,442099,2,February,1,Winter,3.57851,3.49999,2.74501,3.12442,3.2169624999999997,2.6440525,0.3930050255297782,0.7485107481711011,0.6631226582407953
National,2007-02-25,2007,9,2.89149,2.72364,3016,,2778.0,5429,,578,11801,1428,433281,2,February,1,Winter,3.28979,3.57851,3.04434,3.13099,3.3531575,2.7650350000000006,0.23925385449698075,0.8229838658936564,0.5680647467311559
National,2007-03-04,2007,10,2.62075,2.50201,2798,,2533.0,4937,,447,10715,1408,428255,3,March,1,Spring,2.89149,3.28979,3.49999,3.08261,3.3149450000000003,2.843179166666667,0.30749258652309364,0.8854560256532099,0.4647231720437686
National,2007-03-11,2007,11,2.53387,2.4272,2668,,2426.0,4031,,472,9597,1361,395394,3,March,1,Spring,2.62075,2.89149,3.57851,2.64431,3.095135,2.8612358333333336,0.4234990648946714,0.9350162426854148,0.35460488704253557
National,2007-03-18,2007,12,2.07251,1.96041,2049,,1857.0,3307,,349,7562,1333,385735,3,March,1,Spring,2.53387,2.62075,3.28979,2.42295,2.833975,2.8328475,0.3399035162610999,0.970941817426052,0.23931566428755804
National,2007-03-25,2007,13,1.87084,1.5914,1664,,1625.0,2508,,351,6148,1303,386327,3,March,1,Spring,2.07251,2.53387,2.89149,2.31141,2.529655,2.7533925000000004,0.34069643550624074,0.992708874098054,0.120536680255323
National,2007-04-01,2007,14,1.40042,1.36978,1445,,1379.0,1803,,331,4958,1284,361955,4,April,2,Spring,1.87084,2.07251,2.62075,1.86383,2.2744925,2.711115,0.3609723973172877,1.0,-1.6081226496766366e-16
National,2007-04-08,2007,15,1.46887,1.36317,1429,,1274.0,1821,,345,4869,1240,357183,4,April,2,Spring,1.40042,1.87084,2.53387,1.44943,1.96941,2.6534566666666666,0.4700036760849019,0.992708874098054,-0.12053668025532288
National,2007-04-15,2007,16,1.15514,1.1737,1257,,1112.0,1523,,287,4179,1206,356055,4,April,2,Spring,1.46887,1.40042,2.07251,1.30227,1.70316,2.5846991666666668,0.3220141387164855,0.9709418174260521,-0.2393156642875575
National,2007-04-22,2007,17,1.07901,1.06358,1152,,937.0,1386,,220,3695,1152,347413,4,April,2,Spring,1.15514,1.46887,1.87084,1.13459,1.4738175,2.45221,0.2969814165201564,0.9350162426854148,-0.35460488704253545
National,2007-04-29,2007,18,0.98492,0.969711,969,,755.0,1143,,210,3077,1119,317311,4,April,2,Spring,1.07901,1.15514,1.40042,1.06255,1.27586,2.2884325,0.18805255878783142,0.8854560256532099,-0.4647231720437685
National,2007-05-06,2007,19,1.03325,0.965362,917,,713.0,1055,,175,2860,1057,296262,5,May,2,Spring,0.98492,1.07901,1.46887,1.03428,1.1719849999999998,2.078843333333333,0.2098111230765666,0.8229838658936565,-0.5680647467311557
National,2007-05-13,2007,20,0.926649,0.856749,815,,590.0,861,,176,2442,1025,285031,5,May,2,Spring,1.03325,0.98492,1.15514,1.01791,1.06308,1.8667383333333334,0.07240539344539829,0.7485107481711013,-0.663122658240795
National,2007-05-20,2007,21,0.9201,0.863346,761,,561.0,785,,136,2243,925,259803,5,May,2,Spring,0.926649,1.03325,1.07901,0.918151,1.00595725,1.6698099166666667,0.06535534380267578,0.6631226582407952,-0.7485107481711012
National,2007-05-27,2007,22,0.954094,0.93537,722,,554.0,652,,130,2058,831,220020,5,May,2,Spring,0.9201,0.926649,0.98492,0.93099,0.9662297499999999,1.5055274166666666,0.053340506686436154,0.5680647467311558,-0.8229838658936564
National,2007-06-03,2007,23,0.763278,0.745569,628,,422.0,510,,119,1679,796,225197,6,June,2,Summer,0.954094,0.9201,1.03325,0.857294,0.95852325,1.3666394166666667,0.051948754796424454,0.46472317204376906,-0.8854560256532096
National,2007-06-10,2007,24,0.81722,0.740428,598,,413.0,469,,134,1614,771,217982,6,June,2,Summer,0.763278,0.954094,0.926649,0.786294,0.89103025,1.2190900833333334,0.08643189932097994,0.35460488704253584,-0.9350162426854147
National,2007-06-17,2007,25,0.764586,0.672897,521,,394.0,441,,100,1456,749,216378,6,June,2,Summer,0.81722,0.763278,0.9201,0.719426,0.8636729999999999,1.1144825833333334,0.08868859529076181,0.23931566428755768,-0.970941817426052
National,2007-06-24,2007,26,0.793127,0.666282,514,,431.0,408,,102,1455,742,218376,6,June,2,Summer,0.764586,0.81722,0.954094,0.718868,0.8247945000000001,1.02229475,0.08978692739841551,0.12053668025532308,-0.992708874098054
National,2007-07-01,2007,27,0.66909,0.662747,394,,313.0,360,,102,1169,711,176387,7,July,3,Summer,0.793127,0.764586,0.763278,0.774807,0.7845527499999999,0.9716870000000001,0.025767893968363025,-3.216245299353273e-16,-1.0
National,2007-07-08,2007,28,0.62115,0.545619,366,,296.0,372,,52,1086,697,199040,7,July,3,Summer,0.66909,0.793127,0.81722,0.76598,0.76100575,0.9050386666666667,0.06494392425442645,-0.12053668025532283,-0.992708874098054
National,2007-07-15,2007,29,0.603659,0.586231,446,,335.0,345,,85,1211,698,206574,7,July,3,Summer,0.62115,0.66909,0.764586,0.642809,0.7119882500000001,0.8605395000000001,0.0805023137818479,-0.23931566428755743,-0.9709418174260521
National,2007-07-22,2007,30,0.649058,0.660687,477,,391.0,392,,96,1356,691,205241,7,July,3,Summer,0.603659,0.62115,0.793127,0.622033,0.6717564999999999,0.8209269166666666,0.08551061501541334,-0.3546048870425356,-0.9350162426854148
National,2007-07-29,2007,31,0.568338,0.534093,321,,344.0,311,,61,1037,677,194161,7,July,3,Summer,0.649058,0.603659,0.66909,0.616326,0.63573925,0.7929384166666665,0.02904967172902384,-0.46472317204376806,-0.8854560256532101
National,2007-08-05,2007,32,0.651546,0.585549,389,,320.0,385,,78,1172,667,200154,8,August,3,Summer,0.568338,0.649058,0.62115,0.685694,0.61055125,0.75419575,0.033786411877616135,-0.5680647467311556,-0.8229838658936566
National,2007-08-12,2007,33,0.652176,0.618075,439,,338.0,411,,95,1283,666,207580,8,August,3,Summer,0.651546,0.568338,0.603659,0.622697,0.61815025,0.7312704999999999,0.03984060618971503,-0.663122658240795,-0.7485107481711013
National,2007-08-19,2007,34,0.803849,0.687465,495,,408.0,457,,88,1448,671,210629,8,August,3,Summer,0.652176,0.651546,0.649058,0.611817,0.6302795,0.7089435000000001,0.041316268865674306,-0.7485107481711011,-0.6631226582407952
National,2007-08-26,2007,35,0.787458,0.715696,502,,416.0,500,,108,1526,652,213219,8,August,3,Summer,0.803849,0.652176,0.568338,0.638831,0.66897725,0.6964230833333334,0.09815765900952858,-0.8229838658936564,-0.5680647467311559
National,2007-09-02,2007,36,0.943263,0.829313,519,,417.0,545,,73,1554,641,187384,9,September,3,Autumn,0.787458,0.803849,0.651546,0.806627,0.72375725,0.6984380833333333,0.08328828238252468,-0.8854560256532096,-0.4647231720437691
National,2007-09-09,2007,37,0.946932,0.800912,496,,417.0,682,,99,1694,638,211509,9,September,3,Autumn,0.943263,0.787458,0.652176,0.762448,0.7966865,0.7089416666666666,0.11902999843309062,-0.9350162426854147,-0.3546048870425359
National,2007-09-16,2007,38,0.987146,0.918484,609,,502.0,681,,121,1913,632,208278,9,September,3,Autumn,0.946932,0.943263,0.803849,0.813406,0.8703755,0.7241371666666666,0.08655359102303008,-0.970941817426052,-0.23931566428755774
National,2007-09-23,2007,39,1.05206,0.814259,729,,583.0,788,,128,2228,703,273623,9,September,3,Autumn,0.987146,0.946932,0.787458,0.807934,0.91619975,0.7403054166666667,0.08809975269109556,-0.992708874098054,-0.12053668025532357
National,2007-09-30,2007,40,0.995184,1.07197,2187,,1167.0,1997,,290,5641,1373,526227,9,September,3,Autumn,1.05206,0.987146,0.943263,1.15384,0.98235025,0.7722195833333333,0.05054606482769838,-1.0,-1.8369701987210297e-16
National,2007-10-07,2007,41,1.22003,1.21786,2387,,1321.0,2433,,303,6444,1429,529126,10,October,4,Autumn,0.995184,1.05206,0.946932,1.14819,0.9953305,0.8033890833333333,0.04331150145534043,-0.992708874098054,0.1205366802553232
National,2007-10-14,2007,42,1.28548,1.24576,2583,,1455.0,2551,,352,6941,1449,557172,10,October,4,Autumn,1.22003,0.995184,0.987146,1.22736,1.063605,0.8547533333333334,0.10821195185367927,-0.9709418174260521,0.23931566428755738
National,2007-10-21,2007,43,1.3775,1.35984,2871,,1400.0,2788,,375,7434,1477,546680,10,October,4,Autumn,1.28548,1.22003,1.05206,1.21744,1.1381885,0.9077885,0.13694429844155645,-0.9350162426854148,0.35460488704253557
National,2007-10-28,2007,44,1.46725,1.44671,3074,,1475.0,2998,,368,7915,1485,547104,10,October,4,Autumn,1.3775,1.28548,0.995184,1.32813,1.2195485,0.9752186666666667,0.16292667036323594,-0.8854560256532101,0.464723172043768
National,2007-11-04,2007,45,1.55841,1.53286,3398,,1609.0,3303,,377,8687,1539,566717,11,November,4,Autumn,1.46725,1.3775,1.22003,1.47754,1.337565,1.043194,0.10792022810074964,-0.822983865893657,0.5680647467311548
National,2007-11-11,2007,46,1.61958,1.66653,3563,,1780.0,3290,,471,9104,1516,546284,11,November,4,Autumn,1.55841,1.46725,1.28548,1.5339,1.4221599999999999,1.1187135,0.11729323453060557,-0.7485107481711011,0.6631226582407952
National,2007-11-18,2007,47,1.8112,1.97488,3651,,1812.0,2631,,476,8570,1523,433951,11,November,4,Autumn,1.61958,1.55841,1.3775,1.91269,1.505685,1.1866910833333333,0.10592550857396012,-0.6631226582407955,0.7485107481711007
National,2007-11-25,2007,48,1.61865,1.67305,3679,,1921.0,3158,,413,9171,1513,548159,11,November,4,Autumn,1.8112,1.61958,1.46725,1.838,1.6141100000000002,1.2720029166666666,0.1455389278966949,-0.5680647467311559,0.8229838658936564
National,2007-12-02,2007,49,1.62124,1.63405,3365,,1772.0,2907,,392,8436,1487,516263,12,December,4,Winter,1.61865,1.8112,1.55841,1.95376,1.65196,1.3282851666666666,0.10994998954063717,-0.4647231720437684,0.88545602565321
National,2007-12-09,2007,50,1.67351,1.74595,3298,,1697.0,2694,,402,8091,1453,463416,12,December,4,Winter,1.62124,1.61865,1.61958,2.40407,1.6676674999999999,1.3844775,0.0956943298127932,-0.35460488704253595,0.9350162426854147
National,2007-12-16,2007,51,1.95096,1.93643,3580,,1987.0,2724,,459,8750,1420,451862,12,December,4,Winter,1.67351,1.62124,1.8112,2.87453,1.68115,1.4416744999999997,0.09030841636665457,-0.2393156642875578,0.970941817426052
National,2007-12-23,2007,52,2.50019,2.48905,3848,,2184.0,2348,,522,8902,1426,357646,12,December,4,Winter,1.95096,1.67351,1.61865,3.02597,1.71609,1.5165828333333333,0.15860648305366723,-0.12053668025532363,0.992708874098054
National,2007-12-30,2008,1,2.43939,2.25405,3737,,2731.0,2568,,670,9706,1486,430603,12,December,4,Winter,2.50019,1.95096,1.62124,2.37817,1.936475,1.6420000000000001,0.4027025837595958,0.0,1.0
National,2008-01-06,2008,2,2.29319,2.09147,3393,,3262.0,3644,,816,11115,1509,531444,1,January,1,Winter,2.43939,2.50019,1.67351,2.09232,2.1410125,1.7436133333333332,0.39695346044381813,0.12053668025532305,0.992708874098054
National,2008-01-13,2008,3,2.62907,2.35934,3664,,3038.0,4900,,595,12197,1511,516966,1,January,1,Winter,2.29319,2.43939,1.95096,2.29396,2.2959325,1.8275891666666666,0.24584190561888064,0.23931566428755774,0.970941817426052
National,2008-01-20,2008,4,3.92966,3.32331,4289,,4499.0,7661,,722,17171,1508,516683,1,January,1,Winter,2.62907,2.29319,2.50019,2.74501,2.46546,1.9318866666666665,0.1394405522077062,0.3546048870425356,0.9350162426854148
National,2008-01-27,2008,5,4.99202,4.43381,5222,,6595.0,11974,,1021,24812,1514,559609,1,January,1,Winter,3.92966,2.62907,2.43939,3.04434,2.8228275,2.1370875000000003,0.7505909559973338,0.4647231720437685,0.8854560256532099
National,2008-02-03,2008,6,5.7776,5.34547,6059,,9212.0,15323,,1302,31896,1526,596692,2,February,1,Winter,4.99202,3.92966,2.29319,3.49999,3.460985,2.4232216666666666,1.2409072159915882,0.5680647467311558,0.8229838658936564
National,2008-02-10,2008,7,5.98318,5.42258,6244,,9487.0,14336,,1558,31625,1518,583210,2,February,1,Winter,5.7776,4.99202,2.62907,3.57851,4.3320875,2.7697233333333333,1.3647018954427363,0.6631226582407952,0.7485107481711011
National,2008-02-17,2008,8,5.61677,5.30303,5922,,9812.0,12783,,1728,30245,1497,570334,2,February,1,Winter,5.98318,5.7776,3.92966,3.28979,5.170615,3.117388333333333,0.9310492567528321,0.7485107481711011,0.6631226582407953
National,2008-02-24,2008,9,4.53234,4.24456,4978,,8583.0,9958,,1508,25027,1453,589626,2,February,1,Winter,5.61677,5.98318,4.99202,2.89149,5.5923925,3.4505649999999997,0.42741786324977515,0.8229838658936564,0.5680647467311559
National,2008-03-02,2008,10,3.83249,3.628,4420,,6781.0,7849,,1204,20254,1445,558269,3,March,1,Spring,4.53234,5.61677,5.7776,2.62075,5.477472499999999,3.6931566666666664,0.6476871229935561,0.8854560256532099,0.4647231720437686
National,2008-03-09,2008,11,3.21522,3.03463,3878,,5676.0,6112,,1048,16714,1412,550776,3,March,1,Spring,3.83249,4.53234,5.98318,2.53387,4.991194999999999,3.8730716666666662,0.9880154366034303,0.9350162426854148,0.35460488704253557
National,2008-03-16,2008,12,2.69245,2.53595,3153,,4520.0,4493,,874,13040,1395,514205,3,March,1,Spring,3.21522,3.83249,5.61677,2.07251,4.299205,3.978426666666667,1.0300769920900712,0.970941817426052,0.23931566428755804
National,2008-03-23,2008,13,2.03366,2.0573,2689,,3496.0,3395,,796,10376,1379,504350,3,March,1,Spring,2.69245,3.21522,4.53234,1.87084,3.568125,3.994448333333333,0.7939244431094539,0.992708874098054,0.120536680255323
National,2008-03-30,2008,14,1.65275,1.7415,2372,,2872.0,2697,,642,8583,1327,492850,3,March,1,Spring,2.03366,2.69245,3.83249,1.40042,2.9434549999999997,3.9606375000000003,0.7648463676887354,1.0,-1.6081226496766366e-16
National,2008-04-06,2008,15,1.3113,1.40652,2045,,2160.0,2354,,486,7045,1318,500881,4,April,2,Spring,1.65275,2.03366,3.21522,1.46887,2.39852,3.9072674999999997,0.6934670017143193,0.992708874098054,-0.12053668025532288
National,2008-04-13,2008,16,1.1652,1.26861,1857,,1802.0,2013,,407,6079,1288,479187,4,April,2,Spring,1.3113,1.65275,2.69245,1.15514,1.9225399999999997,3.7974533333333333,0.5920332322316408,0.9709418174260521,-0.2393156642875575
National,2008-04-20,2008,17,1.02035,1.07719,1572,,1345.0,1713,,323,4953,1208,459808,4,April,2,Spring,1.1652,1.3113,2.03366,1.07901,1.5407275,3.5670816666666667,0.3869493382321614,0.9350162426854148,-0.35460488704253545
National,2008-04-27,2008,18,0.877607,0.993445,1466,,1107.0,1416,,235,4224,1147,425187,4,April,2,Spring,1.02035,1.1652,1.65275,0.98492,1.2873999999999999,3.2361091666666666,0.27098608512856454,0.8854560256532099,-0.4647231720437685
National,2008-05-04,2008,19,0.825107,0.911212,1356,,1066.0,1381,,208,4011,1098,440183,5,May,2,Spring,0.877607,1.02035,1.3113,1.03325,1.09361425,2.827776416666667,0.1866711794722316,0.8229838658936565,-0.5680647467311557
National,2008-05-11,2008,20,0.787315,0.972109,1439,,980.0,1274,,211,3904,1074,401601,5,May,2,Spring,0.825107,0.877607,1.1652,0.926649,0.9720660000000001,2.3979369999999998,0.15291777417282082,0.7485107481711013,-0.663122658240795
National,2008-05-18,2008,21,0.805439,0.993258,1393,,926.0,1116,,211,3646,945,367075,5,May,2,Spring,0.787315,0.825107,1.02035,0.9201,0.8775947500000001,1.9954824166666665,0.1021183279544818,0.6631226582407952,-0.7485107481711012
National,2008-05-25,2008,22,0.886061,1.09132,1473,,1004.0,1083,,243,3803,869,348477,5,May,2,Spring,0.805439,0.787315,0.877607,0.954094,0.823867,1.6849073333333333,0.03900925141512805,0.5680647467311558,-0.8229838658936564
National,2008-06-01,2008,23,0.743743,0.888446,1159,,729.0,906,,139,2933,789,330127,6,June,2,Summer,0.886061,0.805439,0.825107,0.763278,0.8259805,1.4393715833333334,0.04292397773935548,0.46472317204376906,-0.8854560256532096
National,2008-06-08,2008,24,0.706842,0.887691,1113,,720.0,886,,187,2906,764,327366,6,June,2,Summer,0.743743,0.886061,0.787315,0.81722,0.8056395000000001,1.2334151666666666,0.05953884411291381,0.35460488704253584,-0.9350162426854147
National,2008-06-15,2008,25,0.655943,0.883187,1115,,712.0,855,,160,2842,755,321789,6,June,2,Summer,0.706842,0.743743,0.805439,0.764586,0.78552125,1.0679478333333334,0.07840239079827237,0.23931566428755768,-0.970941817426052
National,2008-06-22,2008,26,0.633492,0.826756,937,,654.0,810,,133,2534,730,306499,6,June,2,Summer,0.655943,0.706842,0.886061,0.793127,0.74814725,0.9531380833333335,0.09873761061968596,0.12053668025532308,-0.992708874098054
National,2008-06-29,2008,27,0.571837,0.783201,913,,575.0,762,,155,2405,713,307073,6,June,2,Summer,0.633492,0.655943,0.743743,0.66909,0.685005,0.8681999166666667,0.049750029232496135,-3.216245299353273e-16,-1.0
National,2008-07-06,2008,28,0.558278,0.78061,881,,669.0,749,,132,2431,710,311423,7,July,3,Summer,0.571837,0.633492,0.706842,0.62115,0.6420285,0.806578,0.055958679984733986,-0.12053668025532283,-0.992708874098054
National,2008-07-13,2008,29,0.597893,0.769073,826,,619.0,703,,171,2319,696,301532,7,July,3,Summer,0.558278,0.571837,0.655943,0.603659,0.6048875,0.7560011666666667,0.04722168478182,-0.23931566428755743,-0.9709418174260521
National,2008-07-20,2008,30,0.577222,0.721298,779,,552.0,704,,131,2166,694,300292,7,July,3,Summer,0.597893,0.558278,0.633492,0.649058,0.590375,0.7207964166666666,0.03311329474143961,-0.3546048870425356,-0.9350162426854148
National,2008-07-27,2008,31,0.596987,0.752527,788,,599.0,763,,139,2289,676,304175,7,July,3,Summer,0.577222,0.597893,0.571837,0.568338,0.5763075,0.6957643333333334,0.016450110039145774,-0.46472317204376806,-0.8854560256532101
National,2008-08-03,2008,32,0.564653,0.752721,679,,619.0,706,,216,2220,668,294930,8,August,3,Summer,0.596987,0.577222,0.558278,0.651546,0.5825950000000001,0.6767543333333333,0.018809076584636538,-0.5680647467311556,-0.8229838658936566
National,2008-08-10,2008,33,0.585682,0.792766,789,,650.0,745,,184,2368,657,298701,8,August,3,Summer,0.564653,0.596987,0.597893,0.652176,0.58418875,0.6581991666666667,0.016142932454072164,-0.663122658240795,-0.7485107481711013
National,2008-08-17,2008,34,0.503985,0.743896,730,,619.0,754,,134,2237,657,300714,8,August,3,Summer,0.585682,0.564653,0.577222,0.803849,0.5811360000000001,0.6398860833333334,0.013649529929636573,-0.7485107481711011,-0.6631226582407952
National,2008-08-24,2008,35,0.468139,0.814166,794,,616.0,892,,127,2429,636,298342,8,August,3,Summer,0.503985,0.585682,0.596987,0.787458,0.56282675,0.6080464166666667,0.041452671263541366,-0.8229838658936564,-0.5680647467311559
National,2008-08-31,2008,36,0.576455,0.838401,774,,663.0,880,,144,2461,666,293535,8,August,3,Summer,0.468139,0.503985,0.564653,0.943263,0.53061475,0.5850794166666667,0.05417061752355203,-0.8854560256532096,-0.4647231720437691
National,2008-09-07,2008,37,0.681361,0.851124,859,,758.0,994,,177,2788,685,327567,9,September,3,Autumn,0.576455,0.468139,0.585682,0.946932,0.5335652500000001,0.5742138333333334,0.05689543527281418,-0.9350162426854147,-0.3546048870425359
National,2008-09-14,2008,38,0.794764,1.10976,1062,,958.0,1527,,188,3735,679,336560,9,September,3,Autumn,0.681361,0.576455,0.503985,0.987146,0.557485,0.5763320000000001,0.09407458387169818,-0.970941817426052,-0.23931566428755774
National,2008-09-21,2008,39,0.868116,1.03114,983,,932.0,1306,,179,3400,716,329731,9,September,3,Autumn,0.794764,0.681361,0.468139,1.05206,0.63017975,0.5897713333333333,0.14006075958032316,-0.992708874098054,-0.12053668025532357
National,2008-09-28,2008,40,1.06828,1.02284,1535,,1476.0,2352,,324,5687,1435,555999,9,September,3,Autumn,0.868116,0.794764,0.576455,0.995184,0.7301740000000001,0.6144612500000001,0.12807823571799598,-1.0,-1.8369701987210297e-16
National,2008-10-05,2008,41,1.00756,1.03017,1861,,1485.0,2291,,322,5959,1500,578446,10,October,4,Autumn,1.06828,0.868116,0.681361,1.22003,0.85313025,0.6569614166666667,0.16271168982042689,-0.992708874098054,0.1205366802553232
National,2008-10-12,2008,42,0.979399,1.01245,1869,,1467.0,2219,,341,5896,1525,582351,10,October,4,Autumn,1.00756,1.06828,0.794764,1.28548,0.93468,0.6911003333333333,0.12538966936701543,-0.9709418174260521,0.23931566428755738
National,2008-10-19,2008,43,1.04943,1.08359,1976,,1668.0,2474,,367,6485,1527,598473,10,October,4,Autumn,0.979399,1.00756,0.868116,1.3775,0.98083875,0.7246150833333335,0.08380232425308864,-0.9350162426854148,0.35460488704253557
National,2008-10-26,2008,44,1.13218,1.16578,2119,,1869.0,2547,,452,6987,1545,599343,10,October,4,Autumn,1.04943,0.979399,1.06828,1.46725,1.02616725,0.7623186666666667,0.0402000755001798,-0.8854560256532101,0.464723172043768
National,2008-11-02,2008,45,1.13156,1.1913,2276,,1981.0,2668,,372,7297,1555,612526,11,November,4,Autumn,1.13218,1.04943,1.00756,1.55841,1.04214225,0.8096125833333333,0.06656464316902985,-0.822983865893657,0.5680647467311548
National,2008-11-09,2008,46,1.15469,1.28075,2512,,1889.0,2854,,412,7667,1555,598635,11,November,4,Autumn,1.13156,1.13218,0.979399,1.61958,1.07314225,0.8551024166666666,0.07359383389175458,-0.7485107481711011,0.6631226582407952
National,2008-11-16,2008,47,1.20448,1.27053,2600,,1893.0,2828,,412,7733,1563,608646,11,November,4,Autumn,1.15469,1.13156,1.04943,1.8112,1.116965,0.9093278333333332,0.04629133144161548,-0.6631226582407955,0.7485107481711007
National,2008-11-23,2008,48,1.36081,1.59578,3024,,1741.0,2412,,457,7634,1523,478386,11,November,4,Autumn,1.20448,1.15469,1.13218,1.61865,1.1557275,0.9706895833333333,0.03423660553127999,-0.5680647467311559,0.8229838658936564
National,2008-11-30,2008,49,1.30322,1.4585,3114,,2212.0,2913,,469,8708,1551,597052,11,November,4,Autumn,1.36081,1.20448,1.13156,1.62124,1.212885,1.0360525,0.10320346134362403,-0.4647231720437684,0.88545602565321
National,2008-12-07,2008,50,1.30204,1.49921,3252,,1974.0,3024,,439,8689,1543,579573,12,December,4,Winter,1.30322,1.36081,1.15469,1.67351,1.2558,1.0878740833333334,0.09333225773174675,-0.35460488704253595,0.9350162426854147
National,2008-12-14,2008,51,1.45109,1.62982,3137,,1640.0,2579,,456,7812,1416,479318,12,December,4,Winter,1.30204,1.30322,1.20448,1.95096,1.2926375,1.1301470833333334,0.06485787249804084,-0.2393156642875578,0.970941817426052
National,2008-12-21,2008,52,1.79927,2.15561,3897,,1947.0,2367,,495,8706,1484,403876,12,December,4,Winter,1.45109,1.30204,1.36081,2.50019,1.35429,1.17872825,0.07012122313041798,-0.12053668025532363,0.992708874098054
National,2008-12-28,2008,53,2.12134,2.02053,3814,,2163.0,2042,,584,8603,1490,425780,12,December,4,Winter,1.79927,1.45109,1.30322,2.43939,1.463905,1.2396440833333333,0.23427466422977383,6.432490598706546e-16,1.0
National,2009-01-04,2009,1,1.47138,1.54566,3245,,2606.0,2548,,557,8956,1539,579428,1,January,1,Winter,2.12134,1.79927,1.30204,2.29319,1.6684350000000001,1.3324590833333334,0.3668445998420967,0.0,1.0
National,2009-01-11,2009,2,1.61555,1.64224,3142,,2329.0,3345,,473,9289,1512,565631,1,January,1,Winter,1.47138,2.12134,1.45109,2.62907,1.71077,1.3734575,0.31682868630640393,0.12053668025532305,0.992708874098054
National,2009-01-18,2009,3,1.95333,1.96524,3602,,2821.0,4597,,436,11456,1566,582932,1,January,1,Winter,1.61555,1.47138,1.79927,3.92966,1.751885,1.4206341666666666,0.28048328678664974,0.23931566428755774,0.970941817426052
National,2009-01-25,2009,4,2.42907,2.34368,4039,,3215.0,6602,,468,14324,1554,611176,1,January,1,Winter,1.95333,1.61555,2.12134,4.99202,1.7904,1.4890633333333334,0.29911745262796396,0.3546048870425356,0.9350162426854148
National,2009-02-01,2009,5,2.96686,2.86057,4606,,4240.0,8882,,540,18268,1580,638613,2,February,1,Winter,2.42907,1.95333,1.47138,5.7776,1.8673324999999998,1.5971891666666667,0.42548693613902655,0.4647231720437685,0.8854560256532099
National,2009-02-08,2009,6,3.57354,3.3421,5064,,4636.0,11215,,752,21667,1569,648304,2,February,1,Winter,2.96686,2.42907,1.61555,5.98318,2.2412025,1.7482033333333333,0.5877030519672714,0.5680647467311558,0.8229838658936564
National,2009-02-15,2009,7,3.36653,3.20566,4848,,4685.0,9851,,638,20022,1543,624583,2,February,1,Winter,3.57354,2.96686,1.95333,5.61677,2.7307,1.945625,0.697957874803331,0.6631226582407952,0.7485107481711011
National,2009-02-22,2009,8,3.2962,3.10049,4694,,5007.0,10092,,657,20450,1544,659573,2,February,1,Winter,3.36653,3.57354,2.42907,4.53234,3.084,2.1127683333333334,0.5040263541389992,0.7485107481711011,0.6631226582407953
National,2009-03-01,2009,9,3.17227,2.95819,4420,,4272.0,9116,,633,18441,1534,623389,3,March,1,Spring,3.2962,3.36653,2.96686,3.83249,3.3007825,2.27885,0.25182310118742784,0.8229838658936564,0.5680647467311559
National,2009-03-08,2009,10,2.5804,2.46381,4046,,3601.0,7446,,618,15711,1524,637672,3,March,1,Spring,3.17227,3.2962,3.57354,3.21522,3.352135,2.4347024999999998,0.168035246798563,0.8854560256532099,0.4647231720437686
National,2009-03-15,2009,11,2.42922,2.19272,3657,,3002.0,6036,,582,13277,1494,605503,3,March,1,Spring,2.5804,3.17227,3.36653,2.69245,3.10385,2.528811666666667,0.35808774706765,0.9350162426854148,0.35460488704253557
National,2009-03-22,2009,12,1.99028,1.87395,3237,,2661.0,5052,,450,11400,1470,608342,3,March,1,Spring,2.42922,2.5804,3.2962,2.03366,2.8695225,2.5813075,0.4286287629464259,0.970941817426052,0.23931566428755804
National,2009-03-29,2009,13,1.72423,1.64817,2829,,2158.0,4283,,399,9669,1440,586651,3,March,1,Spring,1.99028,2.42922,3.17227,1.65275,2.5430425,2.5703858333333334,0.48847544205583915,0.992708874098054,0.120536680255323
National,2009-04-05,2009,14,1.60355,1.49878,2577,,2085.0,3407,,391,8460,1422,564460,4,April,2,Spring,1.72423,1.99028,2.5804,1.3113,2.1810325,2.5914566666666663,0.3941854366813223,1.0,-1.6081226496766366e-16
National,2009-04-12,2009,15,1.28418,1.29233,2371,,1727.0,2761,,363,7222,1415,558837,4,April,2,Spring,1.60355,1.72423,2.42922,1.1652,1.93682,2.590456666666667,0.3658684338210154,0.992708874098054,-0.12053668025532288
National,2009-04-19,2009,16,1.2932,1.27164,2353,,1743.0,2855,,397,7348,1445,577836,4,April,2,Spring,1.28418,1.60355,1.99028,1.02035,1.65056,2.5346941666666667,0.29284876176388447,0.9709418174260521,-0.2393156642875575
National,2009-04-26,2009,17,2.74012,2.98159,4821,,5093.0,8043,,670,18627,1405,624734,4,April,2,Spring,1.2932,1.28418,1.72423,0.877607,1.47629,2.4400383333333333,0.2221842714204561,0.9350162426854148,-0.35460488704253545
National,2009-05-03,2009,18,2.22391,2.43702,3920,,3875.0,6221,,562,14578,1422,598189,5,May,2,Spring,2.74012,1.2932,1.60355,0.825107,1.7302625,2.4211433333333336,0.6894155625539948,0.8854560256532099,-0.4647231720437685
National,2009-05-10,2009,19,1.76657,2.2813,3236,,3018.0,5888,,412,12554,1372,550300,5,May,2,Spring,2.22391,2.74012,1.28418,0.787315,1.8853525000000002,2.3086741666666666,0.7204863213771948,0.8229838658936565,-0.5680647467311557
National,2009-05-17,2009,20,1.92171,3.81572,4188,,4136.0,12026,,424,20774,1331,544432,5,May,2,Spring,1.76657,2.22391,1.2932,0.805439,2.00595,2.1753441666666666,0.6196309378438992,0.7485107481711013,-0.663122658240795
National,2009-05-24,2009,21,1.8611,4.21315,4496,,4950.0,12461,,487,22394,1314,531526,5,May,2,Spring,1.92171,1.76657,2.74012,0.886061,2.1630775,2.0608033333333333,0.429012473585145,0.6631226582407952,-0.7485107481711012
National,2009-05-31,2009,22,1.68423,3.17832,3865,,4213.0,8615,,412,17105,1305,538177,5,May,2,Spring,1.8611,1.92171,2.22391,0.743743,1.9433225,1.9515391666666666,0.19765157143732207,0.5680647467311558,-0.8229838658936564
National,2009-06-07,2009,23,1.7393,2.50972,3072,,3276.0,5660,,384,12392,1296,493761,6,June,2,Summer,1.68423,1.8611,1.76657,0.706842,1.8084025,1.876858333333333,0.10453768678475903,0.46472317204376906,-0.8854560256532096
National,2009-06-14,2009,24,1.83001,2.06632,2623,,3084.0,4740,,333,10780,1280,521701,6,June,2,Summer,1.7393,1.68423,1.92171,0.655943,1.801585,1.8193650000000001,0.10897043651058903,0.35460488704253584,-0.9350162426854147
National,2009-06-21,2009,25,1.58128,1.71805,2299,,2476.0,3700,,326,8801,1279,512268,6,June,2,Summer,1.83001,1.7393,1.8611,0.633492,1.77866,1.8060091666666667,0.08144407201657736,0.23931566428755768,-0.970941817426052
National,2009-06-28,2009,26,1.49172,1.55965,2145,,2023.0,2893,,361,7422,1237,475877,6,June,2,Summer,1.58128,1.83001,1.68423,0.571837,1.708705,1.7940966666666667,0.10406266269244126,0.12053668025532308,-0.992708874098054
National,2009-07-05,2009,27,1.389,1.30856,1701,,1815.0,2481,,293,6290,1246,480680,7,July,3,Summer,1.49172,1.58128,1.7393,0.558278,1.6605775,1.7847775,0.15243091645607973,-3.216245299353273e-16,-1.0
National,2009-07-12,2009,28,1.34702,1.18695,1581,,1708.0,2437,,238,5964,1248,502466,7,July,3,Summer,1.389,1.49172,1.83001,0.597893,1.5730025,1.7935125,0.18848973170522096,-0.12053668025532283,-0.992708874098054
National,2009-07-19,2009,29,1.16056,1.13796,1608,,1611.0,2285,,231,5735,1248,503971,7,July,3,Summer,1.34702,1.389,1.58128,0.577222,1.4522549999999999,1.7979975000000001,0.10532574408300353,-0.23931566428755743,-0.9709418174260521
National,2009-07-26,2009,30,1.2085,1.15005,1519,,1575.0,2199,,294,5587,1254,485804,7,July,3,Summer,1.16056,1.34702,1.49172,0.596987,1.347075,1.6663675,0.13840487696117285,-0.3546048870425356,-0.9350162426854148
National,2009-08-02,2009,31,1.15544,1.11262,1651,,1530.0,2082,,263,5526,1230,496666,8,August,3,Summer,1.2085,1.16056,1.389,0.564653,1.27627,1.5817500000000002,0.10907977569942463,-0.46472317204376806,-0.8854560256532101
National,2009-08-09,2009,32,1.14518,1.16142,1645,,1646.0,2321,,265,5877,1234,506019,8,August,3,Summer,1.15544,1.2085,1.34702,0.585682,1.21788,1.5308225,0.08934849373829948,-0.5680647467311556,-0.8229838658936566
National,2009-08-16,2009,33,1.4664,1.64107,2167,,2168.0,4210,,396,8941,1286,544827,8,August,3,Summer,1.14518,1.15544,1.16056,0.503985,1.1674200000000001,1.4661116666666667,0.028123323653197346,-0.663122658240795,-0.7485107481711013
National,2009-08-23,2009,34,2.38017,2.47166,2883,,2977.0,8253,,443,14556,1320,588916,8,August,3,Summer,1.4664,1.14518,1.2085,0.468139,1.2438799999999999,1.4332200000000002,0.15091964572790537,-0.7485107481711011,-0.6631226582407952
National,2009-08-30,2009,35,3.44681,3.71969,3713,,3982.0,13114,,541,21350,1358,573972,8,August,3,Summer,2.38017,1.4664,1.15544,0.576455,1.5367975,1.4912149999999997,0.5816731014567424,-0.8229838658936564,-0.5680647467311559
National,2009-09-06,2009,36,4.05315,3.94975,4087,,4547.0,13407,,520,22561,1367,571201,9,September,3,Autumn,3.44681,2.38017,1.14518,0.681361,2.1096399999999997,1.6335075000000001,1.0336264442888983,-0.8854560256532096,-0.4647231720437691
National,2009-09-13,2009,37,4.26621,4.08756,4445,,5668.0,15326,,652,26091,1380,638302,9,September,3,Autumn,4.05315,3.44681,1.4664,0.794764,2.8366325,1.8187691666666668,1.1457350664202366,-0.9350162426854147,-0.3546048870425359
National,2009-09-20,2009,38,4.21579,4.01897,4462,,5252.0,14152,,588,24454,1313,608464,9,September,3,Autumn,4.26621,4.05315,2.38017,0.868116,3.5365849999999996,2.0425133333333334,0.8454874812201477,-0.970941817426052,-0.23931566428755774
National,2009-09-27,2009,39,4.8861,4.60362,4974,,6090.0,16291,,564,27919,1331,606458,9,September,3,Autumn,4.21579,4.26621,3.44681,1.06828,3.99549,2.2695191666666665,0.37691547522841246,-0.992708874098054,-0.12053668025532357
National,2009-10-04,2009,40,6.06923,5.66087,9302,8554.0,,27406,2255.0,903,48420,2056,855346,10,October,4,Autumn,4.8861,4.21579,4.05315,1.00756,4.3553125,2.560944166666667,0.36535066720206816,-1.0,-1.8369701987210297e-16
National,2009-10-11,2009,41,7.09467,6.81522,11527,10271.0,,32585,2800.0,1013,58196,2134,853912,10,October,4,Autumn,6.06923,4.8861,4.26621,0.979399,4.8593325,2.954461666666667,0.862266337213548,-0.992708874098054,0.1205366802553232
National,2009-10-18,2009,42,7.7151,7.61889,13187,12399.0,,39364,3048.0,1070,69068,2162,906536,10,October,4,Autumn,7.09467,6.06923,4.21579,1.04943,5.5664475,3.4489708333333327,1.2748075220564377,-0.9709418174260521,0.23931566428755738
National,2009-10-25,2009,43,7.55134,7.38836,13174,12166.0,,36860,3083.0,1128,66411,2167,898860,10,October,4,Autumn,7.7151,7.09467,4.8861,1.13218,6.441275,3.9911875,1.2391585746384588,-0.9350162426854148,0.35460488704253557
National,2009-11-01,2009,44,6.67118,6.33927,12161,10250.0,,30860,2672.0,1074,57017,2197,899425,11,November,4,Autumn,7.55134,7.7151,6.06923,1.13156,7.107584999999999,4.524179166666666,0.7403469633669684,-0.8854560256532101,0.464723172043768
National,2009-11-08,2009,45,5.20633,4.94349,10151,8174.0,,21112,2314.0,978,42729,2191,864348,11,November,4,Autumn,6.67118,7.55134,7.09467,1.15469,7.2580725,4.984679166666667,0.47117694690179085,-0.822983865893657,0.5680647467311548
National,2009-11-15,2009,46,4.04477,3.80996,8979,6163.0,,14652,1843.0,883,32520,2157,853552,11,November,4,Autumn,5.20633,6.67118,7.7151,1.20448,6.7859875,5.29634,1.1485517063204804,-0.7485107481711011,0.6631226582407952
National,2009-11-22,2009,47,3.49722,3.44106,7716,4378.0,,8237,1406.0,771,22508,2146,654101,11,November,4,Autumn,4.04477,5.20633,7.55134,1.36081,5.868405,5.435056666666667,1.553566416743534,-0.6631226582407955,0.7485107481711007
National,2009-11-29,2009,48,2.69023,2.66773,7195,4259.0,,7988,1470.0,818,21730,2122,814550,11,November,4,Autumn,3.49722,4.04477,6.67118,1.30322,4.854875,5.4392575,1.404988929980114,-0.5680647467311559,0.8229838658936564
National,2009-12-06,2009,49,2.47119,2.47183,6490,3588.0,,7218,1314.0,715,19325,2093,781811,12,December,4,Winter,2.69023,3.49722,5.20633,1.30204,3.8596375,5.325680833333333,1.056206273647176,-0.4647231720437684,0.88545602565321
National,2009-12-13,2009,50,2.44773,2.345,6275,3249.0,,5785,1113.0,659,17081,2014,728401,12,December,4,Winter,2.47119,2.69023,4.04477,1.45109,3.1758524999999995,5.176095833333333,0.728165078187388,-0.35460488704253595,0.9350162426854147
National,2009-12-20,2009,51,2.64594,2.71435,6078,2677.0,,4127,1049.0,644,14575,1934,536961,12,December,4,Winter,2.44773,2.47119,3.49722,1.79927,2.7765924999999996,5.0287575,0.49267423519499526,-0.2393156642875578,0.970941817426052
National,2009-12-27,2009,52,2.61567,2.67667,6598,3202.0,,3726,1284.0,803,15613,1937,583299,12,December,4,Winter,2.64594,2.44773,2.69023,2.12134,2.5637725000000002,4.8420775,0.12217525455251162,-0.12053668025532363,0.992708874098054
National,2010-01-03,2010,1,1.90712,1.98284,4998,3333.0,,3961,1244.0,763,14299,1996,721138,1,January,1,Winter,2.61567,2.64594,2.47119,1.47138,2.5451325000000002,4.554280833333333,0.10015393364701547,0.0,1.0
National,2010-01-10,2010,2,1.86738,1.82749,4877,2793.0,,4614,1182.0,622,14088,2016,770895,1,January,1,Winter,1.90712,2.61567,2.44773,1.61555,2.404115,4.1219850000000005,0.3426082052432036,0.12053668025532305,0.992708874098054
National,2010-01-17,2010,3,1.88072,1.92606,5399,2693.0,,5079,1008.0,578,14757,2053,766177,1,January,1,Winter,1.86738,1.90712,2.64594,1.95333,2.2590275,3.634675,0.42977583625067556,0.23931566428755774,0.970941817426052
National,2010-01-24,2010,4,1.96908,1.92495,5333,2560.0,,5655,1046.0,528,15122,2026,785580,1,January,1,Winter,1.88072,1.86738,2.61567,2.42907,2.0677225000000004,3.1621233333333336,0.3656713816506546,0.3546048870425356,0.9350162426854148
National,2010-01-31,2010,5,2.11387,2.08877,5816,2581.0,,6142,948.0,550,16037,1996,767773,1,January,1,Winter,1.96908,1.88072,1.90712,2.96686,1.906075,2.770281666666667,0.04513277116793142,0.4647231720437685,0.8854560256532099
National,2010-02-07,2010,6,2.09695,2.03434,5496,2644.0,,5577,1006.0,658,15381,1977,756068,2,February,1,Winter,2.11387,1.96908,1.86738,3.57354,1.9577624999999999,2.5125766666666665,0.11343453394637257,0.5680647467311558,0.8229838658936564
National,2010-02-14,2010,7,1.90294,1.97649,5388,2649.0,,5536,994.0,498,15065,1954,762208,2,February,1,Winter,2.09695,2.11387,1.88072,3.36653,2.015155,2.350258333333333,0.11049999713407872,0.6631226582407952,0.7485107481711011
National,2010-02-21,2010,8,1.96951,1.99362,5040,2943.0,,6207,1218.0,679,16087,1990,806925,2,February,1,Winter,1.90294,2.09695,1.96908,3.2962,2.0207100000000002,2.217401666666667,0.10169685835838196,0.7485107481711011,0.6631226582407953
National,2010-02-28,2010,9,1.92331,1.85383,4281,2763.0,,5685,1085.0,672,14486,1953,781411,2,February,1,Winter,1.96951,1.90294,2.11387,3.17227,2.0208175,2.157341666666667,0.10162429151027229,0.8229838658936564,0.5680647467311559
National,2010-03-07,2010,10,1.89659,1.8673,4612,2660.0,,5270,1112.0,700,14354,1946,768702,3,March,1,Spring,1.92331,1.96951,2.09695,2.5804,1.9731775,2.111685,0.08708837709455985,0.8854560256532099,0.4647231720437686
National,2010-03-14,2010,11,1.75181,1.69987,4063,2468.0,,4466,976.0,628,12601,1933,741293,3,March,1,Spring,1.89659,1.92331,1.90294,2.42922,1.9230875,2.0657566666666667,0.032980485517403825,0.9350162426854148,0.35460488704253557
National,2010-03-21,2010,12,1.52632,1.49741,3625,2097.0,,4108,827.0,534,11191,1917,747358,3,March,1,Spring,1.75181,1.89659,1.96951,1.99028,1.885305,1.9912458333333334,0.09395589089193176,0.970941817426052,0.23931566428755804
National,2010-03-28,2010,13,1.49572,1.45112,3408,1954.0,,3733,736.0,528,10359,1875,713863,3,March,1,Spring,1.52632,1.75181,1.92331,1.72423,1.7745075,1.9004666666666665,0.18180441182296808,0.992708874098054,0.120536680255323
National,2010-04-04,2010,14,1.22313,1.20715,3090,1718.0,,2933,644.0,428,8813,1850,730068,4,April,2,Spring,1.49572,1.52632,1.89659,1.60355,1.6676099999999998,1.8661833333333335,0.19063972705943064,1.0,-1.6081226496766366e-16
National,2010-04-11,2010,15,1.17754,1.17415,3117,1572.0,,3110,598.0,404,8801,1831,749563,4,April,2,Spring,1.22313,1.49572,1.75181,1.28418,1.499245,1.8124958333333334,0.21662106214914947,0.992708874098054,-0.12053668025532288
National,2010-04-18,2010,16,1.09112,1.16207,2921,1461.0,,3044,522.0,414,8362,1765,719580,4,April,2,Spring,1.17754,1.22313,1.52632,1.2932,1.3556775,1.7538974999999999,0.18076925741109148,0.9709418174260521,-0.2393156642875575
National,2010-04-25,2010,17,1.11958,1.17213,3081,1435.0,,2972,557.0,395,8440,1755,720054,4,April,2,Spring,1.09112,1.17754,1.49572,2.74012,1.2468775,1.6807341666666664,0.17469461094041508,0.9350162426854148,-0.35460488704253545
National,2010-05-02,2010,18,1.08169,1.12168,2781,1385.0,,2901,482.0,365,7914,1710,705551,5,May,2,Spring,1.11958,1.09112,1.22313,2.22391,1.1528425,1.5978766666666668,0.05906595205041588,0.8854560256532099,-0.4647231720437685
National,2010-05-09,2010,19,1.12497,1.14981,2851,1363.0,,2645,491.0,347,7697,1664,669414,5,May,2,Spring,1.08169,1.11958,1.17754,1.76657,1.1174825,1.5132716666666666,0.043156255919101674,0.8229838658936565,-0.5680647467311557
National,2010-05-16,2010,20,1.06197,1.13328,2816,1364.0,,2553,498.0,372,7603,1624,670887,5,May,2,Spring,1.12497,1.08169,1.09112,1.92171,1.10434,1.4484408333333334,0.02117896283158193,0.7485107481711013,-0.663122658240795
National,2010-05-23,2010,21,1.08909,1.08171,2636,1235.0,,2188,445.0,349,6853,1497,633532,5,May,2,Spring,1.06197,1.12497,1.11958,1.8611,1.0970525000000002,1.3728125,0.03029666249421081,0.6631226582407952,-0.7485107481711012
National,2010-05-30,2010,22,1.1776,1.19959,2413,1212.0,,2172,463.0,335,6595,1421,549773,5,May,2,Spring,1.08909,1.06197,1.08169,1.68423,1.0894300000000001,1.3032941666666666,0.026313281816503026,0.5680647467311558,-0.8229838658936564
National,2010-06-06,2010,23,0.97493,0.952808,2147,1081.0,,1831,374.0,322,5755,1435,604004,6,June,2,Summer,1.1776,1.08909,1.12497,1.7393,1.1134075,1.2433783333333335,0.04997174426568435,0.46472317204376906,-0.8854560256532096
National,2010-06-13,2010,24,0.987132,0.916032,1975,978.0,,1784,339.0,240,5316,1405,580329,6,June,2,Summer,0.97493,1.1776,1.06197,1.83001,1.0758975,1.1786383333333335,0.08347824442105396,0.35460488704253584,-0.9350162426854147
National,2010-06-20,2010,25,0.995991,0.926582,2027,882.0,,1779,397.0,249,5334,1384,575664,6,June,2,Summer,0.987132,0.97493,1.08909,1.58128,1.057188,1.1337059999999999,0.09520330709918126,0.23931566428755768,-0.970941817426052
National,2010-06-27,2010,26,0.904726,0.86962,1754,862.0,,1541,323.0,238,4718,1347,542536,6,June,2,Summer,0.995991,0.987132,1.1776,1.49172,1.0339132500000001,1.0920619166666665,0.09617949937939355,0.12053668025532308,-0.992708874098054
National,2010-07-04,2010,27,0.941927,0.903133,1753,816.0,,1566,334.0,222,4691,1353,519414,7,July,3,Summer,0.904726,0.995991,0.97493,1.389,0.96569475,1.06552825,0.041552764731964856,-3.216245299353273e-16,-1.0
National,2010-07-11,2010,28,0.880415,0.773776,1458,819.0,,1450,298.0,209,4234,1284,547187,7,July,3,Summer,0.941927,0.904726,0.987132,1.34702,0.957444,1.0458938333333332,0.04237614645788282,-0.12053668025532283,-0.992708874098054
National,2010-07-18,2010,29,0.842615,0.742774,1323,759.0,,1335,335.0,198,3950,1265,531790,7,July,3,Summer,0.880415,0.941927,0.995991,1.16056,0.93076475,1.0283350833333333,0.05030630623360901,-0.23931566428755743,-0.9709418174260521
National,2010-07-25,2010,30,0.858382,0.730934,1290,805.0,,1279,302.0,174,3850,1250,526723,7,July,3,Summer,0.842615,0.880415,0.904726,1.2085,0.89242075,1.0052546666666669,0.041741421204872314,-0.3546048870425356,-0.9350162426854148
National,2010-08-01,2010,31,0.83383,0.786882,1381,839.0,,1357,291.0,209,4077,1241,518121,8,August,3,Summer,0.858382,0.842615,0.941927,1.15544,0.88083475,0.9866456666666666,0.04357871985502142,-0.46472317204376806,-0.8854560256532101
National,2010-08-08,2010,32,0.847437,0.763051,1378,809.0,,1307,300.0,214,4008,1212,525260,8,August,3,Summer,0.83383,0.858382,0.880415,1.14518,0.8538105,0.962384,0.02043899567702572,-0.5680647467311556,-0.8229838658936566
National,2010-08-15,2010,33,0.888273,0.841043,1485,883.0,,1592,360.0,198,4518,1225,537190,8,August,3,Summer,0.847437,0.83383,0.842615,1.4664,0.845566,0.9445062499999999,0.010233809877983805,-0.663122658240795,-0.7485107481711013
National,2010-08-22,2010,34,0.765372,0.791573,1520,811.0,,1592,295.0,202,4420,1235,558382,8,August,3,Summer,0.888273,0.847437,0.858382,2.38017,0.8569805,0.9277715,0.023153176894014187,-0.7485107481711011,-0.6631226582407952
National,2010-08-29,2010,35,0.91858,0.912732,1564,1019.0,,1866,354.0,204,5007,1170,548573,8,August,3,Summer,0.765372,0.888273,0.83383,3.44681,0.833728,0.8934191666666668,0.051106577677945894,-0.8229838658936564,-0.5680647467311559
National,2010-09-05,2010,36,1.01432,1.03398,1850,1076.0,,1959,374.0,234,5493,1198,531250,9,September,3,Autumn,0.91858,0.765372,0.847437,4.05315,0.8549154999999999,0.8887233333333332,0.0664325666142153,-0.8854560256532096,-0.4647231720437691
National,2010-09-12,2010,37,1.01233,0.934009,1720,1061.0,,2118,358.0,253,5510,1210,589930,9,September,3,Autumn,1.01432,0.91858,0.888273,4.26621,0.89663625,0.8909890000000001,0.10268274839947215,-0.9350162426854147,-0.3546048870425359
National,2010-09-19,2010,38,1.11803,1.08189,2134,1291.0,,2510,480.0,326,6741,1206,623077,9,September,3,Autumn,1.01233,1.01432,0.765372,4.21579,0.9276504999999999,0.8923505833333333,0.11704529818672617,-0.970941817426052,-0.23931566428755774
National,2010-09-26,2010,39,1.11806,1.06563,1995,1269.0,,2383,446.0,294,6387,1254,599366,9,September,3,Autumn,1.11803,1.01233,0.91858,4.8861,1.015815,0.9101259166666668,0.08147991920275388,-0.992708874098054,-0.12053668025532357
National,2010-10-03,2010,40,1.10939,1.13505,2627,1677.0,,3142,627.0,400,8473,1838,746485,10,October,4,Autumn,1.11806,1.11803,1.01432,6.06923,1.0656850000000002,0.9248036666666667,0.060465579464307646,-1.0,-1.8369701987210297e-16
National,2010-10-10,2010,41,1.24341,1.25256,2953,1779.0,,3522,649.0,444,9347,1875,746230,10,October,4,Autumn,1.10939,1.11806,1.01233,7.09467,1.0894525,0.9438849166666666,0.05157663060878211,-0.992708874098054,0.1205366802553232
National,2010-10-17,2010,42,1.25726,1.2457,3044,1898.0,,3641,690.0,411,9684,1907,777397,10,October,4,Autumn,1.24341,1.10939,1.11803,7.7151,1.1472225,0.9772845,0.0642546669507776,-0.9709418174260521,0.23931566428755738
National,2010-10-24,2010,43,1.25734,1.26774,3226,1754.0,,3822,682.0,420,9904,1929,781234,10,October,4,Autumn,1.25726,1.24341,1.11806,7.55134,1.1820300000000001,1.0105243333333334,0.07915341180237102,-0.9350162426854148,0.35460488704253557
National,2010-10-31,2010,44,1.43414,1.43723,3451,1981.0,,4397,736.0,455,11020,1947,766753,10,October,4,Autumn,1.25734,1.25726,1.10939,6.67118,1.21685,1.0458168333333333,0.07193861596265785,-0.8854560256532101,0.464723172043768
National,2010-11-07,2010,45,1.51838,1.53341,3927,1956.0,,4679,734.0,511,11807,1940,769982,11,November,4,Autumn,1.43414,1.25734,1.24341,5.20633,1.2980375,1.09470875,0.09097095740742564,-0.822983865893657,0.5680647467311548
National,2010-11-14,2010,46,1.61617,1.69445,4416,2327.0,,5322,774.0,497,13336,1921,787038,11,November,4,Autumn,1.51838,1.43414,1.25726,4.04477,1.3667799999999999,1.1472176666666667,0.13101103464959635,-0.7485107481711011,0.6631226582407952
National,2010-11-21,2010,47,1.84378,1.9915,4598,2043.0,,4145,743.0,550,12079,1938,606527,11,November,4,Autumn,1.61617,1.51838,1.25734,3.49722,1.4565075,1.2181175,0.15219320864707486,-0.6631226582407955,0.7485107481711007
National,2010-11-28,2010,48,1.72535,1.81305,5045,2440.0,,4978,915.0,619,13997,1964,772016,11,November,4,Autumn,1.84378,1.61617,1.43414,2.69023,1.6031175,1.2952175000000001,0.1768451734096626,-0.5680647467311559,0.8229838658936564
National,2010-12-05,2010,49,1.87923,2.01426,5060,2511.0,,5867,893.0,627,14958,1936,742606,12,December,4,Winter,1.72535,1.84378,1.51838,2.47119,1.67592,1.35447,0.1402488485988188,-0.4647231720437684,0.88545602565321
National,2010-12-12,2010,50,2.3371,2.55659,6300,2847.0,,7194,1031.0,650,18022,1916,704923,12,December,4,Winter,1.87923,1.72535,1.61617,2.44773,1.7661325,1.4267116666666668,0.11968311280890333,-0.35460488704253595,0.9350162426854147
National,2010-12-19,2010,51,3.03533,3.38185,7295,3433.0,,7071,1262.0,838,19899,1840,588406,12,December,4,Winter,2.3371,1.87923,1.84378,2.64594,1.946365,1.5283008333333334,0.2686709641301615,-0.2393156642875578,0.970941817426052
National,2010-12-26,2010,52,3.136,3.43172,7478,4455.0,,5764,1581.0,1068,20346,1887,592880,12,December,4,Winter,3.03533,2.3371,1.72535,2.61567,2.2442525,1.6880733333333333,0.5879131169583085,-0.12053668025532363,0.992708874098054
National,2011-01-02,2011,1,2.53336,2.69151,6584,4455.0,,6342,1586.0,1059,20026,1923,744043,1,January,1,Winter,3.136,3.03533,1.87923,1.90712,2.596915,1.8569575,0.595929510065274,0.0,1.0
National,2011-01-09,2011,2,2.91288,2.91063,6238,4220.0,,7773,1537.0,953,20721,1921,711908,1,January,1,Winter,2.53336,3.136,2.3371,1.86738,2.7604474999999997,1.9644533333333334,0.38617435935723715,0.12053668025532305,0.992708874098054
National,2011-01-16,2011,3,3.44497,3.49232,7247,5095.0,,11243,1734.0,938,26257,1964,751850,1,January,1,Winter,2.91288,2.53336,3.03533,1.88072,2.9043925,2.102421666666667,0.26364358306554825,0.23931566428755774,0.970941817426052
National,2011-01-23,2011,4,4.16185,4.0037,8007,5952.0,,15291,1794.0,931,31975,1947,798637,1,January,1,Winter,3.44497,2.91288,3.136,1.96908,3.0068025,2.2847241666666664,0.3836891054290895,0.3546048870425356,0.9350162426854148
National,2011-01-30,2011,5,4.55159,4.43534,8195,6536.0,,16366,1990.0,1197,34284,1970,772974,1,January,1,Winter,4.16185,3.44497,2.53336,2.11387,3.2632650000000005,2.5120333333333336,0.7061639721056134,0.4647231720437685,0.8854560256532099
National,2011-02-06,2011,6,4.46504,4.24215,8036,6812.0,,16516,1996.0,1096,34456,1961,812230,2,February,1,Winter,4.55159,4.16185,2.91288,2.09695,3.7678225,2.7648008333333336,0.7313707632190727,0.5680647467311558,0.8229838658936564
National,2011-02-13,2011,7,4.55124,4.39719,8172,7257.0,,17493,2352.0,1293,36567,1910,831600,2,February,1,Winter,4.46504,4.55159,3.44497,1.90294,4.1558625,3.0022066666666665,0.5025252821085909,0.6631226582407952,0.7485107481711011
National,2011-02-20,2011,8,4.0822,3.90256,7839,6425.0,,13718,2028.0,1267,31277,1908,801449,2,February,1,Winter,4.55124,4.46504,4.16185,1.96951,4.43243,3.227828333333333,0.18492509312328215,0.7485107481711011,0.6631226582407953
National,2011-02-27,2011,9,3.38812,3.15073,6376,4869.0,,10496,1740.0,1146,24627,1860,781629,2,February,1,Winter,4.0822,4.55124,4.55159,1.92331,4.4125175,3.4242325,0.22394445447845837,0.8229838658936564,0.5680647467311559
National,2011-03-06,2011,10,2.99142,2.72422,5691,3939.0,,8427,1421.0,899,20377,1829,747993,3,March,1,Spring,3.38812,4.0822,4.46504,1.89659,4.12165,3.5499733333333334,0.5298071421438669,0.8854560256532099,0.4647231720437686
National,2011-03-13,2011,11,2.61542,2.33336,5363,3265.0,,6702,1175.0,804,17309,1823,741807,3,March,1,Spring,2.99142,3.38812,4.55124,1.75181,3.753245,3.6045,0.6973045743671228,0.9350162426854148,0.35460488704253557
National,2011-03-20,2011,12,2.09065,1.925,4400,2551.0,,5489,978.0,613,14031,1790,728883,3,March,1,Spring,2.61542,2.99142,4.0822,1.52632,3.26929,3.5695075,0.6270834476101589,0.970941817426052,0.23931566428755804
National,2011-03-27,2011,13,1.86146,1.75243,4189,2244.0,,5025,877.0,622,12957,1770,739375,3,March,1,Spring,2.09065,2.61542,3.38812,1.49572,2.7714024999999998,3.4823950000000004,0.5527213528457513,0.992708874098054,0.120536680255323
National,2011-04-03,2011,14,1.61377,1.57704,3701,1985.0,,4557,747.0,508,11498,1723,729089,4,April,2,Spring,1.86146,2.09065,2.99142,1.22313,2.3897375,3.4264033333333335,0.5103870659525317,1.0,-1.6081226496766366e-16
National,2011-04-10,2011,15,1.42199,1.35766,3164,1574.0,,3562,641.0,450,9391,1681,691707,4,April,2,Spring,1.61377,1.86146,2.61542,1.17754,2.045325,3.3181441666666665,0.4270475074664376,0.992708874098054,-0.12053668025532288
National,2011-04-17,2011,16,1.3382,1.31223,3139,1505.0,,3064,559.0,428,8695,1651,662612,4,April,2,Spring,1.42199,1.61377,2.09065,1.09112,1.7469675,3.1495625,0.2913063352525895,0.9709418174260521,-0.2393156642875575
National,2011-04-24,2011,17,1.19995,1.14937,2895,1324.0,,2673,555.0,383,7830,1612,681240,4,April,2,Spring,1.3382,1.42199,1.86146,1.11958,1.5588549999999999,2.914258333333333,0.2323833761265181,0.9350162426854148,-0.35460488704253545
National,2011-05-01,2011,18,1.14889,1.11451,2532,1305.0,,2553,524.0,393,7307,1585,655627,5,May,2,Spring,1.19995,1.3382,1.61377,1.08169,1.3934775,2.634955,0.1730609174778943,0.8854560256532099,-0.4647231720437685
National,2011-05-08,2011,19,1.12194,1.10984,2551,1254.0,,2595,485.0,351,7236,1556,651983,5,May,2,Spring,1.14889,1.19995,1.42199,1.12497,1.2772575000000002,2.3586091666666666,0.12532112016052777,0.8229838658936565,-0.5680647467311557
National,2011-05-15,2011,20,1.06712,1.0524,2353,1131.0,,2280,461.0,305,6530,1516,620485,5,May,2,Spring,1.12194,1.14889,1.3382,1.06197,1.202245,2.072834166666667,0.0962369958312396,0.7485107481711013,-0.663122658240795
National,2011-05-22,2011,21,1.05058,1.03536,2213,1045.0,,2110,405.0,299,6072,1381,586460,5,May,2,Spring,1.06712,1.12194,1.19995,1.08909,1.1344750000000001,1.8215775,0.055343142001709006,0.6631226582407952,-0.7485107481711012
National,2011-05-29,2011,22,1.15203,1.11777,2249,1013.0,,1980,397.0,307,5946,1357,531954,5,May,2,Spring,1.05058,1.06712,1.14889,1.1776,1.0971324999999998,1.6267825,0.04605118990450663,0.5680647467311558,-0.8229838658936564
National,2011-06-05,2011,23,0.970975,0.982949,2040,1037.0,,1760,432.0,278,5547,1296,564322,6,June,2,Summer,1.15203,1.05058,1.12194,0.97493,1.0979175,1.4734999999999998,0.04723899545524805,0.46472317204376906,-0.8854560256532096
National,2011-06-12,2011,24,0.894683,0.925194,1812,911.0,,1599,405.0,262,4989,1279,539238,6,June,2,Summer,0.970975,1.15203,1.06712,0.987132,1.06017625,1.3364629166666668,0.07423897913408126,0.35460488704253584,-0.9350162426854147
National,2011-06-19,2011,25,0.843568,0.835531,1604,870.0,,1422,308.0,244,4448,1251,532356,6,June,2,Summer,0.894683,0.970975,1.05058,0.995991,1.017067,1.236799,0.11021259525399123,0.23931566428755768,-0.970941817426052
National,2011-06-26,2011,26,0.815409,0.832393,1472,750.0,,1462,324.0,210,4218,1225,506732,6,June,2,Summer,0.843568,0.894683,1.15203,0.904726,0.965314,1.1519746666666668,0.1350379431294017,0.12053668025532308,-0.992708874098054
National,2011-07-03,2011,27,0.823052,0.855591,1423,823.0,,1269,270.0,224,4009,1211,468565,7,July,3,Summer,0.815409,0.843568,0.970975,0.941927,0.8811587500000001,1.0854445833333333,0.06827873805855363,-3.216245299353273e-16,-1.0
National,2011-07-10,2011,28,0.674635,0.706949,1255,756.0,,1206,316.0,188,3721,1220,526346,7,July,3,Summer,0.823052,0.815409,0.894683,0.880415,0.8441780000000001,1.0355330833333334,0.03570756391324074,-0.12053668025532283,-0.992708874098054
National,2011-07-17,2011,29,0.631883,0.694387,1243,733.0,,1184,259.0,178,3597,1203,518011,7,July,3,Summer,0.674635,0.823052,0.843568,0.842615,0.789166,0.9802360000000001,0.07727415180134664,-0.23931566428755743,-0.9709418174260521
National,2011-07-24,2011,30,0.641513,0.687976,1251,667.0,,1188,263.0,169,3538,1179,514262,7,July,3,Summer,0.631883,0.674635,0.815409,0.858382,0.73624475,0.9328970833333333,0.09745018092783088,-0.3546048870425356,-0.9350162426854148
National,2011-07-31,2011,31,0.529813,0.644743,1088,635.0,,1125,203.0,151,3202,1175,496632,7,July,3,Summer,0.641513,0.631883,0.823052,0.83383,0.69277075,0.8906156666666667,0.08876332682025734,-0.46472317204376806,-0.8854560256532101
National,2011-08-07,2011,32,0.644089,0.67533,1207,704.0,,1223,231.0,158,3523,1175,521671,8,August,3,Summer,0.529813,0.641513,0.674635,0.847437,0.619461,0.8412717499999999,0.06250741547434446,-0.5680647467311556,-0.8229838658936566
National,2011-08-14,2011,33,0.667718,0.72823,1342,767.0,,1358,241.0,166,3874,1191,531975,8,August,3,Summer,0.644089,0.529813,0.631883,0.888273,0.6118245,0.8060191666666667,0.05492611566715992,-0.663122658240795,-0.7485107481711013
National,2011-08-21,2011,34,0.705668,0.806526,1505,814.0,,1600,305.0,220,4444,1195,551005,8,August,3,Summer,0.667718,0.644089,0.641513,0.765372,0.62078325,0.774114,0.06178278525230417,-0.7485107481711011,-0.6631226582407952
National,2011-08-28,2011,35,0.804155,0.860408,1528,887.0,,1781,308.0,213,4717,1200,548228,8,August,3,Summer,0.705668,0.667718,0.529813,0.91858,0.636822,0.7369171666666667,0.07571452943314454,-0.8229838658936564,-0.5680647467311559
National,2011-09-04,2011,36,0.907804,0.936075,1622,904.0,,1809,293.0,185,4813,1184,514168,9,September,3,Autumn,0.804155,0.705668,0.644089,1.01432,0.7054075000000001,0.7230154999999999,0.07054925813181841,-0.8854560256532096,-0.4647231720437691
National,2011-09-11,2011,37,1.00555,0.966683,1788,1022.0,,2206,346.0,205,5567,1196,575887,9,September,3,Autumn,0.907804,0.804155,0.667718,1.01233,0.7713362500000001,0.7241089166666667,0.10762524166848915,-0.9350162426854147,-0.3546048870425359
National,2011-09-18,2011,38,1.03601,0.996007,1816,1126.0,,2264,374.0,242,5822,1201,584534,9,September,3,Autumn,1.00555,0.907804,0.705668,1.11803,0.85579425,0.7376074166666666,0.12953288106706715,-0.970941817426052,-0.23931566428755774
National,2011-09-25,2011,39,1.07583,1.10846,2248,1253.0,,2514,449.0,244,6708,1213,605162,9,September,3,Autumn,1.03601,1.00555,0.804155,1.11806,0.9383797500000001,0.7559908333333333,0.104872411689328,-0.992708874098054,-0.12053668025532357
National,2011-10-02,2011,40,1.16092,1.20345,3106,1765.0,,3485,632.0,377,9365,1850,778182,10,October,4,Autumn,1.07583,1.03601,0.907804,1.10939,1.0062985,0.7770556666666667,0.07169176965049757,-1.0,-1.8369701987210297e-16
National,2011-10-09,2011,41,1.19785,1.23777,3317,1777.0,,3667,672.0,370,9803,1883,791987,10,October,4,Autumn,1.16092,1.07583,1.00555,1.24341,1.0695775,0.8175794166666667,0.0673519212169981,-0.992708874098054,0.1205366802553232
National,2011-10-16,2011,42,1.27926,1.25259,3324,1763.0,,3837,655.0,379,9958,1905,794995,10,October,4,Autumn,1.19785,1.16092,1.03601,1.25726,1.1176525000000002,0.8647433333333333,0.07465104347309048,-0.9709418174260521,0.23931566428755738
National,2011-10-23,2011,43,1.29194,1.30546,3453,1773.0,,4035,657.0,380,10298,1900,788840,10,October,4,Autumn,1.27926,1.19785,1.07583,1.25734,1.178465,0.9178889166666667,0.08441402035970441,-0.9350162426854148,0.35460488704253557
National,2011-10-30,2011,44,1.42824,1.45295,3634,1957.0,,4658,760.0,387,11396,1925,784334,10,October,4,Autumn,1.29194,1.27926,1.16092,1.43414,1.2324925000000002,0.9813994999999999,0.0633612128326355,-0.8854560256532101,0.464723172043768
National,2011-11-06,2011,45,1.39803,1.44089,3949,2072.0,,4348,671.0,456,11496,1946,797839,11,November,4,Autumn,1.42824,1.29194,1.19785,1.51838,1.2993225000000002,1.0467454166666668,0.09552206599327344,-0.822983865893657,0.5680647467311548
National,2011-11-13,2011,46,1.45831,1.46221,3923,2166.0,,4361,797.0,474,11721,1900,801594,11,November,4,Autumn,1.39803,1.42824,1.27926,1.61617,1.3493675,1.10760475,0.07483735581216915,-0.7485107481711011,0.6631226582407952
National,2011-11-20,2011,47,1.56548,1.65573,4125,1803.0,,3340,679.0,430,10377,1918,626731,11,November,4,Autumn,1.45831,1.39803,1.29194,1.84378,1.39413,1.1703249166666667,0.07243519080270586,-0.6631226582407955,0.7485107481711007
National,2011-11-27,2011,48,1.34313,1.46606,4237,2059.0,,3955,815.0,413,11479,1904,782984,11,November,4,Autumn,1.56548,1.45831,1.42824,1.72535,1.462515,1.2337686666666667,0.07292133684063405,-0.5680647467311559,0.8229838658936564
National,2011-12-04,2011,49,1.48139,1.51811,3995,1938.0,,4040,772.0,442,11187,1898,736905,12,December,4,Winter,1.34313,1.56548,1.39803,1.87923,1.4412375000000002,1.2700458333333333,0.09525341406807926,-0.4647231720437684,0.88545602565321
National,2011-12-11,2011,50,1.63398,1.66429,4579,2077.0,,4097,838.0,546,12137,1872,729258,12,December,4,Winter,1.48139,1.34313,1.45831,2.3371,1.4620775,1.3096991666666666,0.09170196558212486,-0.35460488704253595,0.9350162426854147
National,2011-12-18,2011,51,1.83126,1.85274,5016,2068.0,,3535,818.0,521,11958,1851,645424,12,December,4,Winter,1.63398,1.48139,1.56548,3.03533,1.505995,1.3595300000000001,0.1252318379378519,-0.2393156642875578,0.970941817426052
National,2011-12-25,2011,52,2.10451,2.12413,5243,2315.0,,3184,946.0,668,12356,1821,581697,12,December,4,Winter,1.83126,1.63398,1.34313,3.136,1.57244,1.4224825,0.2094820140249752,-0.12053668025532363,0.992708874098054
National,2012-01-01,2012,1,1.73625,1.76709,4514,2342.0,,3393,1028.0,715,11992,1891,678631,1,January,1,Winter,2.10451,1.83126,1.48139,2.53336,1.762785,1.5011150000000002,0.26909643581182724,0.0,1.0
National,2012-01-08,2012,2,1.55066,1.5434,4059,2319.0,,3636,918.0,611,11543,1883,747894,1,January,1,Winter,1.73625,2.10451,1.63398,2.91288,1.8265,1.5459816666666668,0.20209010416139375,0.12053668025532305,0.992708874098054
National,2012-01-15,2012,3,1.62891,1.64762,4364,2247.0,,4030,800.0,498,11939,1887,724623,1,January,1,Winter,1.55066,1.73625,1.83126,3.44497,1.8056699999999999,1.5685983333333333,0.23080253479247018,0.23931566428755774,0.970941817426052
National,2012-01-22,2012,4,1.76038,1.6843,4766,2303.0,,4802,825.0,513,13209,1891,784244,1,January,1,Winter,1.62891,1.55066,2.10451,4.16185,1.7550824999999999,1.5966791666666669,0.24505937992990348,0.3546048870425356,0.9350162426854148
National,2012-01-29,2012,5,1.92728,1.86354,5218,2415.0,,5336,915.0,564,14448,1885,775298,1,January,1,Winter,1.76038,1.62891,1.73625,4.55159,1.66905,1.6243574999999997,0.09744129959430842,0.4647231720437685,0.8854560256532099
National,2012-02-05,2012,6,1.91994,1.86408,5028,2582.0,,5555,894.0,565,14624,1875,784516,2,February,1,Winter,1.92728,1.76038,1.55066,4.46504,1.7168075,1.6684616666666667,0.164851648737974,0.5680647467311558,0.8229838658936564
National,2012-02-12,2012,7,2.09951,2.01839,5277,2937.0,,5994,1054.0,667,15929,1884,789193,2,February,1,Winter,1.91994,1.92728,1.62891,4.55124,1.8091275000000002,1.706930833333333,0.14270492805656534,0.6631226582407952,0.7485107481711011
National,2012-02-19,2012,8,2.23973,2.10385,5246,3009.0,,5990,1131.0,761,16137,1853,767022,2,February,1,Winter,2.09951,1.91994,1.76038,4.0822,1.9267775,1.7514333333333336,0.1385299588234652,0.7485107481711011,0.6631226582407953
National,2012-02-26,2012,9,2.21921,2.09555,5219,3141.0,,6239,1153.0,766,16518,1826,788242,2,February,1,Winter,2.23973,2.09951,1.92728,3.38812,2.046615,1.82615,0.15316514192193273,0.8229838658936564,0.5680647467311559
National,2012-03-04,2012,10,2.16693,2.10398,4811,2832.0,,6493,998.0,629,15763,1816,749198,3,March,1,Spring,2.21921,2.23973,1.91994,2.99142,2.1195975000000002,1.8876349999999997,0.14676635930950482,0.8854560256532099,0.4647231720437686
National,2012-03-11,2012,11,2.38913,2.2941,5175,3321.0,,6768,1185.0,701,17150,1819,747570,3,March,1,Spring,2.16693,2.21921,2.09951,2.61542,2.181345,1.9320475000000001,0.06257615600184657,0.9350162426854148,0.35460488704253557
National,2012-03-18,2012,12,1.96466,1.92223,4422,2822.0,,5683,988.0,609,14524,1780,755579,3,March,1,Spring,2.38913,2.16693,2.23973,2.09065,2.25375,1.9785366666666668,0.09531531671231185,0.970941817426052,0.23931566428755804
National,2012-03-25,2012,13,1.84229,1.74239,3807,2485.0,,5256,920.0,549,13017,1753,747079,3,March,1,Spring,1.96466,2.38913,2.21921,1.86146,2.1849825000000003,1.9668824999999999,0.17484814389912046,0.992708874098054,0.120536680255323
National,2012-04-01,2012,14,1.68674,1.67601,3582,2306.0,,4631,839.0,572,11930,1729,711808,4,April,2,Spring,1.84229,1.96466,2.16693,1.61377,2.0907525,1.9757191666666667,0.23976730140902555,1.0,-1.6081226496766366e-16
National,2012-04-08,2012,15,1.53136,1.49637,3253,2109.0,,4059,767.0,544,10732,1707,717202,4,April,2,Spring,1.68674,1.84229,2.38913,1.42199,1.9707050000000002,1.9870591666666666,0.30124328822392904,0.992708874098054,-0.12053668025532288
National,2012-04-15,2012,16,1.37912,1.38202,3001,1990.0,,4020,719.0,393,10123,1699,732480,4,April,2,Spring,1.53136,1.68674,1.96466,1.3382,1.7562625,1.97893,0.18818852362713992,0.9709418174260521,-0.2393156642875575
National,2012-04-22,2012,17,1.29515,1.28926,2638,1831.0,,3802,664.0,435,9370,1675,726772,4,April,2,Spring,1.37912,1.53136,1.84229,1.19995,1.6098775,1.9471583333333333,0.199447098813096,0.9350162426854148,-0.35460488704253545
National,2012-04-29,2012,18,1.39521,1.35803,2509,1728.0,,3671,636.0,455,8999,1564,662649,4,April,2,Spring,1.29515,1.37912,1.68674,1.14889,1.4730925,1.8944808333333336,0.1727567845989248,0.8854560256532099,-0.4647231720437685
National,2012-05-06,2012,19,1.32522,1.30833,2524,1559.0,,3468,606.0,419,8576,1546,655492,5,May,2,Spring,1.39521,1.29515,1.53136,1.12194,1.40021,1.8507533333333335,0.09782248241904896,0.8229838658936565,-0.5680647467311557
National,2012-05-13,2012,20,1.23059,1.26692,2465,1547.0,,3087,588.0,375,8062,1503,636347,5,May,2,Spring,1.32522,1.39521,1.37912,1.06712,1.348675,1.7862291666666668,0.04657419492907217,0.7485107481711013,-0.663122658240795
National,2012-05-20,2012,21,1.23028,1.27731,2545,1461.0,,3011,483.0,378,7878,1415,616765,5,May,2,Spring,1.23059,1.32522,1.29515,1.05058,1.3115425,1.702134166666667,0.06833580290221794,0.6631226582407952,-0.7485107481711012
National,2012-05-27,2012,22,1.26877,1.2991,2480,1276.0,,2601,446.0,350,7153,1409,550614,5,May,2,Spring,1.23028,1.23059,1.39521,1.15203,1.295325,1.6197233333333336,0.08019184601082532,0.5680647467311558,-0.8229838658936564
National,2012-06-03,2012,23,1.10782,1.16297,2336,1281.0,,2352,458.0,338,6765,1365,581700,6,June,2,Summer,1.26877,1.23028,1.32522,0.970975,1.263715,1.544876666666667,0.04480916163714233,0.46472317204376906,-0.8854560256532096
National,2012-06-10,2012,24,1.09559,1.08612,2231,1150.0,,2024,428.0,300,6133,1289,564670,6,June,2,Summer,1.10782,1.26877,1.23059,0.894683,1.209365,1.4381008333333334,0.07006729836347511,0.35460488704253584,-0.9350162426854147
National,2012-06-17,2012,25,1.11031,1.0568,2259,1119.0,,1974,411.0,285,6048,1295,572296,6,June,2,Summer,1.09559,1.10782,1.23028,0.843568,1.175615,1.3656783333333333,0.08692195522395847,0.23931566428755768,-0.970941817426052
National,2012-06-24,2012,26,1.10616,1.07871,2168,1058.0,,1850,422.0,288,5786,1260,536380,6,June,2,Summer,1.11031,1.09559,1.26877,0.815409,1.1456225,1.30468,0.08234998375807667,0.12053668025532308,-0.992708874098054
National,2012-07-01,2012,27,1.10816,1.04662,1911,1013.0,,1706,388.0,273,5291,1271,505533,7,July,3,Summer,1.10616,1.11031,1.10782,0.823052,1.10497,1.2562983333333333,0.006481733303807096,-3.216245299353273e-16,-1.0
National,2012-07-08,2012,28,0.999444,0.928152,1913,964.0,,1751,337.0,220,5185,1240,558637,7,July,3,Summer,1.10816,1.10616,1.09559,0.674635,1.1050550000000001,1.2210316666666667,0.006533587576644491,-0.12053668025532283,-0.992708874098054
National,2012-07-15,2012,29,0.924199,0.901936,1818,914.0,,1640,318.0,241,4931,1223,546713,7,July,3,Summer,0.999444,1.10816,1.11031,0.631883,1.0810184999999999,1.189392,0.054409395839518294,-0.23931566428755743,-0.9709418174260521
National,2012-07-22,2012,30,0.949257,0.915356,1752,975.0,,1721,372.0,283,5103,1250,557488,7,July,3,Summer,0.924199,0.999444,1.10616,0.641513,1.03449075,1.1584794166666668,0.0893610366147956,-0.3546048870425356,-0.9350162426854148
National,2012-07-29,2012,31,0.978903,0.952548,1728,1050.0,,1706,408.0,267,5159,1240,541600,7,July,3,Summer,0.949257,0.924199,1.10816,0.529813,0.995265,1.1213166666666667,0.08150635452908181,-0.46472317204376806,-0.8854560256532101
National,2012-08-05,2012,32,0.925024,0.916661,1660,989.0,,1718,375.0,284,5026,1248,548294,8,August,3,Summer,0.978903,0.949257,0.999444,0.644089,0.96295075,1.0924569166666667,0.033042641604498366,-0.5680647467311556,-0.8229838658936566
National,2012-08-12,2012,33,0.848456,0.901787,1721,986.0,,1755,357.0,232,5051,1238,560110,8,August,3,Summer,0.925024,0.978903,0.924199,0.667718,0.94434575,1.0669930833333334,0.025804040139800664,-0.663122658240795,-0.7485107481711013
National,2012-08-19,2012,34,1.04451,1.03315,2098,1194.0,,2128,425.0,296,6141,1238,594395,8,August,3,Summer,0.848456,0.925024,0.949257,0.705668,0.92541,1.0351744166666668,0.05583382358946553,-0.7485107481711011,-0.6631226582407952
National,2012-08-26,2012,35,1.0986,1.05238,1958,1305.0,,2335,443.0,277,6318,1238,600354,8,August,3,Summer,1.04451,0.848456,0.978903,0.804155,0.94922325,1.0164860833333333,0.08306642855492125,-0.8229838658936564,-0.5680647467311559
National,2012-09-02,2012,36,1.22071,1.12713,1886,1317.0,,2294,481.0,318,6296,1242,558585,9,September,3,Autumn,1.0986,1.04451,0.925024,0.907804,0.9791475000000001,1.01571775,0.11335898374465161,-0.8854560256532096,-0.4647231720437691
National,2012-09-09,2012,37,1.24976,1.1866,2176,1408.0,,2870,513.0,415,7382,1252,622114,9,September,3,Autumn,1.22071,1.0986,0.848456,1.00555,1.053069,1.0261444166666667,0.15504441631552246,-0.9350162426854147,-0.3546048870425359
National,2012-09-16,2012,38,1.22892,1.21415,2295,1530.0,,2972,511.0,348,7656,1268,630563,9,September,3,Autumn,1.24976,1.22071,1.04451,1.03601,1.153395,1.0377652499999999,0.09776836178755481,-0.970941817426052,-0.23931566428755774
National,2012-09-23,2012,39,1.29393,1.25198,2421,1546.0,,2867,575.0,398,7807,1248,623572,9,September,3,Autumn,1.22892,1.24976,1.0986,1.07583,1.1994975,1.0479952499999998,0.06836733643797112,-0.992708874098054,-0.12053668025532357
National,2012-09-30,2012,40,1.23034,1.20559,2773,1814.0,,3691,702.0,415,9395,1932,779285,9,September,3,Autumn,1.29393,1.22892,1.22071,1.16092,1.24833,1.0634760833333334,0.03276694167332827,-1.0,-1.8369701987210297e-16
National,2012-10-07,2012,41,1.3278,1.31929,2960,1957.0,,4007,745.0,489,10158,1940,769959,10,October,4,Autumn,1.23034,1.29393,1.24976,1.19785,1.2507375,1.0827174166666664,0.03032385680653638,-0.992708874098054,0.1205366802553232
National,2012-10-14,2012,42,1.33995,1.32737,3202,1902.0,,4233,760.0,488,10585,1968,797444,10,October,4,Autumn,1.3278,1.23034,1.22892,1.27926,1.2702475,1.1163508333333334,0.04890031313761591,-0.9709418174260521,0.23931566428755738
National,2012-10-21,2012,43,1.37842,1.36688,3346,2012.0,,4268,771.0,516,10913,1958,798388,10,October,4,Autumn,1.33995,1.3278,1.29393,1.29194,1.298005,1.1489085833333335,0.04913343362678031,-0.9350162426854148,0.35460488704253557
National,2012-10-28,2012,44,1.50085,1.50535,3326,2032.0,,4422,797.0,484,11061,1929,734781,10,October,4,Autumn,1.37842,1.33995,1.23034,1.42824,1.3191275,1.1822016666666666,0.06300161234675522,-0.8854560256532101,0.464723172043768
National,2012-11-04,2012,45,1.65163,1.61273,3733,2330.0,,5145,925.0,541,12674,1974,785871,11,November,4,Autumn,1.50085,1.37842,1.3278,1.39803,1.386755,1.2301871666666668,0.07906440686738671,-0.822983865893657,0.5680647467311548
National,2012-11-11,2012,46,1.76746,1.75208,4034,2569.0,,5526,897.0,597,13623,1966,777534,11,November,4,Autumn,1.65163,1.50085,1.33995,1.45831,1.4677125,1.2971183333333334,0.14049928549625917,-0.7485107481711011,0.6631226582407952
National,2012-11-18,2012,47,2.30609,2.33365,4651,2824.0,,5387,1105.0,683,14650,1968,627772,11,November,4,Autumn,1.76746,1.65163,1.37842,1.56548,1.5745900000000002,1.3573641666666667,0.17034695477160924,-0.6631226582407955,0.7485107481711007
National,2012-11-25,2012,48,2.16324,2.2268,5102,3950.0,,7018,1498.0,953,18521,2006,831730,11,November,4,Autumn,2.30609,1.76746,1.50085,1.34313,1.8065075,1.4579883333333334,0.3504858194349147,-0.5680647467311559,0.8229838658936564
National,2012-12-02,2012,49,2.83038,2.97657,6486,4672.0,,10857,1791.0,1071,24877,2006,835762,12,December,4,Winter,2.16324,2.30609,1.65163,1.48139,1.972105,1.5365324999999999,0.3123365546435964,-0.4647231720437684,0.88545602565321
National,2012-12-09,2012,50,3.43761,3.62552,7446,5692.0,,12945,2087.0,1262,29432,1977,811800,12,December,4,Winter,2.83038,2.16324,1.76746,1.63398,2.2667925,1.6682508333333335,0.43940536693540255,-0.35460488704253595,0.9350162426854147
National,2012-12-16,2012,51,4.30554,4.5532,8546,7437.0,,13971,2730.0,1648,34332,1908,754019,12,December,4,Winter,3.43761,2.83038,2.30609,1.83126,2.68433,1.8523083333333332,0.5783198787867958,-0.2393156642875578,0.970941817426052
National,2012-12-23,2012,52,6.06082,6.02598,9709,9295.0,,11391,3639.0,2554,36588,1905,607171,12,December,4,Winter,4.30554,3.43761,2.16324,2.10451,3.1841925,2.1032758333333335,0.9108911273170798,-0.12053668025532363,0.992708874098054
National,2012-12-30,2013,1,4.64931,4.96368,8444,9679.0,,9108,4080.0,2792,34103,1982,687051,12,December,4,Winter,6.06082,4.30554,2.83038,1.73625,4.158587499999999,2.5058158333333336,1.405231563346409,0.0,1.0
National,2013-01-06,2013,2,4.32584,4.69072,8297,10877.0,,13424,4502.0,2796,39896,1995,850531,1,January,1,Winter,4.64931,6.06082,3.43761,1.55066,4.61332,2.7826083333333336,1.0914171311647982,0.12053668025532305,0.992708874098054
National,2013-01-13,2013,3,4.51113,4.70473,8633,8977.0,,15992,3523.0,2316,39441,2008,838326,1,January,1,Winter,4.32584,4.64931,4.30554,1.62891,4.8353775,3.0314324999999998,0.8320029398335486,0.23931566428755774,0.970941817426052
National,2013-01-20,2013,4,4.2171,4.1646,7441,7021.0,,13439,2760.0,1765,32426,1978,778610,1,January,1,Winter,4.51113,4.32584,6.06082,1.76038,4.886775,3.292491666666667,0.7938363661149997,0.3546048870425356,0.9350162426854148
National,2013-01-27,2013,5,3.78956,3.69533,6609,6421.0,,12653,2551.0,1574,29808,1963,806640,1,January,1,Winter,4.2171,4.51113,4.64931,1.92728,4.425845,3.5188458333333337,0.1921679929124387,0.4647231720437685,0.8854560256532099
National,2013-02-03,2013,6,3.29206,3.2363,5757,5236.0,,10816,1971.0,1207,24987,1931,772086,2,February,1,Winter,3.78956,4.2171,4.32584,1.91994,4.210907499999999,3.6970066666666663,0.3060038626526239,0.5680647467311558,0.8229838658936564
National,2013-02-10,2013,7,3.0197,2.89421,5289,4698.0,,9395,1894.0,1045,22321,1926,771229,2,February,1,Winter,3.29206,3.78956,4.51113,2.09951,3.9524625,3.824056666666666,0.5306634427691964,0.6631226582407952,0.7485107481711011
National,2013-02-17,2013,8,2.71499,2.71742,5099,4357.0,,8415,1625.0,1023,20519,1940,755092,2,February,1,Winter,3.0197,3.29206,4.2171,2.23973,3.579605,3.883524166666666,0.5312427922961894,0.7485107481711011,0.6631226582407953
National,2013-02-24,2013,9,2.4845,2.52297,4633,4030.0,,7981,1619.0,968,19231,1893,762238,2,February,1,Winter,2.71499,3.0197,3.78956,2.21921,3.2040775,3.929503333333333,0.45597233953934246,0.8229838658936564,0.5680647467311559
National,2013-03-03,2013,10,2.57808,2.55227,4791,3935.0,,7709,1536.0,858,18829,1884,737736,3,March,1,Spring,2.4845,2.71499,3.29206,2.16693,2.8778125,3.90068,0.3525804603561829,0.8854560256532099,0.4647231720437686
National,2013-03-10,2013,11,2.39237,2.43225,4480,3606.0,,7065,1352.0,889,17392,1846,715059,3,March,1,Spring,2.57808,2.4845,3.0197,2.38913,2.6993175000000003,3.8290525,0.23362053510977088,0.9350162426854148,0.35460488704253557
National,2013-03-17,2013,12,2.06778,2.10851,3957,3191.0,,6095,1270.0,741,15254,1825,723449,3,March,1,Spring,2.39237,2.57808,2.71499,1.96466,2.542485,3.6696216666666666,0.1377458438573511,0.970941817426052,0.23931566428755804
National,2013-03-24,2013,13,1.90281,1.94725,3830,2924.0,,5204,1124.0,632,13714,1811,704276,3,March,1,Spring,2.06778,2.39237,2.4845,1.84229,2.3806825,3.3368683333333333,0.22195226098939627,0.992708874098054,0.120536680255323
National,2013-03-31,2013,14,1.65902,1.74859,3516,2677.0,,4299,1106.0,675,12273,1769,701881,3,March,1,Spring,1.90281,2.06778,2.57808,1.68674,2.23526,3.1079933333333334,0.30593117820838395,1.0,-1.6081226496766366e-16
National,2013-04-07,2013,15,1.43006,1.49713,3110,2219.0,,3929,957.0,603,10818,1742,722583,4,April,2,Spring,1.65902,1.90281,2.39237,1.53136,2.005495,2.8857583333333334,0.30775575905789393,0.992708874098054,-0.12053668025532288
National,2013-04-14,2013,16,1.27757,1.32313,2707,1757.0,,3509,724.0,491,9188,1732,694415,4,April,2,Spring,1.43006,1.65902,2.06778,1.37912,1.7649175,2.6290025,0.27933484164761374,0.9709418174260521,-0.2393156642875575
National,2013-04-21,2013,17,1.19009,1.22647,2588,1630.0,,3364,582.0,425,8589,1711,700300,4,April,2,Spring,1.27757,1.43006,1.90281,1.29515,1.5673650000000001,2.3840416666666666,0.2731042487768393,0.9350162426854148,-0.35460488704253545
National,2013-04-28,2013,18,1.09556,1.19614,2439,1470.0,,3142,565.0,370,7986,1675,667648,4,April,2,Spring,1.19009,1.27757,1.65902,1.39521,1.3891850000000001,2.1674191666666665,0.2054088768772167,0.8854560256532099,-0.4647231720437685
National,2013-05-05,2013,19,1.08589,1.19049,2422,1474.0,,2877,570.0,361,7704,1630,647130,5,May,2,Spring,1.09556,1.19009,1.43006,1.32522,1.24832,1.9843775,0.14214000211044694,0.8229838658936565,-0.5680647467311557
National,2013-05-12,2013,20,1.07343,1.17426,2431,1345.0,,2583,565.0,393,7317,1582,623114,5,May,2,Spring,1.08589,1.09556,1.27757,1.23059,1.1622775,1.8232266666666666,0.0900965605611934,0.7485107481711013,-0.663122658240795
National,2013-05-19,2013,21,1.01677,1.13342,2230,1279.0,,2219,493.0,368,6589,1489,581338,5,May,2,Spring,1.07343,1.08589,1.19009,1.23028,1.1112425000000001,1.6864300000000003,0.05333980213333019,0.6631226582407952,-0.7485107481711012
National,2013-05-26,2013,22,1.04847,1.14306,2109,1147.0,,2094,483.0,357,6190,1486,541528,5,May,2,Spring,1.01677,1.07343,1.09556,1.26877,1.0679125,1.5641191666666667,0.03527781585674325,0.5680647467311558,-0.8229838658936564
National,2013-06-02,2013,23,0.920349,1.00881,1983,1086.0,,1779,460.0,330,5638,1421,558875,6,June,2,Summer,1.04847,1.01677,1.08589,1.10782,1.05614,1.4366516666666669,0.03051137711229703,0.46472317204376906,-0.8854560256532096
National,2013-06-09,2013,24,0.920779,1.02358,1969,1112.0,,1713,468.0,277,5539,1419,541138,6,June,2,Summer,0.920349,1.04847,1.07343,1.09559,1.01475475,1.31398325,0.06707212513559516,0.35460488704253584,-0.9350162426854147
National,2013-06-16,2013,25,0.904333,1.00138,1877,1040.0,,1766,489.0,302,5474,1405,546643,6,June,2,Summer,0.920779,0.920349,1.01677,1.11031,0.976592,1.2183998333333335,0.0659774824867376,0.23931566428755768,-0.970941817426052
National,2013-06-23,2013,26,0.83057,0.909498,1703,947.0,,1581,399.0,285,4915,1389,540408,6,June,2,Summer,0.904333,0.920779,1.04847,1.10616,0.94848275,1.1351934166666668,0.0670960908960977,0.12053668025532308,-0.992708874098054
National,2013-06-30,2013,27,0.862837,0.950042,1594,851.0,,1489,321.0,251,4506,1357,474295,6,June,2,Summer,0.83057,0.904333,0.920349,1.10816,0.89400775,1.0661559166666668,0.0429787551805544,-3.216245299353273e-16,-1.0
National,2013-07-07,2013,28,0.732182,0.829299,1576,862.0,,1491,362.0,219,4510,1362,543833,7,July,3,Summer,0.862837,0.83057,0.920779,0.999444,0.8796297500000001,1.0188873333333333,0.040793654974801925,-0.12053668025532283,-0.992708874098054
National,2013-07-14,2013,29,0.724558,0.802109,1432,849.0,,1405,315.0,185,4186,1341,521874,7,July,3,Summer,0.732182,0.862837,0.904333,0.924199,0.8324805000000001,0.9734383333333333,0.07336606381894778,-0.23931566428755743,-0.9709418174260521
National,2013-07-21,2013,30,0.740848,0.806333,1416,800.0,,1464,332.0,221,4233,1325,524969,7,July,3,Summer,0.724558,0.732182,0.83057,0.949257,0.78753675,0.934644,0.06964782732817548,-0.3546048870425356,-0.9350162426854148
National,2013-07-28,2013,31,0.726037,0.796937,1216,852.0,,1284,350.0,184,3886,1290,487617,7,July,3,Summer,0.740848,0.724558,0.862837,0.978903,0.76510625,0.9050846666666668,0.06549282150130445,-0.46472317204376806,-0.8854560256532101
National,2013-08-04,2013,32,0.755639,0.779136,1367,870.0,,1338,302.0,198,4075,1299,523015,8,August,3,Summer,0.726037,0.740848,0.732182,0.925024,0.73090625,0.8750969166666667,0.007404408700314394,-0.5680647467311556,-0.8229838658936566
National,2013-08-11,2013,33,0.761847,0.797653,1364,919.0,,1366,331.0,188,4168,1276,522533,8,August,3,Summer,0.755639,0.726037,0.724558,0.848456,0.7367705,0.8486143333333332,0.014571656012662583,-0.663122658240795,-0.7485107481711013
National,2013-08-18,2013,34,0.779896,0.825485,1331,892.0,,1561,301.0,232,4317,1265,522965,8,August,3,Summer,0.761847,0.755639,0.740848,1.04451,0.74609275,0.82737075,0.016011118976141322,-0.7485107481711011,-0.6631226582407952
National,2013-08-25,2013,35,0.899138,0.935469,1499,1014.0,,1814,410.0,316,5053,1260,540157,8,August,3,Summer,0.779896,0.761847,0.726037,1.0986,0.75585475,0.8049895833333333,0.022383278912355024,-0.8229838658936564,-0.5680647467311559
National,2013-09-01,2013,36,0.999524,1.04345,1681,1137.0,,2035,462.0,311,5626,1317,539175,9,September,3,Autumn,0.899138,0.779896,0.755639,1.22071,0.79913,0.803222,0.06746118881711785,-0.8854560256532096,-0.4647231720437691
National,2013-09-08,2013,37,1.0558,1.09107,1926,1217.0,,2437,440.0,354,6374,1307,584196,9,September,3,Autumn,0.999524,0.899138,0.761847,1.24976,0.86010125,0.8097840833333333,0.1111295802784731,-0.9350162426854147,-0.3546048870425359
National,2013-09-15,2013,38,1.0967,1.20108,2175,1350.0,,2683,537.0,365,7110,1290,591969,9,September,3,Autumn,1.0558,0.999524,0.779896,1.22892,0.9335895000000001,0.8224063333333334,0.12123168232061786,-0.970941817426052,-0.23931566428755774
National,2013-09-22,2013,39,1.24709,1.26179,2393,1500.0,,2963,648.0,459,7963,1364,631088,9,September,3,Autumn,1.0967,1.0558,0.899138,1.29393,1.0127905,0.8445838333333334,0.08560278823119546,-0.992708874098054,-0.12053668025532357
National,2013-09-29,2013,40,1.15746,1.13249,2974,1840.0,,3769,638.0,456,9677,1960,854487,9,September,3,Autumn,1.24709,1.0967,0.999524,1.23034,1.0997785,0.8766049166666668,0.10597991700768587,-1.0,-1.8369701987210297e-16
National,2013-10-06,2013,41,1.27184,1.21121,3276,1924.0,,3925,762.0,533,10420,1990,860298,10,October,4,Autumn,1.15746,1.24709,1.0558,1.3278,1.1392625,0.9120447500000001,0.08313738444059414,-0.992708874098054,0.1205366802553232
National,2013-10-13,2013,42,1.31623,1.25682,3483,2010.0,,3880,785.0,500,10658,2018,848016,10,October,4,Autumn,1.27184,1.15746,1.0967,1.33995,1.1932725,0.9576515833333334,0.08098962541558757,-0.9709418174260521,0.23931566428755738
National,2013-10-20,2013,43,1.37444,1.37097,3930,2292.0,,4484,816.0,514,12036,2027,877917,10,October,4,Autumn,1.31623,1.27184,1.24709,1.37842,1.2481550000000001,1.0056000833333332,0.0668877220917605,-0.9350162426854148,0.35460488704253557
National,2013-10-27,2013,44,1.46781,1.42956,4045,2354.0,,4642,930.0,531,12502,2028,874537,10,October,4,Autumn,1.37444,1.31623,1.15746,1.50085,1.2799925,1.0596336666666666,0.09185888357488903,-0.8854560256532101,0.464723172043768
National,2013-11-03,2013,45,1.5834,1.53588,4434,2511.0,,5062,953.0,538,13498,2017,878845,11,November,4,Autumn,1.46781,1.37444,1.27184,1.65163,1.35758,1.11898125,0.08464845460270402,-0.822983865893657,0.5680647467311548
National,2013-11-10,2013,46,1.60253,1.60267,4643,2716.0,,5000,990.0,578,13927,2054,868987,11,November,4,Autumn,1.5834,1.46781,1.31623,1.76746,1.43547,1.187444,0.1167218902632538,-0.7485107481711011,0.6631226582407952
National,2013-11-17,2013,47,1.72344,1.73267,4835,3088.0,,5579,1083.0,583,15168,2012,875411,11,November,4,Autumn,1.60253,1.5834,1.37444,2.30609,1.507045,1.2559968333333333,0.10656913640118634,-0.6631226582407955,0.7485107481711007
National,2013-11-24,2013,48,2.11076,2.09858,4937,3027.0,,4313,1059.0,639,13975,2042,665926,11,November,4,Autumn,1.72344,1.60253,1.46781,2.16324,1.594295,1.3246886666666666,0.10466359204595699,-0.5680647467311559,0.8229838658936564
National,2013-12-01,2013,49,2.1708,2.21374,5549,4375.0,,6579,1552.0,865,18920,2055,854664,12,December,4,Winter,2.11076,1.72344,1.5834,2.83038,1.7550325,1.4172916666666666,0.24512232855922783,-0.4647231720437684,0.88545602565321
National,2013-12-08,2013,50,2.36971,2.41674,5501,4458.0,,7046,1591.0,802,19398,2054,802651,12,December,4,Winter,2.1708,2.11076,1.60253,3.43761,1.9018825,1.5102083333333332,0.28130652135757533,-0.35460488704253595,0.9350162426854147
National,2013-12-15,2013,51,3.15997,3.03071,6555,6525.0,,8406,2272.0,939,24697,2009,814891,12,December,4,Winter,2.36971,2.1708,1.72344,4.30554,2.0936775,1.6162925000000001,0.27049919240477593,-0.2393156642875578,0.970941817426052
National,2013-12-22,2013,52,4.59053,4.38724,7814,7499.0,,7485,2874.0,1316,26988,2007,615148,12,December,4,Winter,3.15997,2.36971,2.11076,6.06082,2.45281,1.7756991666666668,0.4842550010755087,-0.12053668025532363,0.992708874098054
National,2013-12-29,2014,1,4.28195,4.2112,7488,9135.0,,6726,3555.0,1750,28654,2033,680424,12,December,4,Winter,4.59053,3.15997,2.1708,4.64931,3.0727525,2.0617883333333333,1.0983385180770313,0.0,1.0
National,2014-01-05,2014,2,3.56288,3.46492,6233,8846.0,,7881,3565.0,1622,28147,2059,812343,1,January,1,Winter,4.28195,4.59053,2.36971,4.32584,3.60054,2.3126308333333334,1.0252551230466116,0.12053668025532305,0.992708874098054
National,2014-01-12,2014,3,3.36378,3.31698,6007,8091.0,,9517,3149.0,1606,28370,2049,855297,1,January,1,Winter,3.56288,4.28195,3.15997,4.51113,3.8988325,2.499851666666667,0.6542187010663891,0.23931566428755774,0.970941817426052
National,2014-01-19,2014,4,3.39659,3.2407,5878,6818.0,,8858,2616.0,1332,25502,2062,786928,1,January,1,Winter,3.36378,3.56288,4.59053,4.2171,3.949785,2.6656299999999997,0.5813733973101917,0.3546048870425356,0.9350162426854148
National,2014-01-26,2014,5,3.11922,2.88598,5133,6031.0,,8714,2403.0,1203,23484,2051,813726,1,January,1,Winter,3.39659,3.36378,4.28195,3.78956,3.6513,2.8263616666666667,0.4293725862231888,0.4647231720437685,0.8854560256532099
National,2014-02-02,2014,6,2.83572,2.62172,4729,5278.0,,7711,2242.0,1125,21085,2051,804244,2,February,1,Winter,3.11922,3.39659,3.56288,3.29206,3.3606175,2.9543466666666665,0.18301811756850433,0.5680647467311558,0.8229838658936564
National,2014-02-09,2014,7,2.48484,2.34067,4210,4470.0,,6717,1829.0,969,18195,2018,777340,2,February,1,Winter,2.83572,3.11922,3.36378,3.0197,3.1788275,3.0571125,0.260066494237499,0.6631226582407952,0.7485107481711011
National,2014-02-16,2014,8,2.2741,2.12059,4250,4306.0,,6121,1684.0,873,17234,2025,812700,2,February,1,Winter,2.48484,2.83572,3.39659,2.71499,2.9590925,3.1205625,0.3903763510062821,0.7485107481711011,0.6631226582407953
National,2014-02-23,2014,9,2.07244,1.91094,3953,3691.0,,5875,1505.0,890,15914,1978,832786,2,February,1,Winter,2.2741,2.48484,3.11922,2.4845,2.67847,3.1341741666666665,0.37416386730946644,0.8229838658936564,0.5680647467311559
National,2014-03-02,2014,10,1.98207,1.9023,3775,3472.0,,5575,1430.0,792,15044,1944,790831,3,March,1,Spring,2.07244,2.2741,2.83572,2.57808,2.416775,3.1259775,0.3261239565461354,0.8854560256532099,0.4647231720437686
National,2014-03-09,2014,11,1.82441,1.76619,3616,3210.0,,5022,1360.0,816,14024,1904,794024,3,March,1,Spring,1.98207,2.07244,2.48484,2.39237,2.2033625,3.0936741666666667,0.22386338726621335,0.9350162426854148,0.35460488704253557
National,2014-03-16,2014,12,1.82036,1.85791,3798,3285.0,,5611,1422.0,810,14926,1922,803374,3,March,1,Spring,1.82441,1.98207,2.2741,2.06778,2.038255,2.9823775,0.18768583368659855,0.970941817426052,0.23931566428755804
National,2014-03-23,2014,13,1.75391,1.82094,3523,3256.0,,5812,1298.0,772,14661,1887,805133,3,March,1,Spring,1.82036,1.82441,2.07244,1.90281,1.92482,2.7515300000000003,0.12391298909570357,0.992708874098054,0.120536680255323
National,2014-03-30,2014,14,1.74542,1.83453,3582,3153.0,,5659,1436.0,807,14637,1866,797863,3,March,1,Spring,1.75391,1.82036,1.98207,1.65902,1.8451875,2.54086,0.09680996862391893,1.0,-1.6081226496766366e-16
National,2014-04-06,2014,15,1.67236,1.75446,3574,2943.0,,5587,1316.0,786,14206,1845,809707,4,April,2,Spring,1.74542,1.75391,1.82441,1.43006,1.786025,2.389405,0.04216016959125435,0.992708874098054,-0.12053668025532288
National,2014-04-13,2014,16,1.51659,1.51636,3130,2516.0,,4279,1088.0,710,11723,1810,773101,4,April,2,Spring,1.67236,1.74542,1.82036,1.27757,1.7480125,2.2484533333333334,0.060550152972249166,0.9709418174260521,-0.2393156642875575
National,2014-04-20,2014,17,1.44778,1.40334,2846,2504.0,,3770,1036.0,658,10814,1771,770592,4,April,2,Spring,1.51659,1.67236,1.75391,1.19009,1.67207,2.0917866666666667,0.10992743454947151,0.9350162426854148,-0.35460488704253545
National,2014-04-27,2014,18,1.29028,1.2593,2501,2084.0,,3591,913.0,559,9648,1746,766139,4,April,2,Spring,1.44778,1.51659,1.74542,1.09556,1.5955375,1.9525,0.1371513116657192,0.8854560256532099,-0.4647231720437685
National,2014-05-04,2014,19,1.37388,1.32482,2789,2009.0,,3615,834.0,528,9775,1714,737834,5,May,2,Spring,1.29028,1.44778,1.67236,1.08589,1.4817525,1.8237133333333333,0.1584936586269589,0.8229838658936565,-0.5680647467311557
National,2014-05-11,2014,20,1.34208,1.27576,2544,1876.0,,3256,825.0,532,9033,1660,708049,5,May,2,Spring,1.37388,1.29028,1.51659,1.07343,1.4071325,1.7311333333333332,0.09728548893998165,0.7485107481711013,-0.663122658240795
National,2014-05-18,2014,21,1.34563,1.29483,2733,1742.0,,3068,771.0,483,8797,1570,679395,5,May,2,Spring,1.34208,1.37388,1.44778,1.01677,1.363505,1.653465,0.06590611377778752,0.6631226582407952,-0.7485107481711012
National,2014-05-25,2014,22,1.21291,1.2261,2528,1542.0,,2459,625.0,504,7658,1554,624582,5,May,2,Spring,1.34563,1.34208,1.29028,1.04847,1.3379675,1.5928975,0.03483021616772291,0.5680647467311558,-0.8229838658936564
National,2014-06-01,2014,23,1.19291,1.14538,2383,1492.0,,2349,607.0,398,7229,1461,631143,6,June,2,Summer,1.21291,1.34563,1.37388,0.920349,1.318625,1.5288008333333334,0.0718985009112849,0.46472317204376906,-0.8854560256532096
National,2014-06-08,2014,24,1.14146,1.0678,2227,1413.0,,2181,561.0,401,6783,1461,635233,6,June,2,Summer,1.19291,1.21291,1.34208,0.920779,1.2733824999999999,1.4761758333333335,0.08179607626055616,0.35460488704253584,-0.9350162426854147
National,2014-06-15,2014,25,1.06503,1.07269,2159,1285.0,,2009,528.0,388,6369,1392,593740,6,June,2,Summer,1.14146,1.19291,1.34563,0.904333,1.2232275,1.4196008333333332,0.08697489613841838,0.23931566428755768,-0.970941817426052
National,2014-06-22,2014,26,1.12669,1.01298,2049,1235.0,,1917,509.0,328,6038,1411,596063,6,June,2,Summer,1.06503,1.14146,1.21291,0.83057,1.1530775,1.3621941666666668,0.0659643456089801,0.12053668025532308,-0.992708874098054
National,2014-06-29,2014,27,0.947353,0.994705,1865,1075.0,,1688,416.0,308,5352,1388,538049,6,June,2,Summer,1.12669,1.06503,1.19291,0.862837,1.1315225,1.3106333333333333,0.052636440719530574,-3.216245299353273e-16,-1.0
National,2014-07-06,2014,28,0.944187,0.880862,1758,1122.0,,1623,441.0,351,5295,1394,601116,7,July,3,Summer,0.947353,1.12669,1.14146,0.732182,1.07013325,1.2502160833333333,0.08829345801852906,-0.12053668025532283,-0.992708874098054
National,2014-07-13,2014,29,0.934822,0.858173,1582,1116.0,,1621,403.0,361,5083,1376,592305,7,July,3,Summer,0.944187,0.947353,1.06503,0.724558,1.020815,1.2025158333333335,0.09024595591651575,-0.23931566428755743,-0.9709418174260521
National,2014-07-20,2014,30,0.81736,0.805152,1455,1128.0,,1450,398.0,334,4765,1372,591814,7,July,3,Summer,0.934822,0.944187,1.12669,0.740848,0.9882629999999999,1.1597693333333332,0.09243790111178368,-0.3546048870425356,-0.9350162426854148
National,2014-07-27,2014,31,0.852792,0.818781,1450,1094.0,,1655,417.0,326,4942,1378,603580,7,July,3,Summer,0.81736,0.934822,0.947353,0.726037,0.9109305,1.1203593333333333,0.06260680351967172,-0.46472317204376806,-0.8854560256532101
National,2014-08-03,2014,32,0.746994,0.783735,1460,1074.0,,1528,409.0,273,4744,1382,605307,8,August,3,Summer,0.852792,0.81736,0.944187,0.755639,0.8872902500000001,1.0769353333333334,0.062120518715910344,-0.5680647467311556,-0.8229838658936566
National,2014-08-10,2014,33,0.761098,0.848703,1528,1107.0,,1631,403.0,311,4980,1369,586778,8,August,3,Summer,0.746994,0.852792,0.934822,0.761847,0.8379920000000001,1.0273448333333333,0.07810549346417985,-0.663122658240795,-0.7485107481711013
National,2014-08-17,2014,34,0.767627,0.834146,1569,1196.0,,1813,412.0,315,5305,1371,635980,8,August,3,Summer,0.761098,0.746994,0.81736,0.779896,0.794561,0.9786338333333333,0.0493052925483908,-0.7485107481711011,-0.6631226582407952
National,2014-08-24,2014,35,0.862176,0.905981,1684,1223.0,,2184,401.0,307,5799,1353,640080,8,August,3,Summer,0.767627,0.761098,0.852792,0.899138,0.78212775,0.9415269166666667,0.04788993893152877,-0.8229838658936564,-0.5680647467311559
National,2014-08-31,2014,36,0.984907,1.04506,1753,1284.0,,2258,453.0,302,6050,1352,578913,8,August,3,Summer,0.862176,0.767627,0.746994,0.999524,0.78447375,0.9139657499999999,0.052512252502302674,-0.8854560256532096,-0.4647231720437691
National,2014-09-07,2014,37,1.16287,1.16816,2300,1550.0,,3316,568.0,396,8130,1401,695966,9,September,3,Autumn,0.984907,0.862176,0.761098,1.0558,0.843952,0.9009196666666667,0.10470707894223993,-0.9350162426854147,-0.3546048870425359
National,2014-09-14,2014,38,1.22731,1.27649,2535,1705.0,,3650,605.0,393,8888,1405,696282,9,September,3,Autumn,1.16287,0.984907,0.767627,1.0967,0.944395,0.9090729999999999,0.1706648153094772,-0.970941817426052,-0.23931566428755774
National,2014-09-21,2014,39,1.2071,1.29758,2522,1820.0,,3447,657.0,428,8874,1407,683887,9,September,3,Autumn,1.22731,1.16287,0.862176,1.24709,1.05931575,0.917458,0.16667962666205768,-0.992708874098054,-0.12053668025532357
National,2014-09-28,2014,40,1.16191,1.20612,2958,1959.0,,3994,712.0,527,10150,1937,841540,9,September,3,Autumn,1.2071,1.22731,0.984907,1.15746,1.14554675,0.9391035833333334,0.1104223043691998,-1.0,-1.8369701987210297e-16
National,2014-10-05,2014,41,1.30905,1.32485,3055,2116.0,,4437,821.0,548,10977,1960,828544,10,October,4,Autumn,1.16191,1.2071,1.16287,1.27184,1.1897975,0.9572471666666665,0.03270762946095064,-0.992708874098054,0.1205366802553232
National,2014-10-12,2014,42,1.37072,1.41192,3442,2321.0,,4728,870.0,580,11941,2000,845727,10,October,4,Autumn,1.30905,1.16191,1.22731,1.31623,1.2263425,0.9884328333333334,0.06154480068715841,-0.9709418174260521,0.23931566428755738
National,2014-10-19,2014,43,1.43373,1.42547,3455,2459.0,,4955,892.0,531,12292,2008,862314,10,October,4,Autumn,1.37072,1.30905,1.2071,1.37444,1.262195,1.0345461666666667,0.09498351944744185,-0.9350162426854148,0.35460488704253557
National,2014-10-26,2014,44,1.42791,1.43909,3632,2242.0,,5102,807.0,530,12313,2053,855608,10,October,4,Autumn,1.43373,1.37072,1.16191,1.46781,1.3188525,1.0829576666666667,0.11635307598694318,-0.8854560256532101,0.464723172043768
National,2014-11-02,2014,45,1.61605,1.61532,4277,2349.0,,5799,863.0,565,13853,2058,857601,11,November,4,Autumn,1.42791,1.43373,1.30905,1.5834,1.3853525000000002,1.1397006666666667,0.05827436507554289,-0.822983865893657,0.5680647467311548
National,2014-11-09,2014,46,1.65976,1.66473,4424,2323.0,,5816,911.0,588,14062,1997,844700,11,November,4,Autumn,1.61605,1.42791,1.37072,1.60253,1.4621024999999999,1.2109466666666666,0.10649682291798862,-0.7485107481711011,0.6631226582407952
National,2014-11-16,2014,47,2.05459,2.0058,4740,2921.0,,7322,1049.0,642,16674,2058,831289,11,November,4,Autumn,1.65976,1.61605,1.43373,1.72344,1.5343624999999999,1.2852910833333333,0.12090825099344182,-0.6631226582407955,0.7485107481711007
National,2014-11-23,2014,48,2.53541,2.62227,5432,3277.0,,6848,1165.0,880,17602,2067,671251,11,November,4,Autumn,2.05459,1.65976,1.42791,2.11076,1.6895775,1.3846589166666667,0.26331184444487504,-0.5680647467311559,0.8229838658936564
National,2014-11-30,2014,49,2.54253,2.60749,6185,4623.0,,9106,1767.0,1224,22905,2097,878430,11,November,4,Autumn,2.53541,2.05459,1.61605,2.1708,1.9664525,1.5138675,0.4275211719025926,-0.4647231720437684,0.88545602565321
National,2014-12-07,2014,50,3.60563,3.4178,7424,5287.0,,13050,1970.0,1441,29172,2069,853532,12,December,4,Winter,2.54253,2.53541,1.65976,2.36971,2.1980725000000003,1.6288391666666666,0.42536852009949694,-0.35460488704253595,0.9350162426854147
National,2014-12-14,2014,51,4.90976,4.46555,9270,6920.0,,16418,2671.0,2103,37382,2016,837119,12,December,4,Winter,3.60563,2.54253,2.05459,3.15997,2.68454,1.8270324999999998,0.6551463926990995,-0.2393156642875578,0.970941817426052
National,2014-12-21,2014,52,5.98221,6.11497,10363,8982.0,,13951,3718.0,3519,40533,1984,662849,12,December,4,Winter,4.90976,3.60563,2.53541,4.59053,3.3983325000000004,2.1355875,1.1261170012147879,-0.12053668025532363,0.992708874098054
National,2014-12-28,2014,53,5.47421,5.30979,9732,9348.0,,9406,4288.0,4117,36891,1983,694773,12,December,4,Winter,5.98221,4.90976,2.54253,4.28195,4.2600325,2.5372791666666665,1.501787671995723,6.432490598706546e-16,1.0
National,2015-01-04,2015,1,4.21374,4.07898,7160,8072.0,,9589,3614.0,3048,31483,1958,771835,1,January,1,Winter,5.47421,5.98221,3.60563,3.56288,4.9929525,2.8843758333333334,1.0233643687489866,0.0,1.0
National,2015-01-11,2015,2,4.21022,3.93762,7044,6946.0,,11966,2909.0,2339,31204,1971,792459,1,January,1,Winter,4.21374,5.47421,4.90976,3.36378,5.14498,3.121294166666667,0.7597988443880053,0.12053668025532305,0.992708874098054
National,2015-01-18,2015,3,4.25968,4.15076,7840,6451.0,,13949,2951.0,2030,33221,1966,800359,1,January,1,Winter,4.21022,4.21374,5.98221,3.39659,4.970095,3.3526683333333334,0.8996279986935408,0.23931566428755774,0.970941817426052
National,2015-01-25,2015,4,3.97761,3.87899,7118,5844.0,,13159,2585.0,1915,30621,1955,789407,1,January,1,Winter,4.25968,4.21022,5.47421,3.11922,4.5394625,3.588649166666667,0.6235722109681213,0.3546048870425356,0.9350162426854148
National,2015-02-01,2015,5,3.63443,3.45794,6656,5380.0,,12093,2368.0,1654,28151,1950,814097,2,February,1,Winter,3.97761,4.25968,4.21374,2.83572,4.1653125,3.7854458333333336,0.12714736840243657,0.4647231720437685,0.8854560256532099
National,2015-02-08,2015,6,3.26527,3.06359,6429,4884.0,,10328,2072.0,1505,25218,1917,823153,2,February,1,Winter,3.63443,3.97761,4.21022,2.48484,4.020485,3.950001666666667,0.2852427895086263,0.5680647467311558,0.8229838658936564
National,2015-02-15,2015,7,2.93083,2.82646,5537,4295.0,,8164,1842.0,1271,21109,1907,746836,2,February,1,Winter,3.26527,3.63443,4.25968,2.2741,3.7842474999999998,4.050891666666667,0.4301968724800991,0.6631226582407952,0.7485107481711011
National,2015-02-22,2015,8,2.54474,2.3599,4823,4061.0,,7280,1765.0,1249,19178,1934,812660,2,February,1,Winter,2.93083,3.26527,3.97761,2.07244,3.452035,4.083843333333333,0.45314928882946853,0.7485107481711011,0.6631226582407953
National,2015-03-01,2015,9,2.47227,2.33472,4639,3914.0,,7116,1696.0,1076,18441,1912,789858,3,March,1,Spring,2.54474,2.93083,3.63443,1.98207,3.0938175,4.0840275,0.46537041199276286,0.8229838658936564,0.5680647467311559
National,2015-03-08,2015,10,2.35665,2.21286,4710,3654.0,,6748,1654.0,1067,17833,1907,805881,3,March,1,Spring,2.47227,2.54474,3.26527,1.82441,2.8032775,3.9895808333333336,0.36792857743268925,0.8854560256532099,0.4647231720437686
National,2015-03-15,2015,11,2.17008,2.07619,4559,3482.0,,6084,1573.0,997,16695,1883,804117,3,March,1,Spring,2.35665,2.47227,2.93083,1.82036,2.5761225000000003,3.7768216666666663,0.248834477698808,0.9350162426854148,0.35460488704253557
National,2015-03-22,2015,12,2.04297,2.01267,4418,3284.0,,6003,1486.0,931,16122,1848,801027,3,March,1,Spring,2.17008,2.35665,2.54474,1.75391,2.385935,3.459144166666667,0.16342557174435318,0.970941817426052,0.23931566428755804
National,2015-03-29,2015,13,1.954,1.94192,4174,2968.0,,5623,1321.0,889,14975,1819,771143,3,March,1,Spring,2.04297,2.17008,2.47227,1.74542,2.2604925,3.1732075,0.19112511824709655,0.992708874098054,0.120536680255323
National,2015-04-05,2015,14,1.72287,1.74809,3903,2931.0,,4634,1387.0,878,13733,1820,785602,4,April,2,Spring,1.954,2.04297,2.35665,1.67236,2.130925,2.9848958333333333,0.17466484792299905,1.0,-1.6081226496766366e-16
National,2015-04-12,2015,15,1.53694,1.50367,3448,2448.0,,4214,1160.0,774,12044,1813,800974,4,April,2,Spring,1.72287,1.954,2.17008,1.51659,1.97248,2.777616666666667,0.18855703169057764,0.992708874098054,-0.12053668025532288
National,2015-04-19,2015,16,1.38283,1.43494,3182,2052.0,,4011,975.0,640,10860,1768,756827,4,April,2,Spring,1.53694,1.72287,2.04297,1.44778,1.8141949999999998,2.5507216666666666,0.2288332939790273,0.9709418174260521,-0.2393156642875575
National,2015-04-26,2015,17,1.46265,1.45673,3203,2122.0,,4280,888.0,602,11095,1753,761638,4,April,2,Spring,1.38283,1.53694,1.954,1.29028,1.64916,2.33449,0.24622861125376067,0.9350162426854148,-0.35460488704253545
National,2015-05-03,2015,18,1.38934,1.42836,3106,2074.0,,4079,846.0,589,10694,1735,748690,5,May,2,Spring,1.46265,1.38283,1.72287,1.37388,1.5263225,2.1535083333333334,0.14535925136807318,0.8854560256532099,-0.4647231720437685
National,2015-05-10,2015,19,1.3468,1.35297,2805,1810.0,,3641,813.0,602,9671,1688,714799,5,May,2,Spring,1.38934,1.46265,1.53694,1.34208,1.44294,1.9971808333333334,0.07236632780480043,0.8229838658936565,-0.5680647467311557
National,2015-05-17,2015,20,1.25452,1.33093,2754,1768.0,,3296,736.0,470,9024,1622,678023,5,May,2,Spring,1.3468,1.38934,1.38283,1.34563,1.395405,1.8651783333333334,0.048577261140897506,0.7485107481711013,-0.663122658240795
National,2015-05-24,2015,21,1.21636,1.28422,2593,1461.0,,2714,652.0,493,7913,1579,616171,5,May,2,Spring,1.25452,1.3468,1.46265,1.21291,1.3633275,1.7576599999999998,0.08689810023786686,0.6631226582407952,-0.7485107481711012
National,2015-05-31,2015,22,1.16734,1.13889,2211,1334.0,,2345,594.0,462,6946,1505,609891,5,May,2,Spring,1.21636,1.25452,1.38934,1.19291,1.301755,1.6530008333333335,0.08004922548000838,0.5680647467311558,-0.8229838658936564
National,2015-06-07,2015,23,1.04654,1.10343,2109,1320.0,,2284,575.0,456,6744,1455,611184,6,June,2,Summer,1.16734,1.21636,1.3468,1.14146,1.2462550000000001,1.5538916666666667,0.07593614751847894,0.46472317204376906,-0.8854560256532096
National,2015-06-14,2015,24,0.943661,0.970748,1734,1167.0,,2046,495.0,408,5850,1459,602628,6,June,2,Summer,1.04654,1.16734,1.25452,1.06503,1.1711900000000002,1.4602633333333335,0.09043720252167683,0.35460488704253584,-0.9350162426854147
National,2015-06-21,2015,25,0.935046,0.998681,1897,1170.0,,1921,496.0,429,5913,1445,592081,6,June,2,Summer,0.943661,1.04654,1.21636,1.12669,1.09347525,1.3686542499999999,0.12275163307886656,0.23931566428755768,-0.970941817426052
National,2015-06-28,2015,26,0.934726,0.978057,1678,1043.0,,1701,430.0,380,5232,1417,534938,6,June,2,Summer,0.935046,0.943661,1.16734,0.947353,1.02314675,1.2837414166666667,0.10865643729140356,0.12053668025532308,-0.992708874098054
National,2015-07-05,2015,27,0.864118,0.866431,1546,1081.0,,1675,443.0,371,5116,1428,590468,7,July,3,Summer,0.934726,0.935046,1.04654,0.944187,0.96499325,1.21806275,0.05452180460017481,-3.216245299353273e-16,-1.0
National,2015-07-12,2015,28,0.806535,0.827757,1487,1028.0,,1609,405.0,341,4870,1411,588337,7,July,3,Summer,0.864118,0.934726,0.943661,0.934822,0.91938775,1.16199425,0.03707819950939913,-0.12053668025532283,-0.992708874098054
National,2015-07-19,2015,29,0.742747,0.797572,1383,1011.0,,1498,413.0,321,4626,1401,580010,7,July,3,Summer,0.806535,0.864118,0.935046,0.81736,0.88510625,1.1139696666666667,0.06210219047283957,-0.23931566428755743,-0.9709418174260521
National,2015-07-26,2015,30,0.737859,0.811221,1415,999.0,,1459,432.0,300,4605,1352,567663,7,July,3,Summer,0.742747,0.806535,0.934726,0.852792,0.8370314999999999,1.05397775,0.08184843159731661,-0.3546048870425356,-0.9350162426854148
National,2015-08-02,2015,31,0.743224,0.821165,1392,1026.0,,1590,420.0,325,4753,1364,578812,8,August,3,Summer,0.737859,0.742747,0.864118,0.746994,0.78781475,0.9996876666666666,0.05971965831719941,-0.46472317204376806,-0.8854560256532101
National,2015-08-09,2015,32,0.805251,0.819435,1330,1062.0,,1667,400.0,291,4750,1340,579668,8,August,3,Summer,0.743224,0.737859,0.806535,0.761098,0.75759125,0.9493896666666667,0.032719117676405715,-0.5680647467311556,-0.8229838658936566
National,2015-08-16,2015,33,0.816943,0.848041,1429,1134.0,,1815,436.0,359,5173,1356,609994,8,August,3,Summer,0.805251,0.743224,0.742747,0.767627,0.7572702500000001,0.9119505833333332,0.03207891792942027,-0.663122658240795,-0.7485107481711013
National,2015-08-23,2015,34,0.814518,0.888524,1687,1151.0,,2033,423.0,354,5648,1362,635661,8,August,3,Summer,0.816943,0.805251,0.737859,0.862176,0.77581925,0.8786658333333333,0.041072381736671014,-0.7485107481711011,-0.6631226582407952
National,2015-08-30,2015,35,0.86067,0.962826,1636,1230.0,,2292,481.0,324,5963,1354,619323,8,August,3,Summer,0.814518,0.816943,0.743224,0.984907,0.794984,0.8492639999999999,0.034872547587940686,-0.8229838658936564,-0.5680647467311559
National,2015-09-06,2015,36,0.886704,1.02252,1714,1297.0,,2169,461.0,329,5970,1349,583853,9,September,3,Autumn,0.86067,0.814518,0.805251,1.16287,0.8243455,0.8337748333333334,0.024734901069953935,-0.8854560256532096,-0.4647231720437691
National,2015-09-13,2015,37,1.00845,1.08392,1993,1392.0,,2744,536.0,397,7062,1369,651524,9,September,3,Autumn,0.886704,0.86067,0.816943,1.22731,0.8447087499999999,0.8290284166666666,0.035122551077488594,-0.9350162426854147,-0.3546048870425359
National,2015-09-20,2015,38,1.06625,1.17724,2178,1520.0,,2947,627.0,432,7704,1367,654414,9,September,3,Autumn,1.00845,0.886704,0.814518,1.2071,0.8925855,0.8351454166666666,0.08280963731922575,-0.970941817426052,-0.23931566428755774
National,2015-09-27,2015,39,1.05995,1.1716,2170,1654.0,,2746,652.0,404,7626,1332,650904,9,September,3,Autumn,1.06625,1.00845,0.86067,1.16191,0.9555184999999999,0.84610575,0.09797088367950395,-0.992708874098054,-0.12053668025532357
National,2015-10-04,2015,40,1.22559,1.24325,2849,2015.0,,3693,871.0,621,10049,1963,808287,10,October,4,Autumn,1.05995,1.06625,0.886704,1.30905,1.0053385000000001,0.8624250833333335,0.08321949448462891,-1.0,-1.8369701987210297e-16
National,2015-10-11,2015,41,1.31066,1.3234,3016,2102.0,,4007,912.0,678,10715,1976,809660,10,October,4,Autumn,1.22559,1.05995,1.00845,1.37072,1.09006,0.8973463333333335,0.09398954055254671,-0.992708874098054,0.1205366802553232
National,2015-10-18,2015,42,1.3711,1.40399,3263,2357.0,,4360,951.0,653,11584,1995,825079,10,October,4,Autumn,1.31066,1.22559,1.06625,1.43373,1.1656125,0.9446724166666667,0.12338766561106086,-0.9709418174260521,0.23931566428755738
National,2015-10-25,2015,43,1.39171,1.37629,3141,2254.0,,4148,927.0,694,11164,1999,811165,10,October,4,Autumn,1.3711,1.31066,1.05995,1.42791,1.241825,0.9974425,0.13514482811641418,-0.9350162426854148,0.35460488704253557
National,2015-11-01,2015,44,1.43712,1.46866,3563,2450.0,,4783,935.0,692,12423,2048,845875,11,November,4,Autumn,1.39171,1.3711,1.22559,1.61605,1.324765,1.051483,0.07452784021167363,-0.8854560256532101,0.464723172043768
National,2015-11-08,2015,45,1.50165,1.533,3746,2517.0,,4725,943.0,745,12676,2028,826877,11,November,4,Autumn,1.43712,1.39171,1.31066,1.65976,1.3776475000000001,1.10413875,0.052487862326615925,-0.822983865893657,0.5680647467311548
National,2015-11-15,2015,46,1.59805,1.60841,3960,2656.0,,5076,1026.0,766,13484,2023,838344,11,November,4,Autumn,1.50165,1.43712,1.3711,2.05459,1.425395,1.1611976666666666,0.057835764309684574,-0.7485107481711011,0.6631226582407952
National,2015-11-22,2015,47,1.89668,1.90047,3974,2427.0,,4073,981.0,703,12158,2000,639738,11,November,4,Autumn,1.59805,1.50165,1.39171,2.53541,1.4821324999999999,1.2264920000000001,0.08948026463017697,-0.6631226582407955,0.7485107481711007
National,2015-11-29,2015,48,1.67728,1.73645,4469,3011.0,,5076,1232.0,829,14617,2040,841777,11,November,4,Autumn,1.89668,1.59805,1.43712,2.54253,1.6083749999999999,1.3128261666666667,0.20326081709621835,-0.5680647467311559,0.8229838658936564
National,2015-12-06,2015,49,1.78296,1.81945,4575,2902.0,,5384,1252.0,873,14986,2020,823657,12,December,4,Winter,1.67728,1.89668,1.50165,3.60563,1.668415,1.3787075,0.16827090944849468,-0.4647231720437684,0.88545602565321
National,2015-12-13,2015,50,1.87336,1.96571,5135,2963.0,,5105,1250.0,943,15396,2000,783227,12,December,4,Winter,1.78296,1.67728,1.59805,4.90976,1.7387425,1.44325,0.12970666864747113,-0.35460488704253595,0.9350162426854147
National,2015-12-20,2015,51,2.32148,2.42021,5377,2876.0,,4317,1256.0,1013,14839,1978,613128,12,December,4,Winter,1.87336,1.78296,1.89668,5.98221,1.8075700000000001,1.5105091666666668,0.09974977426854754,-0.2393156642875578,0.970941817426052
National,2015-12-27,2015,52,2.40991,2.41083,5700,3264.0,,4011,1524.0,1180,15679,1949,650356,12,December,4,Winter,2.32148,1.87336,1.67728,5.47421,1.9137700000000002,1.6156366666666664,0.2833720689599246,-0.12053668025532363,0.992708874098054
National,2016-01-03,2016,1,1.94328,1.98859,4775,3597.0,,4494,1631.0,1157,15654,2004,787192,1,January,1,Winter,2.40991,2.32148,1.78296,4.21374,2.0969275,1.7143299999999997,0.3146108117843883,0.0,1.0
National,2016-01-10,2016,2,1.99796,1.98985,4574,3180.0,,5362,1380.0,1021,15517,2005,779809,1,January,1,Winter,1.94328,2.40991,1.87336,4.21022,2.1370075,1.7670483333333333,0.2680461566440239,0.12053668025532305,0.992708874098054
National,2016-01-17,2016,3,2.11829,2.1071,4804,3226.0,,5380,1297.0,954,15661,2008,743249,1,January,1,Winter,1.99796,1.94328,2.32148,4.25968,2.1681575,1.8192866666666665,0.23201231237077308,0.23931566428755774,0.970941817426052
National,2016-01-24,2016,4,2.25112,2.19256,5088,3615.0,,6882,1551.0,1007,18143,2026,827482,1,January,1,Winter,2.11829,1.99796,2.40991,3.97761,2.1173599999999997,1.879835,0.20828391984652164,0.3546048870425356,0.9350162426854148
National,2016-01-31,2016,5,2.37116,2.30014,5135,3759.0,,7353,1625.0,1072,18944,2007,823602,1,January,1,Winter,2.25112,2.11829,1.94328,3.63443,2.0776624999999997,1.9476683333333333,0.13680794674152352,0.4647231720437685,0.8854560256532099
National,2016-02-07,2016,6,2.80035,2.67574,5645,4600.0,,8434,1916.0,1179,21774,2000,813755,2,February,1,Winter,2.37116,2.25112,1.99796,3.26527,2.1846325,2.0201275,0.1617209999504292,0.5680647467311558,0.8229838658936564
National,2016-02-14,2016,7,3.16475,3.02427,5997,5642.0,,9325,2347.0,1370,24681,1993,816098,2,February,1,Winter,2.80035,2.37116,2.11829,2.93083,2.38523,2.1203191666666665,0.2953895930235809,0.6631226582407952,0.7485107481711011
National,2016-02-21,2016,8,3.15183,3.11328,6299,6001.0,,10127,2606.0,1390,26423,1956,848718,2,February,1,Winter,3.16475,2.80035,2.25112,2.54474,2.646845,2.225991666666667,0.4180868605524948,0.7485107481711011,0.6631226582407953
National,2016-02-28,2016,9,3.3321,3.32788,6619,6395.0,,11415,2599.0,1440,28468,1952,855439,2,February,1,Winter,3.15183,3.16475,2.37116,2.47227,2.8720225,2.3488708333333332,0.3741576394493523,0.8229838658936564,0.5680647467311559
National,2016-03-06,2016,10,3.56024,3.5918,6660,7358.0,,11856,2977.0,1630,30481,1922,848628,3,March,1,Spring,3.3321,3.15183,2.80035,2.35665,3.1122575,2.4779658333333336,0.22356092284874454,0.8854560256532099,0.4647231720437686
National,2016-03-13,2016,11,3.05479,3.09262,5574,6026.0,,9334,2489.0,1471,24894,1898,804948,3,March,1,Spring,3.56024,3.3321,3.16475,2.17008,3.3022299999999998,2.6185391666666664,0.190597558046578,0.9350162426854148,0.35460488704253557
National,2016-03-20,2016,12,2.76732,2.78803,5187,4982.0,,8489,2000.0,1282,21940,1900,786936,3,March,1,Spring,3.05479,3.56024,3.15183,2.04297,3.27474,2.679648333333333,0.22232505496828628,0.970941817426052,0.23931566428755804
National,2016-03-27,2016,13,2.44161,2.52371,4581,4476.0,,7392,1953.0,1201,19603,1832,776752,3,March,1,Spring,2.76732,3.05479,3.3321,1.954,3.1786125,2.7094325,0.3433615652510484,0.992708874098054,0.120536680255323
National,2016-04-03,2016,14,2.03348,2.12928,3707,3869.0,,6403,1660.0,1130,16769,1813,787543,4,April,2,Spring,2.44161,2.76732,3.56024,1.72287,2.95599,2.7509599999999996,0.4743636635184511,1.0,-1.6081226496766366e-16
National,2016-04-10,2016,15,1.98593,2.05142,3572,3530.0,,6595,1533.0,1031,16261,1805,792672,4,April,2,Spring,2.03348,2.44161,3.05479,1.53694,2.5742999999999996,2.7539200000000004,0.4390217416787465,0.992708874098054,-0.12053668025532288
National,2016-04-17,2016,16,1.91514,1.98957,3515,3247.0,,6357,1373.0,945,15437,1774,775895,4,April,2,Spring,1.98593,2.03348,2.76732,1.38283,2.307085,2.7428899999999996,0.3687426658705258,0.9709418174260521,-0.2393156642875575
National,2016-04-24,2016,17,1.69968,1.7858,3157,2986.0,,5557,1235.0,901,13836,1759,774777,4,April,2,Spring,1.91514,1.98593,2.44161,1.46265,2.09404,2.7148916666666665,0.23675965351659617,0.9350162426854148,-0.35460488704253545
National,2016-05-01,2016,18,1.57635,1.60144,2772,2586.0,,4729,1037.0,746,11870,1742,741210,5,May,2,Spring,1.69968,1.91514,2.03348,1.38934,1.9085575,2.658935,0.14749607234870862,0.8854560256532099,-0.4647231720437685
National,2016-05-08,2016,19,1.3935,1.4743,2871,2276.0,,4046,849.0,665,10707,1690,726244,5,May,2,Spring,1.57635,1.69968,1.98593,1.3468,1.7942749999999998,2.556935,0.18954287720713794,0.8229838658936565,-0.5680647467311557
National,2016-05-15,2016,20,1.29941,1.42286,2688,1998.0,,3630,839.0,643,9798,1626,688612,5,May,2,Spring,1.3935,1.57635,1.91514,1.25452,1.6461675,2.409330833333333,0.2190320693984275,0.7485107481711013,-0.663122658240795
National,2016-05-22,2016,21,1.18379,1.38196,2612,1714.0,,3126,717.0,618,8787,1439,635835,5,May,2,Spring,1.29941,1.3935,1.69968,1.21636,1.492235,2.2549625,0.17985071781884784,0.6631226582407952,-0.7485107481711012
National,2016-05-29,2016,22,1.13723,1.33712,2545,1637.0,,2620,663.0,532,7997,1482,598077,5,May,2,Spring,1.18379,1.29941,1.57635,1.16734,1.3632624999999998,2.0759366666666668,0.16593985765416897,0.5680647467311558,-0.8229838658936564
National,2016-06-05,2016,23,1.04118,1.13894,2293,1460.0,,2313,617.0,518,7201,1446,632252,6,June,2,Summer,1.13723,1.18379,1.3935,1.04654,1.2534825,1.8740191666666666,0.11559400773807671,0.46472317204376906,-0.8854560256532096
National,2016-06-12,2016,24,0.971814,1.09641,2189,1354.0,,2171,588.0,466,6768,1440,617287,6,June,2,Summer,1.04118,1.13723,1.29941,0.943661,1.1654025,1.7062183333333334,0.10727073144594912,0.35460488704253584,-0.9350162426854147
National,2016-06-19,2016,25,0.863306,0.999559,2062,1178.0,,1905,493.0,386,6024,1402,602666,6,June,2,Summer,0.971814,1.04118,1.18379,0.935046,1.0835035,1.5565928333333332,0.09523609600503792,0.23931566428755768,-0.970941817426052
National,2016-06-26,2016,26,0.833797,0.99095,1873,1146.0,,1810,473.0,384,5686,1382,573793,6,June,2,Summer,0.863306,0.971814,1.13723,0.934726,1.0033825,1.4250675,0.1154149041600754,0.12053668025532308,-0.992708874098054
National,2016-07-03,2016,27,0.784516,0.931253,1646,985.0,,1641,463.0,383,5118,1379,549582,7,July,3,Summer,0.833797,0.863306,1.04118,0.864118,0.92752425,1.3250939166666666,0.09624273563683335,-3.216245299353273e-16,-1.0
National,2016-07-10,2016,28,0.734327,0.843118,1610,1064.0,,1599,422.0,383,5078,1392,602288,7,July,3,Summer,0.784516,0.833797,0.971814,0.806535,0.86335825,1.2249760833333332,0.07927298893608252,-0.12053668025532283,-0.992708874098054
National,2016-07-17,2016,29,0.698845,0.840286,1670,994.0,,1621,384.0,375,5044,1388,600272,7,July,3,Summer,0.734327,0.784516,0.863306,0.742747,0.8039865,1.126575,0.05668337587225994,-0.23931566428755743,-0.9709418174260521
National,2016-07-24,2016,30,0.723099,0.830065,1580,1036.0,,1624,362.0,323,4925,1393,593327,7,July,3,Summer,0.698845,0.734327,0.833797,0.737859,0.76287125,1.0431720833333333,0.05891545386561873,-0.3546048870425356,-0.9350162426854148
National,2016-07-31,2016,31,0.663501,0.790428,1455,971.0,,1496,359.0,315,4596,1360,581457,7,July,3,Summer,0.723099,0.698845,0.784516,0.743224,0.7351967500000001,0.9720678333333334,0.03605990464294148,-0.46472317204376806,-0.8854560256532101
National,2016-08-07,2016,32,0.69276,0.830826,1512,1016.0,,1639,382.0,319,4868,1329,585923,8,August,3,Summer,0.663501,0.723099,0.734327,0.805251,0.704943,0.9112345833333334,0.03134583842565879,-0.5680647467311556,-0.8229838658936566
National,2016-08-14,2016,33,0.710029,0.856796,1644,1028.0,,1914,373.0,306,5265,1345,614499,8,August,3,Summer,0.69276,0.663501,0.698845,0.816943,0.6945512500000001,0.8606804166666667,0.024499911024137615,-0.663122658240795,-0.7485107481711013
National,2016-08-21,2016,34,0.834232,1.00746,1848,1234.0,,2364,465.0,349,6260,1356,621362,8,August,3,Summer,0.710029,0.69276,0.723099,0.814518,0.6973472500000001,0.8212003333333334,0.02575908197492116,-0.7485107481711011,-0.6631226582407952
National,2016-08-28,2016,35,0.992621,1.05868,1815,1242.0,,2651,455.0,341,6504,1354,614349,8,August,3,Summer,0.834232,0.710029,0.663501,0.86067,0.7251305000000001,0.7959505,0.07522685058059067,-0.8229838658936564,-0.5680647467311559
National,2016-09-04,2016,36,1.01605,1.10028,1883,1284.0,,2604,471.0,381,6623,1347,601938,9,September,3,Autumn,0.992621,0.834232,0.69276,0.886704,0.8074105,0.7919039166666666,0.13862445174502674,-0.8854560256532096,-0.4647231720437691
National,2016-09-11,2016,37,1.07169,1.1457,2026,1509.0,,3073,579.0,452,7639,1365,666755,9,September,3,Autumn,1.01605,0.992621,0.710029,1.00845,0.8882329999999999,0.79559025,0.14365098172286875,-0.9350162426854147,-0.3546048870425359
National,2016-09-18,2016,38,1.10163,1.2189,2341,1539.0,,3298,613.0,438,8229,1363,675119,9,September,3,Autumn,1.07169,1.01605,0.834232,1.06625,0.97864825,0.8129555833333333,0.101828203612075,-0.970941817426052,-0.23931566428755774
National,2016-09-25,2016,39,1.18841,1.31113,2413,1645.0,,3334,630.0,483,8505,1389,648678,9,September,3,Autumn,1.10163,1.07169,0.992621,1.05995,1.04549775,0.8352750000000001,0.049999947068605485,-0.992708874098054,-0.12053668025532357
National,2016-10-02,2016,40,1.2019,1.27386,3110,2114.0,,4169,828.0,643,10864,1946,852842,10,October,4,Autumn,1.18841,1.10163,1.01605,1.22559,1.094445,0.8689328333333334,0.07198289495855374,-1.0,-1.8369701987210297e-16
National,2016-10-09,2016,41,1.23108,1.29342,3207,2155.0,,4078,879.0,678,10997,1973,850228,10,October,4,Autumn,1.2019,1.18841,1.07169,1.31066,1.1409075,0.90789725,0.06405819457036666,-0.992708874098054,0.1205366802553232
National,2016-10-16,2016,42,1.26796,1.33097,3564,2234.0,,4452,981.0,695,11926,1983,896035,10,October,4,Autumn,1.23108,1.2019,1.10163,1.3711,1.180755,0.9522501666666666,0.05567489350340617,-0.9709418174260521,0.23931566428755738
National,2016-10-23,2016,43,1.36298,1.42662,3786,2406.0,,4769,987.0,700,12648,2006,886570,10,October,4,Autumn,1.26796,1.23108,1.18841,1.39171,1.2223374999999999,0.9976552500000001,0.03524490731462237,-0.9350162426854148,0.35460488704253557
National,2016-10-30,2016,44,1.48535,1.57071,4314,2444.0,,5287,1030.0,715,13790,1999,877947,10,October,4,Autumn,1.36298,1.26796,1.2019,1.43712,1.2659799999999999,1.0559451666666666,0.07008846029566541,-0.8854560256532101,0.464723172043768
National,2016-11-06,2016,45,1.55954,1.65146,4703,2549.0,,5193,1055.0,758,14258,1990,863356,11,November,4,Autumn,1.48535,1.36298,1.23108,1.50165,1.3368425,1.1219943333333333,0.11353142248566367,-0.822983865893657,0.5680647467311548
National,2016-11-13,2016,46,1.64783,1.73309,4979,2659.0,,5610,1083.0,829,15160,2000,874739,11,November,4,Autumn,1.55954,1.48535,1.26796,1.59805,1.4189575,1.1927869166666667,0.1292350944014549,-0.7485107481711011,0.6631226582407952
National,2016-11-20,2016,47,1.91275,2.03388,5032,2634.0,,4567,1108.0,867,14208,2011,698566,11,November,4,Autumn,1.64783,1.55954,1.36298,1.89668,1.513925,1.26058675,0.12057114206954558,-0.6631226582407955,0.7485107481711007
National,2016-11-27,2016,48,1.81725,1.88331,5209,3326.0,,5655,1359.0,1056,16605,2001,881694,11,November,4,Autumn,1.91275,1.64783,1.48535,1.67728,1.6513674999999999,1.3372641666666667,0.18648272956216844,-0.5680647467311559,0.8229838658936564
National,2016-12-04,2016,49,1.91433,2.00292,5501,3188.0,,5812,1413.0,1047,16961,2013,846813,12,December,4,Winter,1.81725,1.91275,1.55954,1.78296,1.7343425,1.4040308333333333,0.15994083934888212,-0.4647231720437684,0.88545602565321
National,2016-12-11,2016,50,2.21003,2.27731,5744,3491.0,,6724,1485.0,1019,18463,2000,810736,12,December,4,Winter,1.91433,1.81725,1.64783,1.87336,1.82304,1.4742508333333333,0.12531801732642597,-0.35460488704253595,0.9350162426854147
National,2016-12-18,2016,51,2.73568,2.91465,6653,4099.0,,7469,1923.0,1421,21565,1977,739882,12,December,4,Winter,2.21003,1.91433,1.91275,2.32148,1.96359,1.5666175000000002,0.17044972122778235,-0.2393156642875578,0.970941817426052
National,2016-12-25,2016,52,3.36832,3.54919,7712,5247.0,,7144,2652.0,2145,24900,1928,701569,12,December,4,Winter,2.73568,2.21003,1.81725,2.40991,2.1693225,1.6955566666666666,0.4128737251165688,-0.12053668025532363,0.992708874098054
National,2017-01-01,2017,1,3.09689,3.08102,6716,5673.0,,6786,2773.0,2230,24178,2024,784740,1,January,1,Winter,3.36832,2.73568,1.91433,1.94328,2.55709,1.8760916666666667,0.6386390639998764,0.0,1.0
National,2017-01-08,2017,2,3.07346,3.01875,6020,5313.0,,8843,2639.0,2082,24897,1997,824746,1,January,1,Winter,3.09689,3.36832,2.21003,1.99796,2.85273,2.0315758333333336,0.5007365062917916,0.12053668025532305,0.992708874098054
National,2017-01-15,2017,3,3.51643,3.40446,6399,5588.0,,12147,2717.0,1930,28781,2029,845391,1,January,1,Winter,3.07346,3.09689,2.73568,2.11829,3.0685875000000005,2.1820341666666665,0.2591600199843964,0.23931566428755774,0.970941817426052
National,2017-01-22,2017,4,3.8027,3.52869,6958,5788.0,,14073,2623.0,1823,31265,2021,886023,1,January,1,Winter,3.51643,3.07346,3.36832,2.25112,3.2637750000000003,2.3614883333333334,0.21512369193865122,0.3546048870425356,0.9350162426854148
National,2017-01-29,2017,5,4.50313,4.10665,7452,6522.0,,17482,2968.0,2093,36517,2024,889216,1,January,1,Winter,3.8027,3.51643,3.09689,2.37116,3.37237,2.554600833333333,0.35174498859256553,0.4647231720437685,0.8854560256532099
National,2017-02-05,2017,6,5.06308,4.7551,8110,8235.0,,20150,3749.0,2646,42890,2027,901978,2,February,1,Winter,4.50313,3.8027,3.07346,2.80035,3.72393,2.7998999999999996,0.5998679920893618,0.5680647467311558,0.8229838658936564
National,2017-02-12,2017,7,4.86009,4.65163,7726,8328.0,,18692,3652.0,2637,41035,1967,882163,2,February,1,Winter,5.06308,4.50313,3.51643,3.16475,4.221335,3.084504166666667,0.6976363401515128,0.6631226582407952,0.7485107481711011
National,2017-02-19,2017,8,4.57916,4.57049,7649,8560.0,,17300,3807.0,2808,40124,1987,877892,2,February,1,Winter,4.86009,5.06308,3.8027,3.15183,4.55725,3.3301158333333336,0.553729997802782,0.7485107481711011,0.6631226582407953
National,2017-02-26,2017,9,3.55674,3.45522,6129,6496.0,,12394,2983.0,2181,30183,1995,873547,2,February,1,Winter,4.57916,4.86009,4.50313,3.3321,4.751365,3.5602749999999994,0.25836830565429647,0.8229838658936564,0.5680647467311559
National,2017-03-05,2017,10,3.50417,3.29505,5854,5970.0,,11552,2766.0,1918,28060,1971,851580,3,March,1,Spring,3.55674,4.57916,5.06308,3.56024,4.5147675000000005,3.6971425,0.6687942661922786,0.8854560256532099,0.4647231720437686
National,2017-03-12,2017,11,3.21511,3.16426,5503,5535.0,,10084,2582.0,1780,25484,1958,805370,3,March,1,Spring,3.50417,3.55674,4.86009,3.05479,4.12504,3.8049874999999997,0.6964117373603987,0.9350162426854148,0.35460488704253557
National,2017-03-19,2017,12,3.10088,3.14433,5514,5858.0,,11503,2641.0,1838,27354,1940,869946,3,March,1,Spring,3.21511,3.50417,4.57916,2.76732,3.713795,3.84494,0.5961409861489612,0.970941817426052,0.23931566428755804
National,2017-03-26,2017,13,2.79056,2.87936,5145,5070.0,,10149,2354.0,1624,24342,1899,845397,3,March,1,Spring,3.10088,3.21511,3.55674,2.44161,3.344225,3.8226533333333337,0.22108256413984803,0.992708874098054,0.120536680255323
National,2017-04-02,2017,14,2.38547,2.36977,4488,3918.0,,8178,1760.0,1333,19677,1906,830332,4,April,2,Spring,2.79056,3.10088,3.50417,2.03348,3.15268,3.7971258333333338,0.29510272753734457,1.0,-1.6081226496766366e-16
National,2017-04-09,2017,15,1.9703,1.93853,3909,3151.0,,5847,1470.0,1171,15548,1861,802052,4,April,2,Spring,2.38547,2.79056,3.21511,1.98593,2.873005,3.7397933333333335,0.3712368520230389,0.992708874098054,-0.12053668025532288
National,2017-04-16,2017,16,1.73442,1.64064,3306,2766.0,,4683,1258.0,993,13006,1845,792740,4,April,2,Spring,1.9703,2.38547,3.10088,1.91514,2.5618025,3.6109491666666664,0.49122394854584445,0.9709418174260521,-0.2393156642875575
National,2017-04-23,2017,17,1.56303,1.4752,2997,2391.0,,4497,1111.0,928,11924,1846,808298,4,April,2,Spring,1.73442,1.9703,2.79056,1.69968,2.2201875,3.4385925000000004,0.4658529525772747,0.9350162426854148,-0.35460488704253545
National,2017-04-30,2017,18,1.4128,1.37755,2890,2039.0,,4105,1011.0,717,10762,1795,781240,4,April,2,Spring,1.56303,1.73442,2.38547,1.57635,1.913305,3.1935841666666662,0.3563147653877012,0.8854560256532099,-0.4647231720437685
National,2017-05-07,2017,19,1.27492,1.33771,2751,2037.0,,3831,862.0,721,10202,1767,762648,5,May,2,Spring,1.4128,1.56303,1.9703,1.3935,1.6701374999999998,2.889394166666666,0.2393911524923627,0.8229838658936565,-0.5680647467311557
National,2017-05-14,2017,20,1.2834,1.34686,2685,2011.0,,3518,886.0,709,9809,1746,728288,5,May,2,Spring,1.27492,1.4128,1.73442,1.29941,1.4962925,2.59063,0.19759839867338339,0.7485107481711013,-0.663122658240795
National,2017-05-21,2017,21,1.16663,1.26579,2341,1745.0,,3060,771.0,647,8564,1614,676574,5,May,2,Spring,1.2834,1.27492,1.56303,1.18379,1.3835375,2.315983333333333,0.13527642277308868,0.6631226582407952,-0.7485107481711012
National,2017-05-28,2017,22,1.10977,1.25701,2311,1577.0,,2575,710.0,583,7756,1569,617021,5,May,2,Spring,1.16663,1.2834,1.4128,1.13723,1.2844375000000001,2.1168075,0.1007425723893086,0.5680647467311558,-0.8229838658936564
National,2017-06-04,2017,23,1.04333,1.16048,2412,1459.0,,2377,671.0,591,7510,1493,647145,6,June,2,Summer,1.10977,1.16663,1.27492,1.04118,1.2086800000000002,1.9172741666666668,0.08469987524556216,0.46472317204376906,-0.8854560256532096
National,2017-06-11,2017,24,0.905151,1.04834,2049,1346.0,,2099,595.0,547,6636,1470,633003,6,June,2,Summer,1.04333,1.10977,1.2834,0.971814,1.1507825,1.7362925,0.1017621564807507,0.35460488704253584,-0.9350162426854147
National,2017-06-18,2017,25,0.902718,0.992711,1930,1282.0,,1971,559.0,498,6240,1469,628582,6,June,2,Summer,0.905151,1.04333,1.16663,0.863306,1.05622025,1.5533150833333333,0.11261433517479537,0.23931566428755768,-0.970941817426052
National,2017-06-25,2017,26,0.859531,0.961603,1771,1121.0,,1748,489.0,467,5596,1422,581945,6,June,2,Summer,0.902718,0.905151,1.10977,0.833797,0.9902422500000001,1.3959949166666668,0.1032895725369217,0.12053668025532308,-0.992708874098054
National,2017-07-02,2017,27,0.818998,0.955818,1728,1111.0,,1564,505.0,418,5326,1456,557219,7,July,3,Summer,0.859531,0.902718,1.04333,0.784516,0.9276825000000001,1.2688333333333333,0.0798954858149629,-3.216245299353273e-16,-1.0
National,2017-07-09,2017,28,0.752505,0.827597,1545,1004.0,,1578,462.0,372,4961,1405,599446,7,July,3,Summer,0.818998,0.859531,0.905151,0.734327,0.8715995000000001,1.1728915,0.040851889751572425,-0.12053668025532283,-0.992708874098054
National,2017-07-16,2017,29,0.731146,0.811886,1549,908.0,,1421,450.0,419,4747,1384,584688,7,July,3,Summer,0.752505,0.818998,0.902718,0.698845,0.833438,1.09106525,0.06387286105439435,-0.23931566428755743,-0.9709418174260521
National,2017-07-23,2017,30,0.733295,0.818527,1576,953.0,,1515,459.0,376,4879,1377,596071,7,July,3,Summer,0.731146,0.752505,0.859531,0.723099,0.7905449999999999,1.0217415833333334,0.059284411120798734,-0.3546048870425356,-0.9350162426854148
National,2017-07-30,2017,31,0.73102,0.829758,1529,1037.0,,1485,415.0,433,4899,1390,590413,7,July,3,Summer,0.733295,0.731146,0.818998,0.663501,0.7589859999999999,0.9651161666666667,0.041144204070634176,-0.46472317204376806,-0.8854560256532101
National,2017-08-06,2017,32,0.68834,0.828503,1559,1044.0,,1481,441.0,390,4915,1386,593239,8,August,3,Summer,0.73102,0.733295,0.752505,0.69276,0.7369915,0.9197911666666667,0.010394894208485295,-0.5680647467311556,-0.8229838658936566
National,2017-08-13,2017,33,0.732049,0.885896,1603,1097.0,,1691,427.0,412,5230,1350,590363,8,August,3,Summer,0.68834,0.73102,0.731146,0.710029,0.72095025,0.8702028333333333,0.021765220272765118,-0.663122658240795,-0.7485107481711013
National,2017-08-20,2017,34,0.911188,1.05351,1964,1256.0,,2549,473.0,411,6653,1379,631507,8,August,3,Summer,0.732049,0.68834,0.733295,0.834232,0.721176,0.8339877499999999,0.02191042006151387,-0.7485107481711011,-0.6631226582407952
National,2017-08-27,2017,35,1.02105,1.11768,2076,1302.0,,2726,526.0,503,7133,1370,638196,8,August,3,Summer,0.911188,0.732049,0.73102,0.992621,0.7656492500000001,0.8174392500000001,0.09914032082956682,-0.8229838658936564,-0.5680647467311559
National,2017-09-03,2017,36,1.09495,1.14028,2073,1369.0,,2488,587.0,555,7072,1384,620201,9,September,3,Autumn,1.02105,0.911188,0.68834,1.01605,0.83815675,0.8155825833333333,0.15544282717725316,-0.8854560256532096,-0.4647231720437691
National,2017-09-10,2017,37,1.09475,1.13326,2372,1656.0,,2942,706.0,628,8304,1485,732755,9,September,3,Autumn,1.09495,1.02105,0.732049,1.07169,0.9398092499999999,0.8313991666666666,0.1577468533258034,-0.9350162426854147,-0.3546048870425359
National,2017-09-17,2017,38,1.09775,1.17589,2544,1625.0,,3075,664.0,655,8563,1484,728214,9,September,3,Autumn,1.09475,1.09495,0.911188,1.10163,1.0304845,0.8474018333333332,0.08680729593536933,-0.970941817426052,-0.23931566428755774
National,2017-09-24,2017,39,1.18882,1.23848,2840,1652.0,,3201,746.0,640,9079,1468,733077,9,September,3,Autumn,1.09775,1.09475,1.02105,1.18841,1.0771249999999999,0.8672534166666668,0.03740841037269037,-0.992708874098054,-0.12053668025532357
National,2017-10-01,2017,40,1.26682,1.28278,3844,2486.0,,4553,1072.0,875,12830,2205,1000168,10,October,4,Autumn,1.18882,1.09775,1.09495,1.2019,1.1190674999999999,0.8980719166666667,0.046521828836353855,-1.0,-1.8369701987210297e-16
National,2017-10-08,2017,41,1.30662,1.33419,4120,2676.0,,4453,1073.0,947,13269,2233,994535,10,October,4,Autumn,1.26682,1.18882,1.09475,1.23108,1.162035,0.9409314999999999,0.08237549170281033,-0.992708874098054,0.1205366802553232
National,2017-10-15,2017,42,1.34866,1.41293,4409,2804.0,,4993,1139.0,974,14319,2254,1013427,10,October,4,Autumn,1.30662,1.26682,1.09775,1.26796,1.2150025,0.9888876666666667,0.09221802368091638,-0.9709418174260521,0.23931566428755738
National,2017-10-22,2017,43,1.51871,1.57884,5003,2921.0,,5529,1324.0,1049,15826,2251,1002381,10,October,4,Autumn,1.34866,1.30662,1.18882,1.36298,1.27773,1.0401680833333333,0.06804340085525222,-0.9350162426854148,0.35460488704253557
National,2017-10-29,2017,44,1.74793,1.70723,5219,3289.0,,6133,1365.0,1062,17068,2213,999750,10,October,4,Autumn,1.51871,1.34866,1.26682,1.48535,1.3602025,1.1058089166666665,0.11082904624518215,-0.8854560256532101,0.464723172043768
National,2017-11-05,2017,45,1.87047,1.86372,6108,3609.0,,6625,1523.0,1129,18994,2278,1019146,11,November,4,Autumn,1.74793,1.51871,1.30662,1.55954,1.48048,1.1941080833333333,0.20049509337292754,-0.822983865893657,0.5680647467311548
National,2017-11-12,2017,46,2.06674,2.09726,6805,4200.0,,7478,1778.0,1354,21615,2281,1030631,11,November,4,Autumn,1.87047,1.74793,1.34866,1.64783,1.6214425000000001,1.2889765000000002,0.2330794158470917,-0.7485107481711011,0.6631226582407952
National,2017-11-19,2017,47,2.28188,2.34372,6945,3844.0,,5876,1707.0,1445,19817,2264,845535,11,November,4,Autumn,2.06674,1.87047,1.51871,1.91275,1.8009624999999998,1.3852725,0.22945434685711377,-0.6631226582407955,0.7485107481711007
National,2017-11-26,2017,48,2.28528,2.24895,7008,5235.0,,7476,2206.0,1830,23755,2274,1056270,11,November,4,Autumn,2.28188,2.06674,1.74793,1.81725,1.991755,1.4903416666666667,0.2337776348726033,-0.5680647467311559,0.8229838658936564
National,2017-12-03,2017,49,2.5848,2.49852,7230,5050.0,,8491,2338.0,1870,24979,2263,999753,12,December,4,Winter,2.28528,2.28188,1.87047,1.91433,2.1260925,1.5895358333333334,0.198725931100173,-0.4647231720437684,0.88545602565321
National,2017-12-10,2017,50,3.36711,3.20443,8297,6671.0,,11277,2955.0,2333,31533,2255,984043,12,December,4,Winter,2.5848,2.28528,2.06674,2.21003,2.304675,1.7137066666666667,0.21289970870490615,-0.35460488704253595,0.9350162426854147
National,2017-12-17,2017,51,4.71836,4.4305,10464,9836.0,,14164,4578.0,3622,42664,2204,962961,12,December,4,Winter,3.36711,2.5848,2.28188,2.73568,2.6297675,1.9028200000000002,0.5116617986765992,-0.2393156642875578,0.970941817426052
National,2017-12-24,2017,52,5.72036,5.46448,11301,11373.0,,11509,5723.0,5080,44986,2122,823244,12,December,4,Winter,4.71836,3.36711,2.28528,3.36832,3.2388874999999997,2.1969483333333333,1.0866581200290102,-0.12053668025532363,0.992708874098054
National,2017-12-31,2018,1,5.77543,5.37416,9426,13370.0,,11748,6868.0,5870,47282,2235,879802,12,December,4,Winter,5.72036,4.71836,2.5848,3.09689,4.0976574999999995,2.568076666666667,1.395334184831122,0.0,1.0
National,2018-01-07,2018,2,5.9083,5.54335,10082,15400.0,,17403,7791.0,6246,56922,2251,1026852,1,January,1,Winter,5.77543,5.72036,3.36711,3.07346,4.895315,2.9404775,1.1287198145539397,0.12053668025532305,0.992708874098054
National,2018-01-14,2018,3,6.49095,6.34203,12004,15973.0,,21873,7536.0,5551,62937,2277,992379,1,January,1,Winter,5.9083,5.77543,4.71836,3.51643,5.5306125,3.3204474999999998,0.5472177182423449,0.23931566428755774,0.970941817426052
National,2018-01-21,2018,4,7.17799,7.04897,13432,18349.0,,30671,8925.0,6091,77468,2279,1098998,1,January,1,Winter,6.49095,5.9083,5.72036,3.8027,5.97376,3.7348008333333333,0.3537027266882454,0.3546048870425356,0.9350162426854148
National,2018-01-28,2018,5,7.52851,7.79783,14854,19095.0,,37252,8929.0,5965,86095,2265,1104089,1,January,1,Winter,7.17799,6.49095,5.77543,4.50313,6.3381675,4.187305833333333,0.6403394634293907,0.4647231720437685,0.8854560256532099
National,2018-02-04,2018,6,7.38424,7.78892,15192,19505.0,,38457,8621.0,5871,87646,2290,1125265,2,February,1,Winter,7.52851,7.17799,5.9083,5.06308,6.7764375,4.658809166666667,0.7215777359543796,0.5680647467311558,0.8229838658936564
National,2018-02-11,2018,7,6.46068,6.83583,13340,17163.0,,31984,8070.0,5430,75987,2215,1111598,2,February,1,Winter,7.38424,7.52851,6.49095,4.86009,7.1454225000000005,5.101934166666667,0.4594143831281895,0.6631226582407952,0.7485107481711011
National,2018-02-18,2018,8,4.95341,5.17354,10142,12428.0,,20394,5808.0,4189,52961,2259,1023689,2,February,1,Winter,6.46068,7.38424,7.17799,4.57916,7.137855,5.4501675,0.47381209218429043,0.7485107481711011,0.6631226582407953
National,2018-02-25,2018,9,3.67274,3.55184,7190,8445.0,,13370,4081.0,2846,35932,2194,1011645,2,February,1,Winter,4.95341,6.46068,7.52851,3.55674,6.581709999999999,5.672511666666666,1.184130312620495,0.8229838658936564,0.5680647467311559
National,2018-03-04,2018,10,3.2037,3.01348,6357,6483.0,,10841,3139.0,2289,29109,2203,965961,3,March,1,Spring,3.67274,4.95341,7.38424,3.50417,5.6177675,5.7631733333333335,1.638640639826711,0.8854560256532099,0.4647231720437686
National,2018-03-11,2018,11,2.78869,2.73862,5590,5925.0,,9479,2813.0,2121,25928,2188,946753,3,March,1,Spring,3.2037,3.67274,6.46068,3.21511,4.5726325,5.749555833333333,1.4598513129625017,0.9350162426854148,0.35460488704253557
National,2018-03-18,2018,12,2.50234,2.48438,5212,5406.0,,8635,2563.0,1969,23785,2168,957380,3,March,1,Spring,2.78869,3.2037,4.95341,3.10088,3.654635,5.58875,0.9381448731228333,0.970941817426052,0.23931566428755804
National,2018-03-25,2018,13,2.41065,2.36593,4722,4720.0,,7216,2295.0,1743,20696,2131,874750,3,March,1,Spring,2.50234,2.78869,3.67274,2.79056,3.0418675,5.3205816666666665,0.5096988127234027,0.992708874098054,0.120536680255323
National,2018-04-01,2018,14,2.07542,2.03306,4550,4452.0,,6211,2158.0,1696,19067,2117,937849,4,April,2,Spring,2.41065,2.50234,3.2037,2.38547,2.7263450000000002,5.040183333333333,0.3566493460435714,1.0,-1.6081226496766366e-16
National,2018-04-08,2018,15,1.78234,1.8062,4148,3749.0,,5508,1818.0,1449,16672,2076,923041,4,April,2,Spring,2.07542,2.41065,2.78869,1.9703,2.4442749999999998,4.720776666666667,0.2939262311646162,0.992708874098054,-0.12053668025532288
National,2018-04-15,2018,16,1.61608,1.58958,3859,3216.0,,5269,1432.0,1116,14892,2103,936850,4,April,2,Spring,1.78234,2.07542,2.50234,1.73442,2.1926875,4.3283925000000005,0.32940808504290053,0.9709418174260521,-0.2393156642875575
National,2018-04-22,2018,17,1.53992,1.54077,3725,3030.0,,5343,1373.0,1101,14572,2079,945759,4,April,2,Spring,1.61608,1.78234,2.41065,1.56303,1.9711224999999999,3.8649000000000004,0.349168727539605,0.9350162426854148,-0.35460488704253545
National,2018-04-29,2018,18,1.53115,1.45326,3656,2600.0,,4810,1215.0,992,13273,2005,913326,4,April,2,Spring,1.53992,1.61608,2.07542,1.4128,1.7534399999999999,3.365850833333333,0.2373217860485835,0.8854560256532099,-0.4647231720437685
National,2018-05-06,2018,19,1.29599,1.28242,3443,2205.0,,4132,935.0,902,11617,1922,905868,5,May,2,Spring,1.53115,1.53992,1.78234,1.27492,1.6173725,2.8780933333333336,0.11640325865264219,0.8229838658936565,-0.5680647467311557
National,2018-05-13,2018,20,1.18904,1.2243,3359,2238.0,,3766,905.0,799,11067,1966,903948,5,May,2,Spring,1.29599,1.53115,1.61608,1.2834,1.4957850000000001,2.4477024999999997,0.1385490412571849,0.7485107481711013,-0.663122658240795
National,2018-05-20,2018,21,1.24941,1.23385,3384,2082.0,,3429,885.0,866,10646,1883,862825,5,May,2,Spring,1.18904,1.29599,1.53992,1.16663,1.3890250000000002,2.1340049999999997,0.17475537960231702,0.6631226582407952,-0.7485107481711012
National,2018-05-27,2018,22,1.14134,1.22391,3222,1824.0,,2982,846.0,734,9608,1789,785022,5,May,2,Spring,1.24941,1.18904,1.53115,1.10977,1.3163974999999999,1.9320608333333336,0.14971345995472596,0.5680647467311558,-0.8229838658936564
National,2018-06-03,2018,23,0.988567,1.04866,2845,1836.0,,2551,802.0,654,8688,1783,828488,6,June,2,Summer,1.14134,1.24941,1.29599,1.04333,1.218945,1.7601975,0.06777633141404875,0.46472317204376906,-0.8854560256532096
National,2018-06-10,2018,24,0.895433,0.979381,2375,1596.0,,2242,699.0,658,7570,1738,772937,6,June,2,Summer,0.988567,1.14134,1.18904,0.905151,1.1420892500000002,1.61018725,0.11149253925201592,0.35460488704253584,-0.9350162426854147
National,2018-06-17,2018,25,0.892227,0.94819,2313,1554.0,,2161,730.0,616,7374,1759,777692,6,June,2,Summer,0.895433,0.988567,1.24941,0.902718,1.0686875,1.4762783333333334,0.1574541457619044,0.23931566428755768,-0.970941817426052
National,2018-06-24,2018,26,0.877636,0.867741,2201,1530.0,,1906,669.0,626,6932,1720,798856,6,June,2,Summer,0.892227,0.895433,1.14134,0.859531,0.97939175,1.3497430833333333,0.11684489182184866,0.12053668025532308,-0.992708874098054
National,2018-07-01,2018,27,0.77502,0.822957,2000,1299.0,,1862,539.0,549,6249,1764,759335,7,July,3,Summer,0.877636,0.892227,0.988567,0.818998,0.9134657500000001,1.2499277500000001,0.050663048041530025,-3.216245299353273e-16,-1.0
National,2018-07-08,2018,28,0.725956,0.772384,1945,1443.0,,1900,627.0,587,6502,1769,841809,7,July,3,Summer,0.77502,0.877636,0.895433,0.752505,0.860079,1.1659844166666666,0.05723251101085338,-0.12053668025532283,-0.992708874098054
National,2018-07-15,2018,29,0.68266,0.707466,1741,1290.0,,1720,566.0,469,5786,1732,817849,7,July,3,Summer,0.725956,0.77502,0.892227,0.731146,0.81770975,1.0918074166666667,0.08038478583365995,-0.23931566428755743,-0.9709418174260521
National,2018-07-22,2018,30,0.640527,0.686508,1665,1202.0,,1643,523.0,463,5496,1728,800573,7,July,3,Summer,0.68266,0.725956,0.877636,0.733295,0.765318,1.0203690833333334,0.0838474287735714,-0.3546048870425356,-0.9350162426854148
National,2018-07-29,2018,31,0.64106,0.68859,1620,1246.0,,1772,525.0,454,5617,1708,815725,7,July,3,Summer,0.640527,0.68266,0.77502,0.73102,0.70604075,0.9461504999999999,0.05771615898101189,-0.46472317204376806,-0.8854560256532101
National,2018-08-05,2018,32,0.706465,0.736093,1727,1334.0,,1786,541.0,476,5864,1670,796639,8,August,3,Summer,0.64106,0.640527,0.725956,0.68834,0.67255075,0.8915730000000001,0.040708334783606505,-0.5680647467311556,-0.8229838658936566
National,2018-08-12,2018,33,0.708668,0.806323,1989,1387.0,,2172,516.0,478,6542,1705,811337,8,August,3,Summer,0.706465,0.64106,0.68266,0.732049,0.667678,0.8513584166666667,0.032529916578498935,-0.663122658240795,-0.7485107481711013
National,2018-08-19,2018,34,0.825743,0.954211,2237,1488.0,,2467,602.0,515,7309,1601,765973,8,August,3,Summer,0.708668,0.706465,0.640527,0.911188,0.67418,0.8062965833333333,0.038562512789031424,-0.7485107481711011,-0.6631226582407952
National,2018-08-26,2018,35,0.864409,0.962249,2447,1637.0,,2836,655.0,542,8117,1661,843545,8,August,3,Summer,0.825743,0.708668,0.64106,1.02105,0.720484,0.7799968333333335,0.07686303635648511,-0.8229838658936564,-0.5680647467311559
National,2018-09-02,2018,36,1.10114,1.14153,2817,1985.0,,3346,767.0,621,9536,1693,835370,9,September,3,Autumn,0.864409,0.825743,0.706465,1.09495,0.77632125,0.7696503333333333,0.0809502295087707,-0.8854560256532096,-0.4647231720437691
National,2018-09-09,2018,37,1.15244,1.14726,2774,2112.0,,3659,829.0,689,10063,1689,877135,9,September,3,Autumn,1.10114,0.864409,0.708668,1.09475,0.8749899999999999,0.7867925833333334,0.16466537255276542,-0.9350162426854147,-0.3546048870425359
National,2018-09-16,2018,38,1.20257,1.31197,3242,2347.0,,3950,922.0,729,11190,1666,852916,9,September,3,Autumn,1.15244,1.10114,0.825743,1.09775,0.985933,0.808477,0.16474844720950466,-0.970941817426052,-0.23931566428755774
National,2018-09-23,2018,39,1.25033,1.37701,3471,2464.0,,4185,925.0,669,11714,1694,850685,9,September,3,Autumn,1.20257,1.15244,0.864409,1.18882,1.0801397499999998,0.8355548333333332,0.14966324338392026,-0.992708874098054,-0.12053668025532357
National,2018-09-30,2018,40,1.41846,1.42429,4857,3839.0,,6300,1553.0,1290,17839,2565,1252483,9,September,3,Autumn,1.25033,1.20257,1.10114,1.26682,1.17662,0.8751639999999999,0.06426110643263296,-1.0,-1.8369701987210297e-16
National,2018-10-07,2018,41,1.40418,1.48151,5307,4026.0,,6250,1657.0,1321,18561,2609,1252846,10,October,4,Autumn,1.41846,1.25033,1.15244,1.30662,1.25595,0.9328726666666666,0.11547702368847035,-0.992708874098054,0.1205366802553232
National,2018-10-14,2018,42,1.47401,1.59449,5582,4399.0,,6799,1752.0,1398,19930,2586,1249933,10,October,4,Autumn,1.40418,1.41846,1.20257,1.34866,1.3188849999999999,0.9929993333333332,0.10865754291940308,-0.9709418174260521,0.23931566428755738
National,2018-10-21,2018,43,1.64257,1.72683,6242,4617.0,,7478,1835.0,1444,21616,2646,1251776,10,October,4,Autumn,1.47401,1.40418,1.25033,1.51871,1.3867450000000001,1.06245625,0.0958019709258795,-0.9350162426854148,0.35460488704253557
National,2018-10-28,2018,44,1.79275,1.84522,6864,4730.0,,8285,1825.0,1450,23154,2633,1254812,10,October,4,Autumn,1.64257,1.47401,1.41846,1.74793,1.4848050000000002,1.1459154166666667,0.10940502258405711,-0.8854560256532101,0.464723172043768
National,2018-11-04,2018,45,1.87043,1.93069,7504,4831.0,,8448,1840.0,1450,24073,2645,1246860,11,November,4,Autumn,1.79275,1.64257,1.40418,1.87047,1.5783775,1.2364391666666668,0.17446450438877137,-0.822983865893657,0.5680647467311548
National,2018-11-11,2018,46,1.98387,2.09114,7805,5017.0,,8050,1995.0,1480,24347,2631,1164292,11,November,4,Autumn,1.87043,1.79275,1.47401,2.06674,1.6949400000000001,1.3332526666666666,0.17503925083617172,-0.7485107481711011,0.6631226582407952
National,2018-11-18,2018,47,2.24169,2.41082,8598,5011.0,,7193,2111.0,1699,24612,2586,1020898,11,November,4,Autumn,1.98387,1.87043,1.64257,2.28188,1.822405,1.42976325,0.14329153627002444,-0.6631226582407955,0.7485107481711007
National,2018-11-25,2018,48,2.14883,2.25019,8885,6576.0,,8787,2756.0,2076,29080,2640,1292335,11,November,4,Autumn,2.24169,1.98387,1.79275,2.28528,1.972185,1.5445366666666667,0.19606162594099416,-0.5680647467311559,0.8229838658936564
National,2018-12-02,2018,49,2.25531,2.30458,8803,5969.0,,9269,2454.0,1861,28356,2633,1230419,12,December,4,Winter,2.14883,2.24169,1.87043,2.5848,2.061205,1.6318441666666665,0.1659606165127573,-0.4647231720437684,0.88545602565321
National,2018-12-09,2018,50,2.64571,2.73758,10150,6819.0,,11373,2776.0,1980,33098,2622,1209022,12,December,4,Winter,2.25531,2.14883,1.98387,3.36711,2.157425,1.7237500000000001,0.12500303396303175,-0.35460488704253595,0.9350162426854147
National,2018-12-16,2018,51,3.14075,3.24643,11507,8119.0,,12811,3320.0,2479,38236,2571,1177786,12,December,4,Winter,2.64571,2.25531,2.24169,4.71836,2.322885,1.8440116666666666,0.22035587300236056,-0.2393156642875578,0.970941817426052
National,2018-12-23,2018,52,3.97127,4.19267,13586,10315.0,,12026,4454.0,3523,43904,2545,1047161,12,December,4,Winter,3.14075,2.64571,2.14883,5.72036,2.54765,2.0015466666666666,0.449408293055031,-0.12053668025532363,0.992708874098054
National,2018-12-30,2019,1,3.46125,3.63499,11675,11402.0,,9557,5200.0,4260,42094,2609,1158023,12,December,4,Winter,3.97127,3.14075,2.25531,5.77543,3.00326,2.214280833333333,0.7400941528391133,0.0,1.0
National,2019-01-06,2019,2,3.07707,3.14077,9344,10401.0,,10744,4820.0,3443,38752,2629,1233836,1,January,1,Winter,3.46125,3.97127,2.64571,5.9083,3.304745,2.3857033333333333,0.5567677199395186,0.12053668025532305,0.992708874098054
National,2019-01-13,2019,3,3.32915,3.36551,9668,10024.0,,14248,4226.0,2943,41109,2633,1221478,1,January,1,Winter,3.07707,3.46125,3.14075,6.49095,3.412585,2.5192916666666663,0.4086407525361594,0.23931566428755774,0.970941817426052
National,2019-01-20,2019,4,3.81999,3.89305,10728,11164.0,,16925,4443.0,2853,46113,2614,1184495,1,January,1,Winter,3.32915,3.07707,3.97127,7.17799,3.459685,2.65984,0.37645508182692866,0.3546048870425356,0.9350162426854148
National,2019-01-27,2019,5,4.3419,4.5253,11606,13032.0,,22188,5110.0,3251,55187,2639,1219521,1,January,1,Winter,3.81999,3.32915,3.46125,7.52851,3.421865,2.8287766666666667,0.30958809037168333,0.4647231720437685,0.8854560256532099
National,2019-02-03,2019,6,4.88288,5.21525,13828,15708.0,,29688,6134.0,4084,69442,2644,1331519,2,February,1,Winter,4.3419,3.81999,3.07707,7.38424,3.6420275,3.0347325000000005,0.5593333753898381,0.5680647467311558,0.8229838658936564
National,2019-02-10,2019,7,5.04211,5.43173,14224,15928.0,,29223,6329.0,4274,69978,2628,1288318,2,February,1,Winter,4.88288,4.3419,3.32915,6.46068,4.0934800000000005,3.2763166666666663,0.6692936538869401,0.6631226582407952,0.7485107481711011
National,2019-02-17,2019,8,4.88596,5.2776,13612,15684.0,,26456,6115.0,4478,66345,2623,1257106,2,February,1,Winter,5.04211,4.88288,3.81999,4.95341,4.52172,3.5096849999999997,0.5555785342025661,0.7485107481711011,0.6631226582407953
National,2019-02-24,2019,9,4.5499,4.59585,11622,13833.0,,23450,5699.0,4131,58735,2634,1278001,2,February,1,Winter,4.88596,5.04211,4.3419,3.67274,4.7882125,3.7377791666666664,0.3066894724174223,0.8229838658936564,0.5680647467311559
National,2019-03-03,2019,10,4.38001,4.40341,11146,13058.0,,21736,5356.0,4052,55348,2614,1256934,3,March,1,Spring,4.5499,4.88596,4.88288,3.2037,4.8402125,3.9289950000000005,0.20733008904886677,0.8854560256532099,0.4647231720437686
National,2019-03-10,2019,11,4.2288,4.13279,10975,12570.0,,20065,5347.0,4176,53133,2622,1285646,3,March,1,Spring,4.38001,4.5499,5.04211,2.78869,4.714495,4.07352,0.30315208707843067,0.9350162426854148,0.35460488704253557
National,2019-03-17,2019,12,3.68449,3.56166,9559,10484.0,,16537,4431.0,3775,44786,2596,1257449,3,March,1,Spring,4.2288,4.38001,4.88596,2.50234,4.5111675,4.1641908333333335,0.2821957473545698,0.970941817426052,0.23931566428755804
National,2019-03-24,2019,13,3.08744,3.05634,8621,8631.0,,13608,3801.0,3183,37844,2587,1238213,3,March,1,Spring,3.68449,4.2288,4.5499,2.41065,4.2108,4.1402925,0.3745873508275446,0.992708874098054,0.120536680255323
National,2019-03-31,2019,14,2.69971,2.68251,7591,7486.0,,11757,3271.0,2800,32905,2597,1226648,3,March,1,Spring,3.08744,3.68449,4.38001,2.07542,3.845185,4.109141666666667,0.5868556372453594,1.0,-1.6081226496766366e-16
National,2019-04-07,2019,15,2.28549,2.26747,6739,6198.0,,9988,2561.0,2317,27803,2542,1226170,4,April,2,Spring,2.69971,3.08744,4.2288,1.78234,3.42511,4.077695,0.6716700056327121,0.992708874098054,-0.12053668025532288
National,2019-04-14,2019,16,2.01443,1.96931,6319,4930.0,,7894,2105.0,1874,23122,2517,1174114,4,April,2,Spring,2.28549,2.69971,3.68449,1.61608,2.9392825,3.9907233333333334,0.5950138594113896,0.9709418174260521,-0.2393156642875575
National,2019-04-21,2019,17,1.7141,1.72372,5689,4545.0,,6617,1997.0,1735,20583,2490,1194101,4,April,2,Spring,2.01443,2.28549,3.08744,1.53992,2.5217674999999997,3.8402600000000002,0.47076792105200604,0.9350162426854148,-0.35460488704253545
National,2019-04-28,2019,18,1.56927,1.57693,5362,4080.0,,6203,1666.0,1537,18848,2459,1195232,4,April,2,Spring,1.7141,2.01443,2.69971,1.53115,2.1784325,3.6212766666666663,0.41860603231633003,0.8854560256532099,-0.4647231720437685
National,2019-05-05,2019,19,1.49991,1.46086,4785,3572.0,,5903,1479.0,1357,17096,2415,1170273,5,May,2,Spring,1.56927,1.7141,2.28549,1.29599,1.8958225,3.3451425,0.3191489212864129,0.8229838658936565,-0.5680647467311557
National,2019-05-12,2019,20,1.50211,1.50759,4614,3458.0,,5488,1433.0,1356,16349,2302,1084443,5,May,2,Spring,1.49991,1.56927,2.01443,1.18904,1.6994275,3.049959166666667,0.22817395766887344,0.7485107481711013,-0.663122658240795
National,2019-05-19,2019,21,1.42357,1.40452,4597,3211.0,,5227,1345.0,1367,15747,2205,1121166,5,May,2,Spring,1.50211,1.49991,1.7141,1.24941,1.5713475,2.7679716666666665,0.1004651516278531,0.6631226582407952,-0.7485107481711012
National,2019-05-26,2019,22,1.39457,1.40617,4437,3094.0,,4659,1279.0,1301,14770,2179,1050372,5,May,2,Spring,1.42357,1.50211,1.56927,1.14134,1.498715,2.5074441666666667,0.059547552705990124,0.5680647467311558,-0.8229838658936564
National,2019-06-02,2019,23,1.21776,1.23921,3930,2948.0,,4110,1240.0,1205,13433,2235,1083994,6,June,2,Summer,1.39457,1.42357,1.49991,0.988567,1.45504,2.2586575,0.05439327041652396,0.46472317204376906,-0.8854560256532096
National,2019-06-09,2019,24,1.11351,1.10622,3350,2606.0,,3607,1007.0,1048,11618,2139,1050239,6,June,2,Summer,1.21776,1.39457,1.50211,0.895433,1.3845025,2.0077374999999997,0.12008637096525014,0.35460488704253584,-0.9350162426854147
National,2019-06-16,2019,25,0.992293,1.01351,3046,2424.0,,3282,998.0,928,10678,2141,1053569,6,June,2,Summer,1.11351,1.21776,1.42357,0.892227,1.2873525,1.7934891666666666,0.14732631635794638,0.23931566428755768,-0.970941817426052
National,2019-06-23,2019,26,0.947072,0.959926,2940,2175.0,,3106,906.0,859,9986,2063,1040288,6,June,2,Summer,0.992293,1.11351,1.39457,0.877636,1.17953325,1.6188935833333336,0.1704113347428789,0.12053668025532308,-0.992708874098054
National,2019-06-30,2019,27,0.876088,0.873735,2433,1884.0,,2676,788.0,768,8549,2111,978443,6,June,2,Summer,0.947072,0.992293,1.21776,0.77502,1.06765875,1.4728404166666664,0.12227548531429862,-3.216245299353273e-16,-1.0
National,2019-07-07,2019,28,0.809956,0.795831,2344,1882.0,,2660,799.0,737,8422,2090,1058265,7,July,3,Summer,0.876088,0.947072,1.11351,0.725956,0.9822407499999999,1.3553902500000001,0.09972948583465956,-0.12053668025532283,-0.992708874098054
National,2019-07-14,2019,29,0.755431,0.768849,2219,1861.0,,2570,757.0,704,8111,2132,1054954,7,July,3,Summer,0.809956,0.876088,0.992293,0.68266,0.90635225,1.2550174166666668,0.08010841069561539,-0.23931566428755743,-0.9709418174260521
National,2019-07-21,2019,30,0.73346,0.748185,2128,1800.0,,2451,761.0,615,7755,2117,1036508,7,July,3,Summer,0.755431,0.809956,0.947072,0.640527,0.84713675,1.1751283333333333,0.08290070732012003,-0.3546048870425356,-0.9350162426854148
National,2019-07-28,2019,31,0.72729,0.758451,2348,1829.0,,2436,658.0,603,7874,2128,1038168,7,July,3,Summer,0.73346,0.755431,0.876088,0.64106,0.79373375,1.1054775,0.06362758700575659,-0.46472317204376806,-0.8854560256532101
National,2019-08-04,2019,32,0.754637,0.77011,2089,2041.0,,2384,766.0,758,8038,2146,1043747,8,August,3,Summer,0.72729,0.73346,0.809956,0.706465,0.7565342500000001,1.0410925,0.03760650521972293,-0.5680647467311556,-0.8229838658936566
National,2019-08-11,2019,33,0.730938,0.834825,2630,2047.0,,2828,788.0,694,8987,2178,1076513,8,August,3,Summer,0.754637,0.72729,0.755431,0.708668,0.7427045,0.9788030833333333,0.014461626796137838,-0.663122658240795,-0.7485107481711013
National,2019-08-18,2019,34,0.840615,0.942052,2907,2210.0,,3501,762.0,716,10096,2147,1071703,8,August,3,Summer,0.730938,0.754637,0.73346,0.825743,0.73658125,0.9210837500000001,0.012300757517621342,-0.7485107481711011,-0.6631226582407952
National,2019-08-25,2019,35,0.989217,1.07895,3394,2539.0,,4220,894.0,770,11817,2169,1095230,8,August,3,Summer,0.840615,0.730938,0.72729,0.864409,0.76337,0.8749208333333334,0.05290449362695488,-0.8229838658936564,-0.5680647467311559
National,2019-09-01,2019,36,1.14059,1.20634,3801,2924.0,,4535,1030.0,868,13158,2189,1090741,9,September,3,Autumn,0.989217,0.840615,0.754637,1.10114,0.82885175,0.8558755833333334,0.11683366953997376,-0.8854560256532096,-0.4647231720437691
National,2019-09-08,2019,37,1.23272,1.2757,3905,3296.0,,5499,1172.0,959,14831,2221,1162580,9,September,3,Autumn,1.14059,0.989217,0.730938,1.15244,0.92534,0.85813225,0.17830993322282326,-0.9350162426854147,-0.3546048870425359
National,2019-09-15,2019,38,1.24529,1.39156,4463,3567.0,,5673,1249.0,1025,15977,2198,1148137,9,September,3,Autumn,1.23272,1.14059,0.840615,1.20257,1.0507855,0.8781678333333334,0.17236330794070848,-0.970941817426052,-0.23931566428755774
National,2019-09-22,2019,39,1.33771,1.49698,4970,3875.0,,6104,1365.0,1100,17414,2180,1163278,9,September,3,Autumn,1.24529,1.23272,0.989217,1.25033,1.15195425,0.9030193333333334,0.11810620547702884,-0.992708874098054,-0.12053668025532357
National,2019-09-29,2019,40,1.49064,1.50415,6218,4827.0,,7658,1764.0,1448,21915,2896,1456967,9,September,3,Autumn,1.33771,1.24529,1.14059,1.41846,1.2390775,0.9414878333333334,0.08063739966624592,-1.0,-1.8369701987210297e-16
National,2019-10-06,2019,41,1.59269,1.59823,6550,5147.0,,7638,2015.0,1603,22953,2924,1436150,10,October,4,Autumn,1.49064,1.33771,1.23272,1.40418,1.32659,0.9982114999999999,0.11896403350005527,-0.992708874098054,0.1205366802553232
National,2019-10-13,2019,42,1.72517,1.73838,7273,5548.0,,8277,2110.0,1649,24857,2950,1429897,10,October,4,Autumn,1.59269,1.49064,1.24529,1.47401,1.4165824999999999,1.0679830833333332,0.1549842536892185,-0.9709418174260521,0.23931566428755738
National,2019-10-20,2019,43,1.83428,1.8605,7892,6080.0,,9349,2305.0,1793,27419,2980,1473740,10,October,4,Autumn,1.72517,1.59269,1.33771,1.64257,1.5365525,1.1506255833333334,0.16368086599113052,-0.9350162426854148,0.35460488704253557
National,2019-10-27,2019,44,2.04049,2.01425,8658,6143.0,,10068,2279.0,1762,28910,2989,1435277,10,October,4,Autumn,1.83428,1.72517,1.49064,1.79275,1.660695,1.2428747500000001,0.1503686147437096,-0.8854560256532101,0.464723172043768
National,2019-11-03,2019,45,2.39351,2.36364,10557,7182.0,,12551,2453.0,1843,34586,3007,1463253,11,November,4,Autumn,2.04049,1.83428,1.59269,1.87043,1.7981575,1.3500291666666666,0.1893620379720942,-0.822983865893657,0.5680647467311548
National,2019-11-10,2019,46,2.63245,2.64431,11446,7904.0,,13671,2739.0,1968,37728,2976,1426760,11,November,4,Autumn,2.39351,2.04049,1.72517,1.98387,1.9983625,1.4885768333333333,0.29409379562471005,-0.7485107481711011,0.6631226582407952
National,2019-11-17,2019,47,2.91944,2.97548,12714,9138.0,,17049,3099.0,2148,44148,2971,1483729,11,November,4,Autumn,2.63245,2.39351,1.83428,2.24169,2.2251825,1.6378964166666667,0.35642533013000977,-0.6631226582407955,0.7485107481711007
National,2019-11-24,2019,48,3.41066,3.44787,14389,9159.0,,14717,3186.0,2366,43817,2971,1270842,11,November,4,Autumn,2.91944,2.63245,2.04049,2.14883,2.4964725,1.7987483333333334,0.3723406608984461,-0.5680647467311559,0.8229838658936564
National,2019-12-01,2019,49,3.2622,3.31577,13839,11943.0,,16389,3929.0,2777,48877,2977,1474075,12,December,4,Winter,3.41066,2.91944,2.39351,2.25531,2.839015,1.9879208333333331,0.437565229765763,-0.4647231720437684,0.88545602565321
National,2019-12-08,2019,50,3.94308,3.86928,14728,12822.0,,21877,4114.0,2903,56444,2947,1458774,12,December,4,Winter,3.2622,3.41066,2.63245,2.64571,3.0561875,2.1570441666666667,0.3494496869245069,-0.35460488704253595,0.9350162426854147
National,2019-12-15,2019,51,5.06529,5.02757,17999,16225.0,,29177,4834.0,3349,71584,2913,1423829,12,December,4,Winter,3.94308,3.2622,2.91944,3.14075,3.383845,2.38186,0.42580603545899764,-0.2393156642875578,0.970941817426052
National,2019-12-22,2019,52,7.06161,7.15315,24097,24617.0,,34004,7638.0,5401,95757,2905,1338669,12,December,4,Winter,5.06529,3.94308,3.41066,3.97127,3.9203075000000003,2.6924916666666667,0.8173839505550539,-0.12053668025532363,0.992708874098054
National,2019-12-29,2020,1,5.91974,6.22926,21564,27650.0,,23383,9208.0,6876,88681,2957,1423620,12,December,4,Winter,7.06161,5.06529,3.2622,3.46125,4.833045,3.1567391666666667,1.6613279241317787,0.0,1.0
National,2020-01-05,2020,2,4.94176,5.06974,15547,23631.0,,22747,8196.0,5464,75585,2987,1490905,1,January,1,Winter,5.91974,7.06161,3.94308,3.07707,5.4974300000000005,3.517326666666667,1.320069911103203,0.12053668025532305,0.992708874098054
National,2020-01-12,2020,3,5.33174,5.35782,16587,21395.0,,29657,7379.0,4728,79746,2983,1488404,1,January,1,Winter,4.94176,5.91974,5.06529,3.32915,5.7471,3.7853758333333336,0.9782941788985,0.23931566428755774,0.970941817426052
National,2020-01-19,2020,4,6.08106,6.0261,18558,23657.0,,35216,7971.0,4670,90072,2984,1494697,1,January,1,Winter,5.33174,4.94176,7.06161,3.81999,5.8137125,4.076830833333333,0.9239568269630847,0.3546048870425356,0.9350162426854148
National,2020-01-26,2020,5,6.74724,6.87271,20299,28889.0,,44117,9527.0,5475,108307,2984,1575900,1,January,1,Winter,6.08106,5.33174,5.91974,4.3419,5.568575,4.413545,0.5275558718910128,0.4647231720437685,0.8854560256532099
National,2020-02-02,2020,6,6.7998,7.08261,20270,29790.0,,45491,10036.0,5702,111289,2994,1571300,2,February,1,Winter,6.74724,6.08106,4.94176,4.88288,5.775449999999999,4.776355833333333,0.8020163872806407,0.5680647467311558,0.8229838658936564
National,2020-02-09,2020,7,6.11292,6.22068,17393,26428.0,,36909,9231.0,5457,95418,2958,1533883,2,February,1,Winter,6.7998,6.74724,5.33174,5.04211,6.23996,5.123635,0.6882021511155235,0.6631226582407952,0.7485107481711011
National,2020-02-16,2020,8,5.55671,5.62148,15233,22908.0,,28328,8221.0,5142,79832,2909,1420123,2,February,1,Winter,6.11292,6.7998,6.08106,4.88596,6.435255,5.389758333333333,0.39139990099645855,0.7485107481711011,0.6631226582407953
National,2020-02-23,2020,9,5.12279,5.10226,13817,22125.0,,25487,8273.0,5107,74809,2934,1466192,2,February,1,Winter,5.55671,6.11292,6.74724,4.5499,6.3041675,5.568595833333333,0.5880003219599758,0.8229838658936564,0.5680647467311559
National,2020-03-01,2020,10,5.26652,5.28928,13888,23906.0,,26396,8891.0,5698,78779,2901,1489410,3,March,1,Spring,5.12279,5.55671,6.7998,4.38001,5.898055,5.723645,0.7249972971214176,0.8854560256532099,0.4647231720437686
National,2020-03-08,2020,11,5.67081,6.29229,14149,29657.0,,27752,11327.0,6686,89571,2836,1423503,3,March,1,Spring,5.26652,5.12279,6.11292,4.2288,5.514735,5.833931666666667,0.437728517119939,0.9350162426854148,0.35460488704253557
National,2020-03-15,2020,12,6.38029,7.35285,10790,30818.0,,17512,12478.0,6986,78584,2798,1068755,3,March,1,Spring,5.67081,5.26652,5.55671,3.68449,5.4042075,5.884391666666667,0.2533032191367071,0.970941817426052,0.23931566428755804
National,2020-03-22,2020,13,4.91692,6.22687,5129,22408.0,,8322,10825.0,6458,53142,2727,853431,3,March,1,Spring,6.38029,5.67081,5.12279,3.08744,5.6101025,5.827614999999999,0.5634407962614075,0.992708874098054,0.120536680255323
National,2020-03-29,2020,14,3.78625,4.82995,2359,14964.0,,4852,8696.0,5380,36251,2684,750546,3,March,1,Spring,4.91692,6.38029,5.26652,2.69971,5.558635,5.744046666666667,0.6284450344832775,1.0,-1.6081226496766366e-16
National,2020-04-05,2020,15,2.80122,3.47366,1496,9995.0,,3426,6043.0,4014,24974,2686,718953,4,April,2,Spring,3.78625,4.91692,5.67081,2.28549,5.1885674999999996,5.647754166666666,1.1095114661980803,0.992708874098054,-0.12053668025532288
National,2020-04-12,2020,16,2.12879,2.57382,1068,7423.0,,2666,4182.0,2926,18265,2666,709645,4,April,2,Spring,2.80122,3.78625,6.38029,2.01443,4.47117,5.4368775000000005,1.5385361707155276,0.9709418174260521,-0.2393156642875575
National,2020-04-19,2020,17,1.73315,2.02032,926,6339.0,,2317,3289.0,2293,15164,2652,750576,4,April,2,Spring,2.12879,2.80122,4.91692,1.7141,3.4082950000000003,5.107521666666667,1.2144233848895711,0.9350162426854148,-0.35460488704253545
National,2020-04-26,2020,18,1.40932,1.62094,864,5291.0,,2098,2668.0,1896,12817,2624,790715,4,April,2,Spring,1.73315,2.12879,3.78625,1.56927,2.6123525,4.689680833333333,0.898245697730652,0.8854560256532099,-0.4647231720437685
National,2020-05-03,2020,19,1.18336,1.35262,729,4585.0,,1889,2241.0,1622,11066,2611,818113,5,May,2,Spring,1.40932,1.73315,2.80122,1.49991,2.0181199999999997,4.240474166666666,0.5992603217856272,0.8229838658936565,-0.5680647467311557
National,2020-05-10,2020,20,1.11451,1.23819,788,4112.0,,1960,2171.0,1449,10480,2601,846400,5,May,2,Spring,1.18336,1.40932,2.12879,1.50211,1.613655,3.8296775000000003,0.41091349555991924,0.7485107481711013,-0.663122658240795
National,2020-05-17,2020,21,1.00534,1.07598,1224,4375.0,,2402,2148.0,1586,11735,2971,1090638,5,May,2,Spring,1.11451,1.18336,1.73315,1.42357,1.3600849999999998,3.459494166666667,0.27877134339801335,0.6631226582407952,-0.7485107481711012
National,2020-05-24,2020,22,0.88827,0.885843,805,3572.0,,1898,1878.0,1461,9614,2950,1085294,5,May,2,Spring,1.00534,1.11451,1.40932,1.39457,1.1781325,3.116373333333333,0.17066542070650756,0.5680647467311558,-0.8229838658936564
National,2020-05-31,2020,23,0.814062,0.819928,802,3440.0,,1969,1705.0,1409,9325,2931,1137295,5,May,2,Spring,0.88827,1.00534,1.18336,1.21776,1.0478699999999999,2.7515191666666663,0.1292018970446118,0.46472317204376906,-0.8854560256532096
National,2020-06-07,2020,24,0.836751,0.814575,881,3454.0,,2141,1726.0,1378,9580,2902,1176074,6,June,2,Summer,0.814062,0.88827,1.11451,1.11351,0.9555454999999999,2.3467901666666666,0.13202623244741127,0.35460488704253584,-0.9350162426854147
National,2020-06-14,2020,25,0.928456,0.950979,1006,4709.0,,2679,2001.0,1471,11866,2935,1247767,6,June,2,Summer,0.836751,0.814062,1.00534,0.992293,0.8861057499999999,1.8848285833333334,0.08533792359890827,0.23931566428755768,-0.970941817426052
National,2020-06-21,2020,26,1.14217,1.20306,1216,6241.0,,3491,2649.0,1902,15499,2896,1288294,6,June,2,Summer,0.928456,0.836751,0.88827,0.947072,0.8668847499999999,1.5524565833333333,0.051467250268230846,0.12053668025532308,-0.992708874098054
National,2020-06-28,2020,27,1.27401,1.38424,1395,7032.0,,3970,3223.0,2223,17843,2897,1289006,6,June,2,Summer,1.14217,0.928456,0.814062,0.876088,0.9303597499999999,1.3321165833333333,0.14961614329178302,-3.216245299353273e-16,-1.0
National,2020-07-05,2020,28,1.34951,1.47311,1545,8010.0,,4094,3765.0,2632,20046,2918,1360798,7,July,3,Summer,1.27401,1.14217,0.836751,0.809956,1.04534675,1.2048490833333334,0.19902868971962245,-0.12053668025532283,-0.992708874098054
National,2020-07-12,2020,29,1.34471,1.43761,1658,7526.0,,4075,3565.0,2436,19260,2894,1339726,7,July,3,Summer,1.34951,1.27401,0.928456,0.755431,1.1735365,1.1399090833333334,0.18449020363042515,-0.23931566428755743,-0.9709418174260521
National,2020-07-19,2020,30,1.22153,1.21898,1634,6105.0,,3560,3089.0,2145,16533,2953,1356301,7,July,3,Summer,1.34471,1.34951,1.14217,0.73346,1.2776,1.1075390833333334,0.09665914890271843,-0.3546048870425356,-0.9350162426854148
National,2020-07-26,2020,31,1.15258,1.15067,1609,5709.0,,3497,2595.0,2114,15524,2992,1349125,7,July,3,Summer,1.22153,1.34471,1.27401,0.72729,1.29744,1.0918899166666667,0.061256375994108776,-0.46472317204376806,-0.8854560256532101
National,2020-08-02,2020,32,1.0626,1.05662,1570,4977.0,,3271,2361.0,1938,14117,2956,1336052,8,August,3,Summer,1.15258,1.22153,1.34951,0.754637,1.2670825,1.0893249166666668,0.09661982935676824,-0.5680647467311556,-0.8229838658936566
National,2020-08-09,2020,33,0.979884,0.981699,1592,4502.0,,3167,2174.0,1758,13193,2978,1343895,8,August,3,Summer,1.0626,1.15258,1.34471,0.730938,1.195355,1.0849990833333332,0.11894765977771998,-0.663122658240795,-0.7485107481711013
National,2020-08-16,2020,34,0.969202,0.961833,1804,4305.0,,3283,1894.0,1666,12952,2930,1346595,8,August,3,Summer,0.979884,1.0626,1.22153,0.840615,1.1041485,1.08287775,0.10534383472987094,-0.7485107481711011,-0.6631226582407952
National,2020-08-23,2020,35,1.00022,0.970543,1866,4032.0,,3951,1821.0,1489,13159,2967,1355839,8,August,3,Summer,0.969202,0.979884,1.15258,0.989217,1.0410665,1.0896220833333332,0.08525795558339261,-0.8229838658936564,-0.5680647467311559
National,2020-08-30,2020,36,0.920817,0.919002,1759,3773.0,,3609,1696.0,1479,12316,2921,1340149,8,August,3,Summer,1.00022,0.969202,1.0626,1.14059,1.0029765,1.10513525,0.04177934278554784,-0.8854560256532096,-0.4647231720437691
National,2020-09-06,2020,37,1.0355,0.978032,1999,3975.0,,3822,1793.0,1446,13035,2915,1332779,9,September,3,Autumn,0.920817,1.00022,0.979884,1.23272,0.9675307500000001,1.11214075,0.03369548617903572,-0.9350162426854147,-0.3546048870425359
National,2020-09-13,2020,38,0.974333,0.955677,2070,4070.0,,3628,1794.0,1487,13049,2943,1365420,9,September,3,Autumn,1.0355,0.920817,0.969202,1.24529,0.98143475,1.1210610833333334,0.04864870214961418,-0.970941817426052,-0.23931566428755774
National,2020-09-20,2020,39,1.06462,1.03845,2286,4412.0,,4366,1944.0,1578,14586,2941,1404590,9,September,3,Autumn,0.974333,1.0355,1.00022,1.33771,0.9827175,1.1070746666666667,0.048284923640047675,-0.992708874098054,-0.12053668025532357
National,2020-09-27,2020,40,1.09211,1.08024,2454,5091.0,,4715,2362.0,1844,16466,3246,1524289,9,September,3,Autumn,1.06462,0.974333,0.920817,1.49064,0.9988175,1.0896255000000001,0.06418500227928814,-1.0,-1.8369701987210297e-16
National,2020-10-04,2020,41,1.21201,1.19451,2558,6023.0,,5239,3004.0,2320,19144,3318,1602667,10,October,4,Autumn,1.09211,1.06462,1.0355,1.59269,1.04164075,1.0681755,0.050475185806259606,-0.992708874098054,0.1205366802553232
National,2020-10-11,2020,42,1.11151,1.09796,2313,5661.0,,4613,2547.0,2101,17235,3301,1569727,10,October,4,Autumn,1.21201,1.09211,0.974333,1.72517,1.08576825,1.0571171666666668,0.09805145019585725,-0.9709418174260521,0.23931566428755738
National,2020-10-18,2020,43,1.18662,1.15393,2454,5850.0,,4834,2821.0,2174,18133,3330,1571417,10,October,4,Autumn,1.11151,1.21201,1.06462,1.83428,1.1200625,1.0479488333333333,0.06424614404715695,-0.9350162426854148,0.35460488704253557
National,2020-10-25,2020,44,1.25262,1.18924,2512,6082.0,,4916,2752.0,2292,18554,3421,1560158,10,October,4,Autumn,1.18662,1.11151,1.09211,2.04049,1.1505625,1.0507855000000001,0.057786189453841987,-0.8854560256532101,0.464723172043768
National,2020-11-01,2020,45,1.44427,1.33759,2726,7084.0,,5825,3282.0,2453,21370,3425,1597645,11,November,4,Autumn,1.25262,1.18662,1.21201,2.39351,1.19069,1.0666205,0.05937424974905198,-0.822983865893657,0.5680647467311548
National,2020-11-08,2020,46,1.48969,1.37845,2776,7677.0,,5544,3728.0,2873,22598,3391,1639379,11,November,4,Autumn,1.44427,1.25262,1.11151,2.63245,1.248755,1.1053193333333333,0.14252251482928568,-0.7485107481711011,0.6631226582407952
National,2020-11-15,2020,47,1.56064,1.43236,2692,7824.0,,5342,3956.0,2895,22709,3334,1585429,11,November,4,Autumn,1.48969,1.44427,1.18662,2.91944,1.3433,1.1486933333333333,0.14651104372458013,-0.6631226582407955,0.7485107481711007
National,2020-11-22,2020,48,1.61944,1.49959,2484,7091.0,,4584,3962.0,3192,21313,3333,1421255,11,November,4,Autumn,1.56064,1.48969,1.25262,3.41066,1.436805,1.195395,0.1317975352574332,-0.5680647467311559,0.8229838658936564
National,2020-11-29,2020,49,1.57347,1.44967,2597,7682.0,,4861,3976.0,3135,22251,3339,1534905,11,November,4,Autumn,1.61944,1.56064,1.44427,3.2622,1.52851,1.2536135833333333,0.07725277082368108,-0.4647231720437684,0.88545602565321
National,2020-12-06,2020,50,1.51939,1.42617,2504,7519.0,,4692,4067.0,3321,22103,3358,1549810,12,December,4,Winter,1.57347,1.61944,1.48969,3.94308,1.5608099999999998,1.2984444166666667,0.053714789396746544,-0.35460488704253595,0.9350162426854147
National,2020-12-13,2020,51,1.50599,1.39797,2482,7124.0,,4282,3841.0,3145,20874,3299,1493163,12,December,4,Winter,1.51939,1.57347,1.56064,5.06529,1.568235,1.3438658333333333,0.04120224629722245,-0.2393156642875578,0.970941817426052
National,2020-12-20,2020,52,1.55485,1.45725,2323,6627.0,,3564,3918.0,3404,19836,3301,1361197,12,December,4,Winter,1.50599,1.51939,1.61944,7.06161,1.5545725,1.3806466666666666,0.052163127701503616,-0.12053668025532363,0.992708874098054
National,2020-12-27,2020,53,1.58903,1.53781,2583,7723.0,,3933,4516.0,3668,22423,3280,1458113,12,December,4,Winter,1.55485,1.50599,1.57347,5.91974,1.538425,1.4192083333333334,0.031157091754575657,6.432490598706546e-16,1.0
National,2021-01-03,2021,1,1.47519,1.4348,2414,7976.0,,4549,4359.0,3413,22711,3316,1582870,1,January,1,Winter,1.58903,1.55485,1.51939,4.94176,1.542315,1.4506266666666665,0.03734737250824739,0.0,1.0
National,2021-01-10,2021,2,1.28752,1.2606,2297,6396.0,,3975,3520.0,2830,19018,3278,1508647,1,January,1,Winter,1.47519,1.58903,1.50599,5.33174,1.5312649999999999,1.4809333333333334,0.050584182968620744,0.12053668025532305,0.992708874098054
National,2021-01-17,2021,3,1.25172,1.21098,2566,5876.0,,4056,3310.0,2542,18350,3315,1515305,1,January,1,Winter,1.28752,1.47519,1.55485,6.08106,1.4766475,1.4893416666666666,0.1348045410644678,0.23931566428755774,0.970941817426052
National,2021-01-24,2021,4,1.10177,1.12283,2558,5345.0,,3953,2803.0,2237,16896,3324,1504764,1,January,1,Winter,1.25172,1.28752,1.58903,6.74724,1.400865,1.4892666666666665,0.15918709422123464,0.3546048870425356,0.9350162426854148
National,2021-01-31,2021,5,1.16565,1.08237,2636,4995.0,,4015,2525.0,1927,16098,3295,1487296,1,January,1,Winter,1.10177,1.25172,1.47519,6.7998,1.2790499999999998,1.460725,0.15353367469906312,0.4647231720437685,0.8854560256532099
National,2021-02-07,2021,6,1.00609,0.975086,2552,4096.0,,3730,2129.0,1572,14079,3246,1443873,2,February,1,Winter,1.16565,1.10177,1.28752,6.11292,1.201665,1.4337216666666668,0.08396958834361481,0.5680647467311558,0.8229838658936564
National,2021-02-14,2021,7,0.986101,0.907555,2318,3708.0,,3144,1918.0,1503,12591,3256,1387354,2,February,1,Winter,1.00609,1.16565,1.25172,5.55671,1.1313075,1.3875091666666668,0.103650797833855,0.6631226582407952,0.7485107481711011
National,2021-02-21,2021,8,0.864388,0.860857,2543,3839.0,,3541,1900.0,1521,13344,3276,1550083,2,February,1,Winter,0.986101,1.00609,1.10177,5.12279,1.0649027500000001,1.3347309166666665,0.0840195569902823,0.7485107481711011,0.6631226582407953
National,2021-02-28,2021,9,0.828056,0.842356,2771,3532.0,,3540,1810.0,1347,13000,3278,1543291,2,February,1,Winter,0.864388,0.986101,1.16565,5.26652,1.00555725,1.27564075,0.12374338397738836,0.8229838658936564,0.5680647467311559
National,2021-03-07,2021,10,0.882103,0.902897,3218,3781.0,,3806,1901.0,1371,14077,3284,1559093,3,March,1,Spring,0.828056,0.864388,1.00609,5.67081,0.9211587499999999,1.2180295833333334,0.08817001223870605,0.8854560256532099,0.4647231720437686
National,2021-03-14,2021,11,0.908033,0.939382,3514,3936.0,,3856,1909.0,1359,14574,3227,1551445,3,March,1,Spring,0.882103,0.828056,0.986101,6.38029,0.8901619999999999,1.166039,0.06780042653201321,0.9350162426854148,0.35460488704253557
National,2021-03-21,2021,12,0.947577,0.96011,3817,4214.0,,3915,2054.0,1354,15354,3201,1599192,3,March,1,Spring,0.908033,0.882103,0.864388,4.91692,0.870645,1.1121375833333333,0.03357638692974333,0.970941817426052,0.23931566428755804
National,2021-03-28,2021,13,0.975225,0.998141,4116,4394.0,,4089,2129.0,1265,15993,3257,1602279,3,March,1,Spring,0.947577,0.908033,0.828056,3.78625,0.8914422499999999,1.0586831666666667,0.05010456207611854,0.992708874098054,0.120536680255323
National,2021-04-04,2021,14,1.06101,1.07796,4731,5048.0,,4685,2281.0,1355,18100,3277,1679101,4,April,2,Spring,0.975225,0.947577,0.882103,2.80122,0.9282345000000001,1.0170194166666666,0.0413055899799337,1.0,-1.6081226496766366e-16
National,2021-04-11,2021,15,1.08091,1.1089,5227,5290.0,,4907,2358.0,1383,19165,3282,1728295,4,April,2,Spring,1.06101,0.975225,0.908033,2.12879,0.97296125,0.9981435833333333,0.06485302546662478,0.992708874098054,-0.12053668025532288
National,2021-04-18,2021,16,1.10326,1.1502,5763,4858.0,,5093,2140.0,1451,19305,3248,1678407,4,April,2,Spring,1.08091,1.06101,0.947577,1.73315,1.0161805,0.9839094166666668,0.06476466483295967,0.9709418174260521,-0.2393156642875575
National,2021-04-25,2021,17,1.13361,1.1834,6326,4810.0,,5503,2042.0,1418,20099,3256,1698411,4,April,2,Spring,1.10326,1.08091,0.975225,1.40932,1.05510125,0.9840335833333334,0.05597763070646859,0.9350162426854148,-0.35460488704253545
National,2021-05-02,2021,18,1.14992,1.20915,6822,4617.0,,5401,1802.0,1288,19930,3227,1648268,5,May,2,Spring,1.13361,1.10326,1.06101,1.18336,1.0946975,0.9813635833333333,0.031157887576994586,0.8854560256532099,-0.4647231720437685
National,2021-05-09,2021,19,1.19092,1.25462,7365,4362.0,,5491,1841.0,1308,20367,3214,1623366,5,May,2,Spring,1.14992,1.13361,1.08091,1.11451,1.116925,0.9933494166666668,0.030826783267062563,0.8229838658936565,-0.5680647467311557
National,2021-05-16,2021,20,1.24677,1.26333,8352,4421.0,,5414,1742.0,1333,21262,3193,1683010,5,May,2,Spring,1.19092,1.14992,1.10326,1.00534,1.1444275,1.0104176666666667,0.03653081564371425,0.7485107481711013,-0.663122658240795
National,2021-05-23,2021,21,1.14504,1.19095,7953,3990.0,,4967,1590.0,1175,19675,3141,1652047,5,May,2,Spring,1.24677,1.19092,1.13361,0.88827,1.1803050000000002,1.0422828333333334,0.050444509776543564,0.6631226582407952,-0.7485107481711012
National,2021-05-30,2021,22,1.18454,1.25187,8502,3975.0,,4854,1572.0,1240,20143,3140,1609033,5,May,2,Spring,1.14504,1.24677,1.14992,0.814062,1.1831625000000001,1.0686981666666666,0.047132726333152616,0.5680647467311558,-0.8229838658936564
National,2021-06-06,2021,23,1.12943,1.14521,8096,3692.0,,4645,1527.0,1222,19182,3110,1674977,6,June,2,Summer,1.18454,1.14504,1.19092,0.836751,1.1918175,1.09390125,0.04187950682130876,0.46472317204376906,-0.8854560256532096
National,2021-06-13,2021,24,1.18866,1.18174,8503,3785.0,,4594,1508.0,1189,19579,3068,1656791,6,June,2,Summer,1.12943,1.18454,1.24677,0.928456,1.176445,1.112351,0.052306210274329544,0.35460488704253584,-0.9350162426854147
National,2021-06-20,2021,25,1.21202,1.21001,8514,3814.0,,4609,1652.0,1301,19890,3057,1643793,6,June,2,Summer,1.18866,1.12943,1.14504,1.14217,1.1619175,1.13244125,0.029253070920196772,0.23931566428755768,-0.970941817426052
National,2021-06-27,2021,26,1.21342,1.21283,8369,4003.0,,4757,1672.0,1291,20092,3055,1656615,6,June,2,Summer,1.21202,1.18866,1.18454,1.27401,1.1786625000000002,1.1521741666666667,0.03498121817388728,0.12053668025532308,-0.992708874098054
National,2021-07-04,2021,27,1.26676,1.32905,8719,4859.0,,5309,1976.0,1508,22371,3055,1683237,7,July,3,Summer,1.21342,1.21202,1.12943,1.34951,1.1858825,1.164875,0.039311075940451266,-3.216245299353273e-16,-1.0
National,2021-07-11,2021,28,1.38728,1.44269,9193,6029.0,,5930,2399.0,1710,25261,3067,1750965,7,July,3,Summer,1.26676,1.21342,1.18866,1.34471,1.220215,1.1803625,0.033042826250136076,-0.12053668025532283,-0.992708874098054
National,2021-07-18,2021,29,1.6475,1.70926,10371,7958.0,,7170,2897.0,2149,30545,3067,1787028,7,July,3,Summer,1.38728,1.26676,1.21202,1.22153,1.26987,1.2040308333333334,0.08231647303708074,-0.23931566428755743,-0.9709418174260521
National,2021-07-25,2021,30,1.80199,1.91065,11132,9249.0,,8572,3614.0,2628,35195,3050,1842048,7,July,3,Summer,1.6475,1.38728,1.21342,1.15258,1.37874,1.2468549999999998,0.19336932883284982,-0.3546048870425356,-0.9350162426854148
National,2021-08-01,2021,31,1.94952,2.05206,11102,10544.0,,8900,4327.0,2883,37756,3050,1839909,8,August,3,Summer,1.80199,1.6475,1.26676,1.0626,1.5258825,1.3011941666666667,0.24316064023248085,-0.46472317204376806,-0.8854560256532101
National,2021-08-08,2021,32,2.03548,2.15548,11264,11226.0,,10105,4555.0,2917,40067,3042,1858843,8,August,3,Summer,1.94952,1.80199,1.38728,0.979884,1.6965725,1.3644108333333334,0.24025351046677143,-0.5680647467311556,-0.8229838658936566
National,2021-08-15,2021,33,2.1918,2.30581,11801,11013.0,,12275,4739.0,2893,42721,3029,1852756,8,August,3,Summer,2.03548,1.94952,1.6475,0.969202,1.8586225,1.4301366666666666,0.17060762084857356,-0.663122658240795,-0.7485107481711013
National,2021-08-22,2021,34,2.23897,2.30752,11982,10382.0,,13529,4339.0,2826,43058,3028,1865986,8,August,3,Summer,2.1918,2.03548,1.80199,1.00022,1.9946975,1.5173666666666668,0.1629824068980461,-0.7485107481711011,-0.6631226582407952
National,2021-08-29,2021,35,2.26643,2.25253,11745,9557.0,,13053,3886.0,2623,40864,3027,1814136,8,August,3,Summer,2.23897,2.1918,1.94952,0.920817,2.1039425,1.6052358333333334,0.13476496636100416,-0.8229838658936564,-0.5680647467311559
National,2021-09-05,2021,36,2.21298,2.21275,11705,9088.0,,12250,3733.0,2645,39421,3021,1781535,9,September,3,Autumn,2.26643,2.23897,2.03548,1.0355,2.18317,1.6999858333333335,0.10317086248848366,-0.8854560256532096,-0.4647231720437691
National,2021-09-12,2021,37,2.045,2.00464,11248,7774.0,,11578,3289.0,2304,36193,3059,1805463,9,September,3,Autumn,2.21298,2.26643,2.1918,0.974333,2.227545,1.7853458333333334,0.03231314541511802,-0.9350162426854147,-0.3546048870425359
National,2021-09-19,2021,38,1.90124,1.93759,10916,6853.0,,11380,2765.0,2062,33976,3037,1753523,9,September,3,Autumn,2.045,2.21298,2.23897,1.06462,2.190845,1.8547608333333334,0.09964910118319094,-0.970941817426052,-0.23931566428755774
National,2021-09-26,2021,39,1.8442,1.84367,10133,5627.0,,10040,2315.0,1834,29949,2877,1624427,9,September,3,Autumn,1.90124,2.045,2.26643,1.09211,2.1064125000000002,1.9120791666666666,0.16616205169938592,-0.992708874098054,-0.12053668025532357
National,2021-10-03,2021,40,2.04946,1.96951,13140,7466.0,,13154,3201.0,2574,39535,3501,2007349,10,October,4,Autumn,1.8442,1.90124,2.21298,1.21201,2.000855,1.9601991666666665,0.1647318365302041,-1.0,-1.8369701987210297e-16
National,2021-10-10,2021,41,1.95317,1.90695,13072,7120.0,,11985,2975.0,2486,37638,3510,1973726,10,October,4,Autumn,2.04946,1.8442,2.045,1.11151,1.959975,2.0153808333333334,0.10342544287205026,-0.992708874098054,0.1205366802553232
National,2021-10-17,2021,42,1.92693,1.86187,12500,6458.0,,11458,2943.0,2355,35714,3474,1918176,10,October,4,Autumn,1.95317,2.04946,1.90124,1.18662,1.9370175,2.040853333333333,0.08717671110038092,-0.9709418174260521,0.23931566428755738
National,2021-10-24,2021,43,1.97792,1.89376,12859,6677.0,,11888,2853.0,2362,36639,3509,1934723,10,October,4,Autumn,1.92693,1.95317,1.8442,1.25262,1.9434399999999998,2.0512650000000003,0.08456963797139457,-0.9350162426854148,0.35460488704253557
National,2021-10-31,2021,44,2.14051,2.08777,13304,6968.0,,14454,2930.0,2374,40030,3515,1917361,10,October,4,Autumn,1.97792,1.92693,2.04946,1.44427,1.97687,2.0536316666666665,0.052681762182119646,-0.8854560256532101,0.464723172043768
National,2021-11-07,2021,45,2.26691,2.22941,14565,7836.0,,15840,3192.0,2730,44163,3530,1980931,11,November,4,Autumn,2.14051,1.97792,1.95317,1.48969,1.9996325,2.0623841666666665,0.09619826761233208,-0.822983865893657,0.5680647467311548
National,2021-11-14,2021,46,2.41002,2.35687,14740,8523.0,,17358,3639.0,2816,47076,3526,1997393,11,November,4,Autumn,2.26691,2.14051,1.92693,1.56064,2.0780675,2.0686433333333336,0.15538406318414835,-0.7485107481711011,0.6631226582407952
National,2021-11-21,2021,47,2.51362,2.45867,14918,8183.0,,13401,3719.0,3103,43324,3519,1762089,11,November,4,Autumn,2.41002,2.26691,1.97792,1.61944,2.1988399999999997,2.0828975,0.18388270953686117,-0.6631226582407955,0.7485107481711007
National,2021-11-28,2021,48,2.56387,2.56351,15167,11304.0,,17353,4893.0,4012,52729,3545,2056903,11,November,4,Autumn,2.51362,2.41002,2.14051,1.57347,2.332765,2.1034966666666666,0.16327454598503738,-0.5680647467311559,0.8229838658936564
National,2021-12-05,2021,49,2.74219,2.71846,14971,11373.0,,19971,4863.0,3891,55069,3544,2025745,12,December,4,Winter,2.56387,2.51362,2.26691,1.51939,2.438605,2.1327375,0.13116763536262296,-0.4647231720437684,0.88545602565321
National,2021-12-12,2021,50,3.1546,3.09823,16287,13615.0,,23450,5232.0,3961,62545,3518,2018736,12,December,4,Winter,2.74219,2.56387,2.41002,1.50599,2.557425,2.1908366666666663,0.1388365409391833,-0.35460488704253595,0.9350162426854147
National,2021-12-19,2021,51,4.007,4.07867,18515,22557.0,,25073,7773.0,5307,79225,3496,1942424,12,December,4,Winter,3.1546,2.74219,2.51362,1.55485,2.74357,2.2952833333333333,0.29104218354039463,-0.2393156642875578,0.970941817426052
National,2021-12-26,2021,52,4.89397,5.06901,24109,38300.0,,28952,13512.0,8989,113862,3455,2246237,12,December,4,Winter,4.007,3.1546,2.56387,1.58903,3.116915,2.4755166666666666,0.6428968460802769,-0.12053668025532363,0.992708874098054
National,2022-01-02,2022,1,4.29914,4.28066,17044,31478.0,,24738,12063.0,7939,93262,3487,2178681,1,January,1,Winter,4.89397,4.007,2.74219,1.47519,3.69944,2.712559166666667,0.9547553373508721,0.0,1.0
National,2022-01-09,2022,2,3.50099,3.41579,12223,21830.0,,20214,8735.0,6181,69183,3499,2025389,1,January,1,Winter,4.29914,4.89397,3.1546,1.28752,4.0886775,2.908056666666667,0.7238698005569218,0.12053668025532305,0.992708874098054
National,2022-01-16,2022,3,2.77457,2.67796,9492,15006.0,,13268,6185.0,4547,48498,3503,1811003,1,January,1,Winter,3.50099,4.29914,4.007,1.25172,4.175275,3.0392283333333334,0.5816189411461647,0.23931566428755774,0.970941817426052
National,2022-01-23,2022,4,2.05464,1.97776,7309,9877.0,,9526,4582.0,3516,34810,3485,1760073,1,January,1,Winter,2.77457,3.50099,4.89397,1.10177,3.8671675000000003,3.1056158333333332,0.9253429766443253,0.3546048870425356,0.9350162426854148
National,2022-01-30,2022,5,1.66744,1.56091,6082,6431.0,,7748,3018.0,2552,25831,3415,1654872,1,January,1,Winter,2.05464,2.77457,4.29914,1.16565,3.157335,3.0984599999999998,0.9633730197073032,0.4647231720437685,0.8854560256532099
National,2022-02-06,2022,6,1.43558,1.34542,6395,5170.0,,7610,2401.0,2155,23731,3474,1763832,2,February,1,Winter,1.66744,2.05464,3.50099,1.00609,2.49941,3.048504166666667,0.8101172663674209,0.5680647467311558,0.8229838658936564
National,2022-02-13,2022,7,1.48076,1.37085,6917,4645.0,,8500,2083.0,1801,23946,3474,1746795,2,February,1,Winter,1.43558,1.66744,2.77457,0.986101,1.9830575000000001,2.9673008333333333,0.5862201268223515,0.6631226582407952,0.7485107481711011
National,2022-02-20,2022,8,1.46137,1.37026,7057,4638.0,,8330,1816.0,1768,23609,3472,1722955,2,February,1,Winter,1.48076,1.43558,2.05464,0.864388,1.659605,2.881229166666667,0.2818313757668015,0.7485107481711011,0.6631226582407953
National,2022-02-27,2022,9,1.57063,1.42301,7423,5008.0,,9830,1864.0,1676,25801,3470,1813130,2,February,1,Winter,1.46137,1.48076,1.66744,0.828056,1.5112875000000001,2.789354166666667,0.10573380707357594,0.8229838658936564,0.5680647467311559
National,2022-03-06,2022,10,1.69692,1.54683,8210,5060.0,,11085,1951.0,1771,28077,3485,1815133,3,March,1,Spring,1.57063,1.46137,1.43558,0.882103,1.4870850000000002,2.691724166666667,0.0586907116439369,0.8854560256532099,0.4647231720437686
National,2022-03-13,2022,11,1.83274,1.67881,9042,5914.0,,12124,2202.0,2077,31359,3454,1867926,3,March,1,Spring,1.69692,1.57063,1.48076,0.908033,1.55242,2.570250833333333,0.10745093795126341,0.9350162426854148,0.35460488704253557
National,2022-03-20,2022,12,1.88031,1.73443,9302,5973.0,,12648,2334.0,2166,32423,3449,1869370,3,March,1,Spring,1.83274,1.69692,1.46137,0.947577,1.640415,2.3890625,0.16032132203777882,0.970941817426052,0.23931566428755804
National,2022-03-27,2022,13,1.99637,1.85462,9613,6759.0,,13660,2384.0,2406,34822,3443,1877580,3,March,1,Spring,1.88031,1.83274,1.57063,0.975225,1.74515,2.1379241666666666,0.1399090144818281,0.992708874098054,0.120536680255323
National,2022-04-03,2022,14,2.10974,1.99404,10562,7272.0,,15187,2573.0,2550,38144,3453,1912899,4,April,2,Spring,1.99637,1.88031,1.69692,1.06101,1.851585,1.9460266666666668,0.12391424198457415,1.0,-1.6081226496766366e-16
National,2022-04-10,2022,15,2.18573,2.12964,11336,7838.0,,16095,2868.0,2829,40966,3446,1923613,4,April,2,Spring,2.10974,1.99637,1.83274,1.08091,1.95479,1.8300891666666665,0.12407238720445986,0.992708874098054,-0.12053668025532288
National,2022-04-17,2022,16,2.21825,2.1833,11734,8315.0,,15748,3172.0,3117,42086,3457,1927635,4,April,2,Spring,2.18573,2.10974,1.88031,1.10326,2.0430375,1.7810191666666666,0.13350214464550111,0.9709418174260521,-0.2393156642875575
National,2022-04-24,2022,17,2.31926,2.21509,12070,8422.0,,16372,3274.0,3282,43420,3426,1960190,4,April,2,Spring,2.21825,2.18573,1.99637,1.13361,2.1275225,1.7946533333333334,0.09855081240126726,0.9350162426854148,-0.35460488704253545
National,2022-05-01,2022,18,2.38743,2.4143,12835,9402.0,,18631,3608.0,3323,47799,3394,1979830,5,May,2,Spring,2.31926,2.21825,2.10974,1.14992,2.208245,1.8489716666666667,0.08686117371962675,0.8854560256532099,-0.4647231720437685
National,2022-05-08,2022,19,2.5726,2.60892,14243,10135.0,,19989,3843.0,3815,52025,3376,1994121,5,May,2,Spring,2.38743,2.31926,2.18573,1.19092,2.2776674999999997,1.9282924999999997,0.09266550180597086,0.8229838658936565,-0.5680647467311557
National,2022-05-15,2022,20,2.46368,2.60434,15055,10460.0,,20746,3985.0,3835,54081,3414,2076569,5,May,2,Spring,2.5726,2.38743,2.21825,1.24677,2.374385,2.0192791666666667,0.1493053494239933,0.7485107481711013,-0.663122658240795
National,2022-05-22,2022,21,2.39323,2.66831,14561,10167.0,,19982,4010.0,3665,52385,3351,1963229,5,May,2,Spring,2.46368,2.5726,2.31926,1.14504,2.4357425,2.102805,0.10864736486276035,0.6631226582407952,-0.7485107481711012
National,2022-05-29,2022,22,2.42307,2.64646,15809,10584.0,,17507,4060.0,3903,51863,3345,1959711,5,May,2,Spring,2.39323,2.46368,2.38743,1.18454,2.454235,2.1713549999999997,0.08618584435173836,0.5680647467311558,-0.8229838658936564
National,2022-06-05,2022,23,2.15926,2.29329,14154,9654.0,,13726,3941.0,3765,45240,3342,1972714,6,June,2,Summer,2.42307,2.39323,2.5726,1.12943,2.463145,2.2318675,0.07847461606546562,0.46472317204376906,-0.8854560256532096
National,2022-06-12,2022,24,1.98659,2.0741,12858,8941.0,,11205,3665.0,3581,40250,3302,1940597,6,June,2,Summer,2.15926,2.42307,2.46368,1.18866,2.3598100000000004,2.2590775,0.13678206924381744,0.35460488704253584,-0.9350162426854147
National,2022-06-19,2022,25,1.87626,1.91807,11865,8676.0,,9933,3736.0,3620,37830,3355,1972297,6,June,2,Summer,1.98659,2.15926,2.39323,1.21202,2.2405375000000003,2.267934166666667,0.20633991201805443,0.23931566428755768,-0.970941817426052
National,2022-06-26,2022,26,1.80173,1.80208,11066,8004.0,,8513,3523.0,3460,34566,3237,1918113,6,June,2,Summer,1.87626,1.98659,2.42307,1.21342,2.111295,2.2579249999999997,0.2382555211671205,0.12053668025532308,-0.992708874098054
National,2022-07-03,2022,27,1.81325,1.79307,10580,8380.0,,8593,3697.0,3733,34983,3345,1951013,7,July,3,Summer,1.80173,1.87626,2.15926,1.26676,1.9559600000000001,2.2322575,0.15535772676829923,-3.216245299353273e-16,-1.0
National,2022-07-10,2022,28,1.67273,1.66869,9525,8324.0,,8111,3546.0,3505,33011,3313,1978256,7,July,3,Summer,1.81325,1.80173,1.98659,1.38728,1.8694575,2.2012175,0.08468095786506728,-0.12053668025532283,-0.992708874098054
National,2022-07-17,2022,29,1.65436,1.64913,9361,8219.0,,8116,3483.0,3432,32611,3313,1977461,7,July,3,Summer,1.67273,1.81325,1.87626,1.6475,1.7909925,2.1557575,0.08537613966995629,-0.23931566428755743,-0.9709418174260521
National,2022-07-24,2022,30,1.66503,1.64799,9153,8056.0,,7859,3485.0,3487,32040,3289,1944189,7,July,3,Summer,1.65436,1.67273,1.80173,1.80199,1.7355175,2.1003491666666667,0.08357680434751555,-0.3546048870425356,-0.9350162426854148
National,2022-07-31,2022,31,1.52846,1.5292,8659,7295.0,,7476,3104.0,3107,29641,3305,1938338,7,July,3,Summer,1.66503,1.65436,1.81325,1.94952,1.7013425,2.0401491666666667,0.07498425762524395,-0.46472317204376806,-0.8854560256532101
National,2022-08-07,2022,32,1.51766,1.51741,8329,6816.0,,7813,2804.0,2880,28642,3198,1887562,8,August,3,Summer,1.52846,1.66503,1.67273,2.03548,1.6301450000000002,1.9531375000000002,0.0682071621357148,-0.5680647467311556,-0.8229838658936566
National,2022-08-14,2022,33,1.59458,1.61916,9479,6659.0,,9934,2819.0,2681,31572,3293,1949894,8,August,3,Summer,1.51766,1.52846,1.65436,2.1918,1.5913775,1.8743025,0.07912936175407331,-0.663122658240795,-0.7485107481711013
National,2022-08-21,2022,34,1.82581,1.81145,10792,7079.0,,12593,2730.0,2593,35787,3280,1975601,8,August,3,Summer,1.59458,1.51766,1.66503,2.23897,1.5764325000000001,1.8077483333333335,0.06815280936938749,-0.7485107481711011,-0.6631226582407952
National,2022-08-28,2022,35,1.9377,1.89564,11524,6980.0,,13887,2670.0,2452,37513,3260,1978914,8,August,3,Summer,1.82581,1.59458,1.52846,2.26643,1.6166275,1.7579766666666667,0.14354033657805307,-0.8229838658936564,-0.5680647467311559
National,2022-09-04,2022,36,2.00147,1.94934,12548,6978.0,,13475,2701.0,2632,38334,3290,1966513,9,September,3,Autumn,1.9377,1.82581,1.51766,2.21298,1.7189375,1.7395133333333332,0.19600695776326202,-0.8854560256532096,-0.4647231720437691
National,2022-09-11,2022,37,2.03389,1.97433,13405,6751.0,,14610,2618.0,2454,39838,3322,2017799,9,September,3,Autumn,2.00147,1.9377,1.59458,2.045,1.83989,1.7407533333333332,0.17893214263125357,-0.9350162426854147,-0.3546048870425359
National,2022-09-18,2022,38,2.27821,2.19998,15939,6924.0,,16713,2658.0,2492,44726,3334,2033022,9,September,3,Autumn,2.03389,2.00147,1.82581,1.90124,1.9497174999999998,1.7538891666666665,0.09176204711978284,-0.970941817426052,-0.23931566428755774
National,2022-09-25,2022,39,2.35649,2.29832,17080,6945.0,,16825,2795.0,2676,46321,3353,2015431,9,September,3,Autumn,2.27821,2.03389,1.9377,1.8442,2.0628175,1.7935958333333335,0.14905103586226853,-0.992708874098054,-0.12053668025532357
National,2022-10-02,2022,40,2.61257,2.59379,18503,10718.0,,20141,4094.0,3862,57318,3684,2209814,10,October,4,Autumn,2.35649,2.27821,2.00147,2.04946,2.167515,1.8388658333333334,0.17643838990787633,-1.0,-1.8369701987210297e-16
National,2022-10-09,2022,41,3.00763,2.85133,20623,11519.0,,22779,4394.0,4073,63388,3720,2223106,10,October,4,Autumn,2.61257,2.35649,2.03389,1.95317,2.32029,1.9171858333333331,0.23842100354894594,-0.992708874098054,0.1205366802553232
National,2022-10-16,2022,42,3.31975,3.31688,23713,13719.0,,28368,5303.0,4512,75615,3726,2279700,10,October,4,Autumn,3.00763,2.61257,2.27821,1.92693,2.563725,2.029958333333333,0.3285841563942039,-0.9709418174260521,0.23931566428755738
National,2022-10-23,2022,43,4.3682,4.4466,32012,19586.0,,45003,7037.0,5858,109496,3788,2462467,10,October,4,Autumn,3.31975,3.00763,2.35649,1.97792,2.82411,2.167851666666667,0.4253454423563217,-0.9350162426854148,0.35460488704253557
National,2022-10-30,2022,44,5.42144,5.54702,37474,25460.0,,61015,8469.0,6829,139247,3776,2510305,10,October,4,Autumn,4.3682,3.31975,2.61257,2.14051,3.3270374999999994,2.4044966666666663,0.7520100661283085,-0.8854560256532101,0.464723172043768
National,2022-11-06,2022,45,5.73522,5.67263,38651,26941.0,,57053,9791.0,7619,140055,3793,2468962,11,November,4,Autumn,5.42144,4.3682,3.00763,2.26691,4.029255,2.7298116666666665,1.0954721619618244,-0.822983865893657,0.5680647467311548
National,2022-11-13,2022,46,5.91793,5.73531,34849,28672.0,,55229,10171.0,8498,137419,3777,2396019,11,November,4,Autumn,5.73522,5.42144,3.31975,2.41002,4.7111525,3.0748649999999995,1.0964852805631538,-0.7485107481711011,0.6631226582407952
National,2022-11-20,2022,47,7.42531,7.37142,39539,36157.0,,62925,13876.0,12439,164936,3765,2237505,11,November,4,Autumn,5.91793,5.73522,4.3682,2.51362,5.360697500000001,3.4158749999999998,0.6927039052089059,-0.6631226582407955,0.7485107481711007
National,2022-11-27,2022,48,7.21822,7.24012,38495,48042.0,,63623,18626.0,16887,185673,3767,2564503,11,November,4,Autumn,7.42531,5.91793,5.42144,2.56387,6.124974999999999,3.8731758333333333,0.890806600877363,-0.5680647467311559,0.8229838658936564
National,2022-12-04,2022,49,6.87034,6.82928,32316,40778.0,,62563,16557.0,15034,167248,3750,2448985,12,December,4,Winter,7.21822,7.42531,5.73522,2.74219,6.5741700000000005,4.307905,0.870579834018697,-0.4647231720437684,0.88545602565321
National,2022-12-11,2022,50,6.29772,6.46231,28976,38007.0,,55613,15506.0,13570,151672,3751,2347026,12,December,4,Winter,6.87034,7.21822,5.91793,3.1546,6.85795,4.7109425,0.6672038556543473,-0.35460488704253595,0.9350162426854147
National,2022-12-18,2022,51,6.00293,6.1412,25500,34587.0,,41624,14564.0,13703,129978,3715,2116491,12,December,4,Winter,6.29772,6.87034,7.42531,4.007,6.952897499999999,5.0459016666666665,0.49316761737266246,-0.2393156642875578,0.970941817426052
National,2022-12-25,2022,52,5.33838,5.46656,22891,31974.0,,27251,14961.0,15454,112531,3703,2058533,12,December,4,Winter,6.00293,6.29772,7.21822,4.89397,6.5973025000000005,5.349771666666666,0.5486700165779878,-0.12053668025532363,0.992708874098054
National,2023-01-01,2023,1,3.93482,4.07732,16651,27662.0,,21006,13549.0,13166,92034,3740,2257219,1,January,1,Winter,5.33838,6.00293,6.87034,4.29914,6.127342499999999,5.576922499999999,0.6374464877083265,0.0,1.0
National,2023-01-08,2023,2,2.94564,3.05773,12231,19912.0,,18061,9135.0,8381,67720,3737,2214718,1,January,1,Winter,3.93482,5.33838,6.29772,3.50099,5.3934625,5.654188333333333,1.0519512479950468,0.12053668025532305,0.992708874098054
National,2023-01-15,2023,3,2.63811,2.70671,11720,15844.0,,16915,7000.0,6291,57770,3730,2134322,1,January,1,Winter,2.94564,3.93482,6.00293,2.77457,4.5554425,5.623012500000001,1.3765715344137848,0.23931566428755774,0.970941817426052
National,2023-01-22,2023,4,2.62522,2.67225,12170,15618.0,,18680,6410.0,5353,58231,3716,2179097,1,January,1,Winter,2.63811,2.94564,5.33838,2.05464,3.7142375000000003,5.478838333333333,1.215906796438351,0.3546048870425356,0.9350162426854148
National,2023-01-29,2023,5,2.58477,2.68591,12686,15506.0,,19751,6113.0,5270,59326,3734,2208786,1,January,1,Winter,2.62522,2.63811,3.93482,1.66744,3.0359475000000002,5.24582,0.6172786975845095,0.4647231720437685,0.8854560256532099
National,2023-02-05,2023,6,2.59148,2.70465,13271,15921.0,,20964,6469.0,5633,62258,3735,2301891,2,February,1,Winter,2.58477,2.62522,2.94564,1.43558,2.698435,4.9832825000000005,0.16636264214046237,0.5680647467311558,0.8229838658936564
National,2023-02-12,2023,7,2.5701,2.6371,13127,15055.0,,19818,6263.0,5402,59665,3695,2262519,2,February,1,Winter,2.59148,2.58477,2.63811,1.48076,2.609895,4.706078333333333,0.025828406195904086,0.6631226582407952,0.7485107481711011
National,2023-02-19,2023,8,2.52707,2.58651,13478,13880.0,,18410,6054.0,5401,57223,3719,2212367,2,February,1,Winter,2.5701,2.59148,2.62522,1.46137,2.5928925,4.3014775,0.023327633648107218,0.7485107481711011,0.6631226582407953
National,2023-02-26,2023,9,2.4046,2.44348,12693,13849.0,,18281,5769.0,5090,55682,3725,2278801,2,February,1,Winter,2.52707,2.5701,2.58477,1.57063,2.568355,3.910548333333333,0.028935065807537595,0.8229838658936564,0.5680647467311559
National,2023-03-05,2023,10,2.3571,2.40445,12840,13379.0,,18388,5365.0,4714,54686,3722,2274369,3,March,1,Spring,2.4046,2.52707,2.59148,1.69692,2.5233125000000003,3.538403333333333,0.08355168993873832,0.8854560256532099,0.4647231720437686
National,2023-03-12,2023,11,2.3545,2.43524,13086,13264.0,,17814,5298.0,4801,54263,3713,2228243,3,March,1,Spring,2.3571,2.4046,2.5701,1.83274,2.4647175,3.2100183333333336,0.10031441517358322,0.9350162426854148,0.35460488704253557
National,2023-03-19,2023,12,2.31096,2.41343,13043,13685.0,,18685,5286.0,4695,55394,3665,2295244,3,March,1,Spring,2.3545,2.3571,2.52707,1.88031,2.4108175,2.9059825000000004,0.08085075071770852,0.970941817426052,0.23931566428755804
National,2023-03-26,2023,13,2.25771,2.34891,12413,13208.0,,18078,5005.0,4638,53342,3688,2270922,3,March,1,Spring,2.31096,2.3545,2.4046,1.99637,2.3567899999999997,2.6536975000000003,0.038260184700060075,0.992708874098054,0.120536680255323
National,2023-04-02,2023,14,2.12953,2.20628,11586,11976.0,,15673,4783.0,4337,48355,3680,2191695,4,April,2,Spring,2.25771,2.31096,2.3571,2.10974,2.3200675,2.5139383333333334,0.04664907099770281,1.0,-1.6081226496766366e-16
National,2023-04-09,2023,15,2.01047,2.0726,11151,11853.0,,14832,4552.0,4337,46725,3665,2254413,4,April,2,Spring,2.12953,2.25771,2.3545,2.18573,2.263175,2.4459291666666667,0.09749275887613927,0.992708874098054,-0.12053668025532288
National,2023-04-16,2023,16,1.90776,1.95437,9912,11388.0,,14788,4361.0,4058,44507,3680,2277306,4,April,2,Spring,2.01047,2.12953,2.31096,2.21825,2.1771675,2.3936258333333336,0.1347156453111992,0.9709418174260521,-0.2393156642875575
National,2023-04-23,2023,17,1.90393,1.97315,10041,11176.0,,15803,4133.0,3649,44802,3677,2270577,4,April,2,Spring,1.90776,2.01047,2.25771,2.31926,2.0763675,2.3338375,0.15108752791548022,0.9350162426854148,-0.35460488704253545
National,2023-04-30,2023,18,1.93608,2.0174,10013,11224.0,,16115,4283.0,3947,45582,3652,2259439,4,April,2,Spring,1.90393,1.90776,2.12953,2.38743,1.9879225,2.2771008333333334,0.10652361283588463,0.8854560256532099,-0.4647231720437685
National,2023-05-07,2023,19,1.90846,1.99349,10187,11067.0,,16725,4072.0,3718,45769,3654,2295923,5,May,2,Spring,1.93608,1.90393,2.01047,2.5726,1.93956,2.222484166666667,0.04939998447984138,0.8229838658936565,-0.5680647467311557
National,2023-05-14,2023,20,1.88236,1.96616,9740,10697.0,,15517,3875.0,3458,43287,3653,2201602,5,May,2,Spring,1.90846,1.93608,1.90776,2.46368,1.9140574999999997,2.1673475,0.014816064196498129,0.7485107481711013,-0.663122658240795
National,2023-05-21,2023,21,1.83328,1.91398,9389,10386.0,,14611,3640.0,3490,41516,3518,2169098,5,May,2,Spring,1.88236,1.90846,1.90393,2.39323,1.9077075,2.1136216666666665,0.02207812095585358,0.6631226582407952,-0.7485107481711012
National,2023-05-28,2023,22,1.83857,1.93826,9568,10413.0,,14220,3845.0,3543,41589,3601,2145684,5,May,2,Spring,1.83328,1.88236,1.93608,2.42307,1.890045,2.066011666666667,0.04374036236636561,0.5680647467311558,-0.8229838658936564
National,2023-06-04,2023,23,1.57748,1.69283,8309,9954.0,,11628,3622.0,3426,36939,3583,2182091,6,June,2,Summer,1.83857,1.83328,1.90846,2.15926,1.8656675,2.0228008333333336,0.03602342883375376,0.46472317204376906,-0.8854560256532096
National,2023-06-11,2023,24,1.48614,1.57462,7741,9289.0,,10223,3447.0,3180,33880,3589,2151633,6,June,2,Summer,1.57748,1.83857,1.88236,1.98659,1.7829225,1.9580491666666668,0.1387166888239203,0.35460488704253584,-0.9350162426854147
National,2023-06-18,2023,25,1.36472,1.44401,6998,8727.0,,8941,3236.0,2987,30889,3582,2139112,6,June,2,Summer,1.48614,1.57748,1.83328,1.87626,1.6838675,1.8893141666666666,0.1795099097309222,0.23931566428755768,-0.970941817426052
National,2023-06-25,2023,26,1.27095,1.32385,6388,8130.0,,8012,3046.0,2910,28486,3539,2151758,6,June,2,Summer,1.36472,1.48614,1.83857,1.80173,1.5667275,1.814898333333333,0.2010931262498424,0.12053668025532308,-0.992708874098054
National,2023-07-02,2023,27,1.22553,1.29091,5944,7472.0,,7475,2940.0,2817,26648,3569,2064286,7,July,3,Summer,1.27095,1.36472,1.57748,1.81325,1.4248225,1.7433500000000002,0.13460213578641989,-3.216245299353273e-16,-1.0
National,2023-07-09,2023,28,1.15793,1.20177,5608,7567.0,,7043,2925.0,2760,25903,3542,2155400,7,July,3,Summer,1.22553,1.27095,1.48614,1.67273,1.336835,1.6779383333333333,0.11517984849760353,-0.12053668025532283,-0.992708874098054
National,2023-07-16,2023,29,1.12685,1.19268,5718,7476.0,,6836,2931.0,2841,25802,3560,2163359,7,July,3,Summer,1.15793,1.22553,1.36472,1.65436,1.2547825,1.6154525,0.08676358198151325,-0.23931566428755743,-0.9709418174260521
National,2023-07-23,2023,30,1.16805,1.23085,5812,7475.0,,7046,3137.0,2947,26417,3551,2146245,7,July,3,Summer,1.12685,1.15793,1.27095,1.66503,1.195315,1.5506958333333334,0.06511193925281075,-0.3546048870425356,-0.9350162426854148
National,2023-07-30,2023,31,1.20299,1.26099,5678,7979.0,,6966,3273.0,3000,26896,3542,2132922,7,July,3,Summer,1.16805,1.12685,1.22553,1.52846,1.16959,1.4866933333333332,0.041208083348552554,-0.46472317204376806,-0.8854560256532101
National,2023-08-06,2023,32,1.27357,1.35931,5982,8642.0,,7764,3560.0,3365,29313,3521,2156467,8,August,3,Summer,1.20299,1.16805,1.15793,1.51766,1.1639549999999999,1.4279041666666668,0.031377178010901806,-0.5680647467311556,-0.8229838658936566
National,2023-08-13,2023,33,1.44821,1.53965,6688,9791.0,,9759,3784.0,3641,33663,3533,2186399,8,August,3,Summer,1.27357,1.20299,1.12685,1.59458,1.192865,1.3771716666666667,0.06215458443747343,-0.663122658240795,-0.7485107481711013
National,2023-08-20,2023,34,1.70391,1.8262,8234,11256.0,,13151,4300.0,4038,40979,3524,2243946,8,August,3,Summer,1.44821,1.27357,1.16805,1.82581,1.273205,1.3450825000000002,0.12465232114403829,-0.7485107481711011,-0.6631226582407952
National,2023-08-27,2023,35,1.93305,1.97735,8980,11792.0,,14664,4630.0,4345,44411,3537,2245988,8,August,3,Summer,1.70391,1.44821,1.20299,1.9377,1.40717,1.3338608333333333,0.22306750966153463,-0.8229838658936564,-0.5680647467311559
National,2023-09-03,2023,36,2.00204,2.0246,9546,11819.0,,14159,4621.0,4589,44734,3538,2209523,9,September,3,Autumn,1.93305,1.70391,1.27357,2.00147,1.589685,1.3634916666666668,0.2891889478638526,-0.8854560256532096,-0.4647231720437691
National,2023-09-10,2023,37,1.94047,1.99147,9485,11798.0,,14904,4699.0,4401,45287,3558,2274050,9,September,3,Autumn,2.00204,1.93305,1.44821,2.03389,1.7718025,1.4064833333333333,0.2505537602157908,-0.9350162426854147,-0.3546048870425359
National,2023-09-17,2023,38,2.03761,2.13438,10912,11970.0,,16162,4711.0,4510,48265,3558,2261308,9,September,3,Autumn,1.94047,2.00204,1.70391,2.27821,1.8948674999999997,1.4544625,0.13100661926638485,-0.970941817426052,-0.23931566428755774
National,2023-09-24,2023,39,2.08992,2.17945,11376,12299.0,,16110,4934.0,4550,49269,3552,2260617,9,September,3,Autumn,2.03761,1.94047,1.93305,2.35649,1.9782924999999998,1.5183508333333335,0.0501993853708293,-0.992708874098054,-0.12053668025532357
National,2023-10-01,2023,40,2.27908,2.26141,13519,13441.0,,19001,5294.0,5054,56309,4103,2489991,10,October,4,Autumn,2.08992,2.03761,2.00204,2.61257,2.01751,1.5903833333333335,0.06277393461150707,-1.0,-1.8369701987210297e-16
National,2023-10-08,2023,41,2.33755,2.31454,14419,13964.0,,18593,5431.0,5096,57503,4124,2484429,10,October,4,Autumn,2.27908,2.08992,1.94047,3.00763,2.08677,1.6838125000000002,0.14237679375496679,-0.992708874098054,0.1205366802553232
National,2023-10-15,2023,42,2.52242,2.51633,15704,14454.0,,20290,5814.0,6195,62457,4105,2482069,10,October,4,Autumn,2.33755,2.27908,2.03761,3.31975,2.18604,1.7847041666666668,0.14477826839669705,-0.9709418174260521,0.23931566428755738
National,2023-10-22,2023,43,2.71275,2.68605,16986,15480.0,,22514,6082.0,6712,67774,4135,2523186,10,October,4,Autumn,2.52242,2.33755,2.08992,4.3682,2.3072425,1.8975683333333333,0.1781779040498984,-0.9350162426854148,0.35460488704253557
National,2023-10-29,2023,44,2.94538,2.91431,17793,16585.0,,24797,6337.0,6696,72208,4126,2477704,10,October,4,Autumn,2.71275,2.52242,2.27908,5.42144,2.46295,2.023381666666667,0.19618873379125928,-0.8854560256532101,0.464723172043768
National,2023-11-05,2023,45,3.40957,3.32818,21464,19331.0,,29463,7439.0,7761,85458,4122,2567706,11,November,4,Autumn,2.94538,2.71275,2.33755,5.73522,2.629525,2.1626991666666666,0.2603917966576914,-0.822983865893657,0.5680647467311548
National,2023-11-12,2023,46,3.6903,3.5748,22031,21568.0,,30863,8086.0,8425,90973,4129,2544844,11,November,4,Autumn,3.40957,2.94538,2.52242,5.91793,2.8975299999999997,2.3261458333333334,0.38267729860369964,-0.7485107481711011,0.6631226582407952
National,2023-11-19,2023,47,3.92958,3.79115,22396,20391.0,,25939,8378.0,8418,85522,4141,2255831,11,November,4,Autumn,3.6903,3.40957,2.71275,7.42531,3.1895,2.491678333333333,0.44200926905812365,-0.6631226582407955,0.7485107481711007
National,2023-11-26,2023,48,4.03334,3.96202,22638,28337.0,,30346,11136.0,11207,103664,4111,2616442,11,November,4,Autumn,3.92958,3.6903,2.94538,7.21822,3.4937075,2.6580558333333335,0.42283787810259155,-0.5680647467311559,0.8229838658936564
National,2023-12-03,2023,49,4.38382,4.35865,23367,29030.0,,38203,12200.0,11369,114169,4073,2619366,12,December,4,Winter,4.03334,3.92958,3.40957,6.87034,3.7656975,2.8273308333333333,0.27748967600910873,-0.4647231720437684,0.88545602565321
National,2023-12-10,2023,50,5.18426,5.21105,26102,35036.0,,48365,14003.0,12573,136079,4093,2611355,12,December,4,Winter,4.38382,4.03334,3.6903,6.29772,4.00926,3.030943333333333,0.2880737313026723,-0.35460488704253595,0.9350162426854147
National,2023-12-17,2023,51,6.23157,6.31482,29797,45268.0,,53504,18114.0,16627,163310,4062,2586137,12,December,4,Winter,5.18426,4.38382,3.92958,6.00293,4.38275,3.2931641666666667,0.5685859131799257,-0.2393156642875578,0.970941817426052
National,2023-12-24,2023,52,6.7962,6.90944,31368,49904.0,,41682,21635.0,21608,166197,4043,2405363,12,December,4,Winter,6.23157,5.18426,4.03334,5.33838,4.9582475,3.6383016666666665,0.976021289978686,-0.12053668025532363,0.992708874098054
National,2023-12-31,2024,1,5.71536,5.76408,24691,47024.0,,32324,20529.0,19382,143950,4078,2497365,12,December,4,Winter,6.7962,6.23157,4.38382,3.93482,5.6489625,4.014728333333333,1.075812768604123,0.0,1.0
National,2024-01-07,2024,2,4.66576,4.7532,18090,36949.0,,31314,16352.0,15356,118061,4064,2483819,1,January,1,Winter,5.71536,6.7962,5.18426,2.94564,5.9818475,4.2962125,0.6910602311123153,0.12053668025532305,0.992708874098054
National,2024-01-14,2024,3,4.32446,4.35295,16160,30578.0,,29171,12643.0,11559,100111,4084,2299842,1,January,1,Winter,4.66576,5.71536,6.23157,2.63811,5.8522225,4.474824166666667,0.9058003190687256,0.23931566428755774,0.970941817426052
National,2024-01-21,2024,4,4.22972,4.22481,16238,31797.0,,34392,12498.0,10653,105578,4110,2498999,1,January,1,Winter,4.32446,4.66576,6.7962,2.62522,5.375445,4.609133333333333,1.1168869305201243,0.3546048870425356,0.9350162426854148
National,2024-01-28,2024,5,4.42065,4.27996,17275,30429.0,,38578,11603.0,10061,107946,4093,2522125,1,January,1,Winter,4.22972,4.32446,5.71536,2.58477,4.733825,4.716161666666667,0.68062357552957,0.4647231720437685,0.8854560256532099
National,2024-02-04,2024,6,4.45705,4.40158,17971,31617.0,,41796,11550.0,10050,112984,4095,2566895,2,February,1,Winter,4.42065,4.22972,4.66576,2.59148,4.410147500000001,4.800418333333334,0.18738950795509232,0.5680647467311558,0.8229838658936564
National,2024-02-11,2024,7,4.35511,4.33696,17414,30780.0,,39008,11242.0,9969,108413,4088,2499747,2,February,1,Winter,4.45705,4.42065,4.32446,2.5701,4.35797,4.8643141666666665,0.10217079067253526,0.6631226582407952,0.7485107481711011
National,2024-02-18,2024,8,4.33545,4.32386,17611,31223.0,,37089,11309.0,10166,107398,4073,2483847,2,February,1,Winter,4.35511,4.45705,4.22972,2.52707,4.3656325,4.899775,0.09994501033894146,0.7485107481711011,0.6631226582407953
National,2024-02-25,2024,9,4.0587,4.09674,17307,30505.0,,35950,11037.0,9901,104700,4058,2555691,2,February,1,Winter,4.33545,4.35511,4.42065,2.4046,4.392065,4.924950833333334,0.05660118579427635,0.8229838658936564,0.5680647467311559
National,2024-03-03,2024,10,3.72797,3.74694,16504,26658.0,,33084,9708.0,8822,94776,4077,2529424,3,March,1,Spring,4.0587,4.33545,4.45705,2.3571,4.3015775,4.8978575,0.17046431989808616,0.8854560256532099,0.4647231720437686
National,2024-03-10,2024,11,3.39722,3.40146,15886,23711.0,,29174,8472.0,7746,84989,4022,2498605,3,March,1,Spring,3.72797,4.0587,4.35511,2.3545,4.1193075,4.7764999999999995,0.2939040133983341,0.9350162426854148,0.35460488704253557
National,2024-03-17,2024,12,3.08528,3.15473,15075,21956.0,,26537,7812.0,7112,78492,4069,2488074,3,March,1,Spring,3.39722,3.72797,4.33545,2.31096,3.879835,4.540304166666667,0.4064307784030535,0.970941817426052,0.23931566428755804
National,2024-03-24,2024,13,2.97703,3.03883,14416,21208.0,,23569,7490.0,7100,73783,4060,2428005,3,March,1,Spring,3.08528,3.39722,4.0587,2.25771,3.5672924999999998,4.231060833333333,0.41974567517125777,0.992708874098054,0.120536680255323
National,2024-03-31,2024,14,2.76586,2.83202,13933,20152.0,,20521,7159.0,6787,68552,4049,2420608,3,March,1,Spring,2.97703,3.08528,3.72797,2.12953,3.296875,4.002866666666667,0.33812487146019293,1.0,-1.6081226496766366e-16
National,2024-04-07,2024,15,2.53824,2.59248,13273,18246.0,,19776,6845.0,6383,64523,4064,2488849,4,April,2,Spring,2.76586,2.97703,3.39722,2.01047,3.0563475,3.8445416666666667,0.2631257014400199,0.992708874098054,-0.12053668025532288
National,2024-04-14,2024,16,2.24747,2.29479,11850,15637.0,,18343,5942.0,5775,57547,4046,2507721,4,April,2,Spring,2.53824,2.76586,3.08528,1.90776,2.8416024999999996,3.6956900000000004,0.24185744043058377,0.9709418174260521,-0.2393156642875575
National,2024-04-21,2024,17,2.19144,2.24787,11393,14892.0,,18200,5642.0,5291,55418,4020,2465351,4,April,2,Spring,2.24747,2.53824,2.97703,1.90393,2.63215,3.5305024999999994,0.3128462716201537,0.9350162426854148,-0.35460488704253545
National,2024-04-28,2024,18,2.09931,2.14622,11132,14266.0,,17618,5364.0,5141,53521,3976,2493729,4,April,2,Spring,2.19144,2.24747,2.76586,1.93608,2.4357525,3.344735,0.2674656031934365,0.8854560256532099,-0.4647231720437685
National,2024-05-05,2024,19,2.00488,2.04206,10360,13410.0,,16453,5172.0,5018,50413,4018,2468736,5,May,2,Spring,2.09931,2.19144,2.53824,1.90846,2.269115,3.1482566666666667,0.18952916688457308,0.8229838658936565,-0.5680647467311557
National,2024-05-12,2024,20,1.97657,2.03606,10406,13165.0,,15797,5051.0,4991,49410,3967,2426743,5,May,2,Spring,2.00488,2.09931,2.24747,1.88236,2.1357749999999998,2.9524041666666663,0.10651691962606467,0.7485107481711013,-0.663122658240795
National,2024-05-19,2024,21,1.90707,1.95861,9846,12852.0,,14632,5281.0,4962,47573,3921,2428922,5,May,2,Spring,1.97657,2.00488,2.19144,1.83328,2.06805,2.755830833333333,0.09757274038697895,0.6631226582407952,-0.7485107481711012
National,2024-05-26,2024,22,1.87651,1.92202,9662,11925.0,,13377,4833.0,4948,44745,3907,2328017,5,May,2,Spring,1.90707,1.97657,2.09931,1.83857,1.9969575,2.576528333333333,0.07965386174959777,0.5680647467311558,-0.8229838658936564
National,2024-06-02,2024,23,1.66065,1.72659,8272,11763.0,,11482,4803.0,4905,41225,3886,2387650,6,June,2,Summer,1.87651,1.90707,2.00488,1.57748,1.9412574999999999,2.42224,0.05959815174670656,0.46472317204376906,-0.8854560256532096
National,2024-06-09,2024,24,1.58178,1.60594,7428,10852.0,,10240,4591.0,4638,37749,3883,2350585,6,June,2,Summer,1.66065,1.87651,1.97657,1.48614,1.8552,2.2775258333333332,0.13629012241032934,0.35460488704253584,-0.9350162426854147
National,2024-06-16,2024,25,1.49244,1.54276,6737,10989.0,,9063,4334.0,4687,35810,3881,2321170,6,June,2,Summer,1.58178,1.66065,1.90707,1.36472,1.7565025,2.1522341666666667,0.1599875264667682,0.23931566428755768,-0.970941817426052
National,2024-06-23,2024,26,1.4663,1.49763,6270,10632.0,,9104,4530.0,4688,35224,3823,2351985,6,June,2,Summer,1.49244,1.58178,1.87651,1.27095,1.6528450000000001,2.0285183333333334,0.16418175751268396,0.12053668025532308,-0.992708874098054
National,2024-06-30,2024,27,1.37639,1.44721,5818,9483.0,,8091,4037.0,4701,32130,3865,2220134,6,June,2,Summer,1.4663,1.49244,1.66065,1.22553,1.5502925,1.9202216666666667,0.08864139791853874,-3.216245299353273e-16,-1.0
National,2024-07-07,2024,28,1.45548,1.44812,6105,10810.0,,8834,4636.0,4632,35017,3852,2418108,7,July,3,Summer,1.37639,1.4663,1.58178,1.15793,1.4792275,1.8234008333333334,0.08452663697489285,-0.12053668025532283,-0.992708874098054
National,2024-07-14,2024,29,1.45233,1.43633,5708,10232.0,,8308,4481.0,4628,33357,3798,2322374,7,July,3,Summer,1.45548,1.37639,1.49244,1.12685,1.4476525,1.7574016666666665,0.04997753853767709,-0.23931566428755743,-0.9709418174260521
National,2024-07-21,2024,30,1.52211,1.50432,6025,10737.0,,8686,4552.0,4816,34816,3879,2314401,7,July,3,Summer,1.45233,1.45548,1.4663,1.16805,1.4376250000000002,1.6958091666666666,0.041259418722091774,-0.3546048870425356,-0.9350162426854148
National,2024-07-28,2024,31,1.53543,1.4951,6014,10829.0,,8946,4451.0,4779,35019,3889,2342255,7,July,3,Summer,1.52211,1.45233,1.37639,1.20299,1.4515775,1.6477091666666668,0.059564501382549255,-0.46472317204376806,-0.8854560256532101
National,2024-08-04,2024,32,1.53984,1.50508,6283,10776.0,,9107,4309.0,4610,35085,3878,2331105,8,August,3,Summer,1.53543,1.52211,1.45548,1.27357,1.4913375000000002,1.6085883333333335,0.04358302679888263,-0.5680647467311556,-0.8229838658936566
National,2024-08-11,2024,33,1.56577,1.56538,6611,10927.0,,10514,4425.0,4572,37049,3888,2366776,8,August,3,Summer,1.53984,1.53543,1.45233,1.44821,1.5124275,1.5721941666666666,0.04076771792671672,-0.663122658240795,-0.7485107481711013
National,2024-08-18,2024,34,1.76988,1.76294,7612,11679.0,,13436,4542.0,4570,41839,3890,2373251,8,August,3,Summer,1.56577,1.53984,1.52211,1.70391,1.5407875,1.5437525,0.01828090875620294,-0.7485107481711011,-0.6631226582407952
National,2024-08-25,2024,35,1.93414,1.88944,8436,12221.0,,15731,4555.0,4733,45676,3890,2417432,8,August,3,Summer,1.76988,1.56577,1.53543,1.93305,1.6027300000000002,1.5348666666666668,0.11223428798701944,-0.8229838658936564,-0.5680647467311559
National,2024-09-01,2024,36,1.9202,1.90808,8653,12074.0,,14746,4689.0,4578,44740,3898,2344763,9,September,3,Autumn,1.93414,1.76988,1.53984,2.00204,1.7024075,1.5576575000000001,0.18560755038060164,-0.8854560256532096,-0.4647231720437691
National,2024-09-08,2024,37,1.95528,1.90654,8863,12549.0,,15823,4677.0,4742,46654,3844,2447051,9,September,3,Autumn,1.9202,1.93414,1.56577,1.94047,1.7974975,1.5858591666666666,0.17145206995432255,-0.9350162426854147,-0.3546048870425359
National,2024-09-15,2024,38,1.95303,1.94807,9493,12319.0,,17190,4737.0,4765,48504,3902,2489845,9,September,3,Autumn,1.95528,1.9202,1.76988,2.03761,1.8948749999999999,1.6244291666666666,0.0845687292480086,-0.970941817426052,-0.23931566428755774
National,2024-09-22,2024,39,1.93495,1.93698,9467,12155.0,,16115,4627.0,4482,46846,3877,2418511,9,September,3,Autumn,1.95303,1.95528,1.93414,2.08992,1.9406624999999997,1.6649900000000002,0.016612076680038366,-0.992708874098054,-0.12053668025532357
National,2024-09-29,2024,40,1.90509,1.8485,10165,12448.0,,17720,4647.0,4696,49676,4253,2687374,9,September,3,Autumn,1.93495,1.95303,1.9202,2.27908,1.940865,1.7115366666666665,0.0165106924937592,-1.0,-1.8369701987210297e-16
National,2024-10-06,2024,41,2.02014,1.94416,10726,12821.0,,18612,4827.0,4670,51656,4271,2656989,10,October,4,Autumn,1.90509,1.93495,1.95528,2.33755,1.9370874999999999,1.7490041666666667,0.02319151622806858,-0.992708874098054,0.1205366802553232
National,2024-10-13,2024,42,2.07037,2.00964,11015,13399.0,,19379,4897.0,4771,53461,4267,2660225,10,October,4,Autumn,2.02014,1.90509,1.95303,2.52242,1.9533025000000002,1.7963216666666668,0.04874623087949415,-0.9709418174260521,0.23931566428755738
National,2024-10-20,2024,43,2.22044,2.15518,12585,14378.0,,22748,5110.0,4993,59814,4269,2775354,10,October,4,Autumn,2.07037,2.02014,1.93495,2.71275,1.9826375,1.8420100000000001,0.07613834223497774,-0.9350162426854148,0.35460488704253557
National,2024-10-27,2024,44,2.31725,2.23339,13397,15153.0,,22160,5330.0,5036,61076,4211,2734678,10,October,4,Autumn,2.22044,2.07037,1.90509,2.94538,2.05401,1.8990941666666667,0.13075541773335683,-0.8854560256532101,0.464723172043768
National,2024-11-03,2024,45,2.4719,2.38624,15050,16209.0,,23541,5788.0,5395,65983,4258,2765142,11,November,4,Autumn,2.31725,2.22044,2.02014,3.40957,2.15705,1.9638783333333334,0.13655292331775856,-0.822983865893657,0.5680647467311548
National,2024-11-10,2024,46,2.6917,2.57543,16289,16715.0,,24586,6144.0,5559,69293,4273,2690545,11,November,4,Autumn,2.4719,2.31725,2.07037,3.6903,2.26999,2.0393891666666666,0.16862631526532304,-0.7485107481711011,0.6631226582407952
National,2024-11-17,2024,47,2.88949,2.78848,18034,18031.0,,27250,6684.0,5863,75862,4237,2720548,11,November,4,Autumn,2.6917,2.4719,2.22044,3.92958,2.4253225,2.1162075000000002,0.20557475532020358,-0.6631226582407955,0.7485107481711007
National,2024-11-24,2024,48,3.18283,3.12363,19868,17397.0,,23723,6559.0,6396,73943,4252,2367211,11,November,4,Autumn,2.88949,2.6917,2.31725,4.03334,2.5925849999999997,2.19582,0.25056642080154395,-0.5680647467311559,0.8229838658936564
National,2024-12-01,2024,49,3.318,3.24407,19972,22750.0,,27032,8830.0,8853,87437,4252,2695286,12,December,4,Winter,3.18283,2.88949,2.4719,4.38382,2.80898,2.3010391666666665,0.3020061850359444,-0.4647231720437684,0.88545602565321
National,2024-12-08,2024,50,3.78793,3.6863,22152,25094.0,,33756,9921.0,9835,100758,4251,2733307,12,December,4,Winter,3.318,3.18283,2.6917,5.18426,3.020505,2.4145991666666666,0.2829195049832498,-0.35460488704253595,0.9350162426854147
National,2024-12-15,2024,51,4.94489,4.80631,28860,33712.0,,45537,12696.0,12207,133012,4221,2767445,12,December,4,Winter,3.78793,3.318,2.88949,6.23157,3.2945624999999996,2.5675075,0.3744011610892381,-0.2393156642875578,0.970941817426052
National,2024-12-22,2024,52,6.74349,6.66381,37435,44780.0,,48174,18423.0,18599,167411,4217,2512241,12,December,4,Winter,4.94489,3.78793,3.18283,6.7962,3.8084125,2.8183358333333337,0.8008034559688421,-0.12053668025532363,0.992708874098054
National,2024-12-29,2025,1,6.25398,6.16668,33451,48596.0,,37513,21824.0,23074,164458,4247,2666881,12,December,4,Winter,6.74349,4.94489,3.318,5.71536,4.6985775,3.2215358333333337,1.5250803348321194,0.0,1.0
National,2025-01-05,2025,2,5.30512,5.29401,23592,42897.0,,35821,19312.0,17872,139494,4243,2634939,1,January,1,Winter,6.25398,6.74349,3.78793,4.66576,5.4325725,3.5743558333333336,1.3336538964407727,0.12053668025532305,0.992708874098054
National,2025-01-12,2025,3,5.74558,5.69117,26014,44103.0,,50231,19130.0,17251,156729,4258,2753898,1,January,1,Winter,5.30512,6.25398,4.94489,4.32446,5.811870000000001,3.8439183333333333,0.8310288722220532,0.23931566428755774,0.970941817426052
National,2025-01-19,2025,4,6.98693,6.85658,30197,51025.0,,59340,21132.0,18010,179704,4263,2620898,1,January,1,Winter,5.74558,5.30512,6.74349,4.22972,6.0120425,4.1376800000000005,0.6229742862737802,0.3546048870425356,0.9350162426854148
National,2025-01-26,2025,5,7.79898,7.42518,32918,59976.0,,72398,26107.0,23226,214625,4261,2890504,1,January,1,Winter,6.98693,5.74558,6.25398,4.42065,6.0729025,4.52682,0.7222338767266872,0.4647231720437685,0.8854560256532099
National,2025-02-02,2025,6,7.84378,7.70557,35164,59740.0,,76137,26664.0,24947,222652,4250,2889494,2,February,1,Winter,7.79898,6.98693,5.30512,4.45705,6.4591525,4.970743333333334,1.1423168770930696,0.5680647467311558,0.8229838658936564
National,2025-02-09,2025,7,6.93692,7.05953,29512,52696.0,,62336,24317.0,23946,192807,4258,2731160,2,February,1,Winter,7.84378,7.79898,5.74558,4.35511,7.0938175,5.400083333333334,0.9813030787130288,0.6631226582407952,0.7485107481711011
National,2025-02-16,2025,8,5.90072,6.01799,24727,44764.0,,46519,20323.0,20475,156808,4245,2605653,2,February,1,Winter,6.93692,7.84378,6.98693,4.33545,7.3916525,5.737369166666667,0.49696308282574875,0.7485107481711011,0.6631226582407953
National,2025-02-23,2025,9,4.87406,4.83865,20599,37605.0,,39077,17523.0,18295,133099,4242,2750746,2,February,1,Winter,5.90072,6.93692,7.79898,4.0587,7.1201,5.9638599999999995,0.9137894165871419,0.8229838658936564,0.5680647467311559
National,2025-03-02,2025,10,4.26679,4.26517,18328,31463.0,,35647,14139.0,14539,114116,4237,2675535,3,March,1,Spring,4.87406,5.90072,7.84378,3.72797,6.38887,6.093531666666666,1.2845312594094365,0.8854560256532099,0.4647231720437686
National,2025-03-09,2025,11,3.81006,3.86406,17084,28417.0,,32943,12435.0,12617,103496,4218,2678425,3,March,1,Spring,4.26679,4.87406,6.93692,3.39722,5.4946225,6.133436666666667,1.1744229395004944,0.9350162426854148,0.35460488704253557
National,2025-03-16,2025,12,3.25232,3.30602,15049,24061.0,,28068,9986.0,10404,87568,4204,2648741,3,March,1,Spring,3.81006,4.26679,5.90072,3.08528,4.7129075,6.038867500000001,0.9038847816462229,0.970941817426052,0.23931566428755804
National,2025-03-23,2025,13,2.89999,2.95371,13724,21395.0,,25244,8344.0,8443,77150,4214,2611965,3,March,1,Spring,3.25232,3.81006,4.87406,2.97703,4.0508075,5.747936666666667,0.6879764447214981,0.992708874098054,0.120536680255323
National,2025-03-30,2025,14,2.56142,2.59783,12006,18536.0,,21715,7274.0,7129,66660,4199,2565984,3,March,1,Spring,2.89999,3.25232,4.26679,2.76586,3.55729,5.4684375,0.6034160846933292,1.0,-1.6081226496766366e-16
National,2025-04-06,2025,15,2.41066,2.3754,11722,16617.0,,19908,6434.0,6385,61066,4212,2570768,4,April,2,Spring,2.56142,2.89999,3.81006,2.53824,3.1309475000000004,5.239795833333333,0.5334254123039338,0.992708874098054,-0.12053668025532288
National,2025-04-13,2025,16,2.26966,2.21114,11255,15597.0,,17819,5951.0,6137,56759,4201,2566953,4,April,2,Spring,2.41066,2.56142,3.25232,2.24747,2.7810975000000004,4.9618858333333336,0.3749080849465429,0.9709418174260521,-0.2393156642875575
National,2025-04-20,2025,17,2.16654,2.09482,11081,15191.0,,16571,5780.0,6068,54691,4195,2610776,4,April,2,Spring,2.26966,2.41066,2.89999,2.19144,2.5354324999999998,4.56878,0.2706662886747219,0.9350162426854148,-0.35460488704253545
National,2025-04-27,2025,18,1.99958,1.94585,10325,13307.0,,15653,5187.0,5590,50062,4142,2572762,4,April,2,Spring,2.16654,2.26966,2.56142,2.09931,2.35207,4.09941,0.17172943797326176,0.8854560256532099,-0.4647231720437685
National,2025-05-04,2025,19,1.89657,1.83422,9851,12410.0,,15007,4982.0,5217,47467,4167,2587864,5,May,2,Spring,1.99958,2.16654,2.41066,2.00488,2.21161,3.6123933333333333,0.17318461325016912,0.8229838658936565,-0.5680647467311557
National,2025-05-11,2025,20,1.86402,1.79243,10013,12011.0,,14668,4824.0,4984,46500,4153,2594238,5,May,2,Spring,1.89657,1.99958,2.26966,1.97657,2.0830875,3.1923641666666662,0.16686910826036383,0.7485107481711013,-0.663122658240795
National,2025-05-18,2025,21,1.8161,1.75584,9743,11765.0,,13765,4733.0,4985,44991,4126,2562363,5,May,2,Spring,1.86402,1.89657,2.16654,1.90707,1.9816775,2.8559725,0.13611418891849972,0.6631226582407952,-0.7485107481711012
National,2025-05-25,2025,22,1.82615,1.76659,9683,11647.0,,12262,4747.0,5029,43368,4131,2454893,5,May,2,Spring,1.8161,1.86402,1.99958,1.87651,1.8940675000000002,2.6011425,0.0777194387413678,0.5680647467311558,-0.8229838658936564
National,2025-06-01,2025,23,1.6042,1.56093,8244,11094.0,,10176,4565.0,4940,39019,4005,2499733,6,June,2,Summer,1.82615,1.8161,1.89657,1.66065,1.85071,2.3977558333333335,0.03688423963256759,0.46472317204376906,-0.8854560256532096
National,2025-06-08,2025,24,1.4049,1.38411,7520,9740.0,,8525,4183.0,4395,34363,4111,2482683,6,June,2,Summer,1.6042,1.82615,1.86402,1.58178,1.7776175,2.2139341666666668,0.11743839189807162,0.35460488704253584,-0.9350162426854147
National,2025-06-15,2025,25,1.31999,1.28407,6489,9073.0,,7627,3922.0,4322,31433,4105,2447914,6,June,2,Summer,1.4049,1.6042,1.8161,1.49244,1.6628375,2.0599825,0.20010870118913768,0.23931566428755768,-0.970941817426052
National,2025-06-22,2025,26,1.17989,1.16319,5997,8296.0,,6928,3665.0,3939,28825,4097,2478105,6,June,2,Summer,1.31999,1.4049,1.82615,1.4663,1.5388100000000002,1.9283158333333335,0.22557645281944222,0.12053668025532308,-0.992708874098054
National,2025-06-29,2025,27,1.108,1.08705,5123,7384.0,,6201,3205.0,3622,25535,4093,2349012,6,June,2,Summer,1.17989,1.31999,1.6042,1.37639,1.377245,1.8131883333333334,0.1774828649943426,-3.216245299353273e-16,-1.0
National,2025-07-06,2025,28,1.15638,1.05602,5092,7927.0,,6366,3306.0,3668,26359,4049,2496062,7,July,3,Summer,1.108,1.17989,1.4049,1.45548,1.253195,1.704633333333333,0.13407857161604345,-0.12053668025532283,-0.992708874098054
National,2025-07-13,2025,29,1.05736,1.01061,4516,7510.0,,5945,3255.0,3539,24765,4046,2450508,7,July,3,Summer,1.15638,1.108,1.31999,1.45233,1.191065,1.61186,0.09101168368180938,-0.23931566428755743,-0.9709418174260521
National,2025-07-20,2025,30,1.03242,1.00323,4657,7831.0,,6110,3130.0,3368,25096,4068,2501517,7,July,3,Summer,1.05736,1.15638,1.17989,1.52211,1.1254075000000001,1.5194283333333332,0.054348020125823494,-0.3546048870425356,-0.9350162426854148
National,2025-07-27,2025,31,1.05832,1.02067,4557,7829.0,,6154,3193.0,3448,25181,4006,2467098,7,July,3,Summer,1.03242,1.05736,1.108,1.53543,1.08854,1.4388316666666665,0.05508358497105222,-0.46472317204376806,-0.8854560256532101
National,2025-08-03,2025,32,1.14965,1.10207,4848,8506.0,,6761,3442.0,3700,27257,4075,2473257,8,August,3,Summer,1.05832,1.03242,1.15638,1.53984,1.07612,1.3689775,0.05483349098190791,-0.5680647467311556,-0.8229838658936566
National,2025-08-10,2025,33,1.21395,1.15642,4958,8984.0,,7815,3645.0,3773,29175,4003,2522881,8,August,3,Summer,1.14965,1.05832,1.05736,1.56577,1.0744375,1.3094466666666666,0.0515551655180768,-0.663122658240795,-0.7485107481711013
National,2025-08-17,2025,34,1.45765,1.41647,6042,10274.0,,10750,3932.0,4044,35042,4051,2473905,8,August,3,Summer,1.21395,1.14965,1.03242,1.76988,1.113585,1.2592675,0.08369746093279536,-0.7485107481711011,-0.6631226582407952
National,2025-08-24,2025,35,1.79113,1.6592,7034,11874.0,,13538,4498.0,4571,41515,3987,2502107,8,August,3,Summer,1.45765,1.21395,1.05832,1.93414,1.2198925,1.2285591666666666,0.17088360919525938,-0.8229838658936564,-0.5680647467311559
National,2025-08-31,2025,36,1.80315,1.69183,7347,12243.0,,12826,4729.0,4893,42038,4054,2484768,8,August,3,Summer,1.79113,1.45765,1.14965,1.9202,1.403095,1.2441366666666667,0.2907218649613416,-0.8854560256532096,-0.4647231720437691
National,2025-09-07,2025,37,1.75434,1.65887,7173,12185.0,,13114,4738.0,4873,42083,4012,2536855,9,September,3,Autumn,1.80315,1.79113,1.21395,1.95528,1.5664700000000003,1.2773241666666666,0.2843716352473808,-0.9350162426854147,-0.3546048870425359
National,2025-09-14,2025,38,1.72128,1.62581,7638,11670.0,,13245,4567.0,4835,41955,4053,2580563,9,September,3,Autumn,1.75434,1.80315,1.45765,1.95303,1.7015675,1.31352,0.16393202785993694,-0.970941817426052,-0.23931566428755774
National,2025-09-21,2025,39,1.68219,1.55805,7511,11159.0,,12223,4222.0,4656,39771,4032,2552619,9,September,3,Autumn,1.72128,1.75434,1.79113,1.93495,1.767475,1.3586358333333335,0.03714283645521187,-0.992708874098054,-0.12053668025532357
National,2025-09-28,2025,40,1.61436,1.55382,8392,11227.0,,12992,4346.0,4574,41531,4324,2672835,9,September,3,Autumn,1.68219,1.72128,1.80315,1.90509,1.74024,1.406485,0.05126975131535415,-1.0,-1.8369701987210297e-16
National,2025-10-05,2025,41,1.63874,1.58014,8604,11009.0,,12955,4354.0,4587,41509,4337,2626922,10,October,4,Autumn,1.61436,1.68219,1.75434,2.02014,1.6930424999999998,1.44465,0.060175998744828804,-0.992708874098054,0.1205366802553232
National,2025-10-12,2025,42,1.70106,1.61942,8947,11100.0,,12978,4370.0,4571,41966,4336,2591418,10,October,4,Autumn,1.63874,1.61436,1.72128,2.07037,1.6641425,1.4930983333333334,0.04730747113234082,-0.9709418174260521,0.23931566428755738
National,2025-10-19,2025,43,1.74217,1.68654,9355,11608.0,,13882,4591.0,4781,44217,4342,2621762,10,October,4,Autumn,1.70106,1.63874,1.68219,2.22044,1.6590875,1.5488183333333332,0.039623167780191426,-0.9350162426854148,0.35460488704253557
National,2025-10-26,2025,44,1.82844,1.78931,9874,11638.0,,14885,4591.0,4683,45671,4340,2552431,10,October,4,Autumn,1.74217,1.70106,1.61436,2.31725,1.6740825,1.6058058333333334,0.05825107287942484,-0.8854560256532101,0.464723172043768
National,2025-11-02,2025,45,2.12441,2.06886,11463,13590.0,,19117,5193.0,5063,54426,4353,2630729,11,November,4,Autumn,1.82844,1.74217,1.63874,2.4719,1.7276025000000002,1.6623716666666664,0.07954340885079526,-0.822983865893657,0.5680647467311548
National,2025-11-09,2025,46,2.26611,2.18377,11847,14286.0,,19454,5521.0,5783,56891,4348,2605168,11,November,4,Autumn,2.12441,1.82844,1.70106,2.6917,1.84902,1.7382433333333334,0.19111277002494215,-0.7485107481711011,0.6631226582407952
National,2025-11-16,2025,47,2.52897,2.48494,13075,16466.0,,23939,6368.0,6390,66238,4370,2665579,11,November,4,Autumn,2.26611,2.12441,1.74217,2.88949,1.9902825000000002,1.8056150000000002,0.24618678780878617,-0.6631226582407955,0.7485107481711007
National,2025-11-23,2025,48,2.9686,3.05774,15464,16999.0,,24259,6577.0,7129,70428,4341,2303273,11,November,4,Autumn,2.52897,2.26611,1.82844,3.18283,2.1869825,1.8671016666666667,0.2919387227226707,-0.5680647467311559,0.8229838658936564
National,2025-11-30,2025,49,3.29062,3.30577,16171,23370.0,,28951,9231.0,9479,87202,4338,2637874,11,November,4,Autumn,2.9686,2.52897,2.12441,3.318,2.4720225,1.9642225,0.3710645222755943,-0.4647231720437684,0.88545602565321
National,2025-12-07,2025,50,4.12648,4.27869,19812,27860.0,,44841,10387.0,11370,114270,4360,2670675,12,December,4,Winter,3.29062,2.9686,2.26611,3.78793,2.763575,2.0922458333333336,0.45545677251884836,-0.35460488704253595,0.9350162426854147
National,2025-12-14,2025,51,6.00828,6.21482,28976,41380.0,,69913,14823.0,16608,171700,4337,2762751,12,December,4,Winter,4.12648,3.29062,2.52897,4.94489,3.2286675000000002,2.2926791666666664,0.6750597735200635,-0.2393156642875578,0.970941817426052
National,2025-12-21,2025,52,8.28004,8.48292,40575,53733.0,,71907,21221.0,28025,215461,4315,2539940,12,December,4,Winter,6.00828,4.12648,2.9686,6.74349,4.098495,2.653186666666667,1.3634987633657658,-0.12053668025532363,0.992708874098054
National,2025-12-28,2025,53,7.16816,7.2519,33953,53572.0,,44256,22720.0,33315,187816,4301,2589887,12,December,4,Winter,8.28004,6.00828,3.29062,6.25398,5.426355,3.20866,2.2160921905236686,6.432490598706546e-16,1.0
National,2026-01-04,2026,1,5.29471,5.21694,21543,44004.0,,37156,19467.0,24858,147028,4335,2818279,1,January,1,Winter,7.16816,8.28004,4.12648,5.30512,6.39574,3.669445,1.774531426001432,0.0,1.0
National,2026-01-11,2026,2,4.38278,4.31107,19103,30943.0,,35689,13633.0,15682,115050,4324,2668708,1,January,1,Winter,5.29471,7.16816,6.00828,5.74558,6.6877975,3.9689158333333334,1.3125574432731237,0.12053668025532305,0.992708874098054
National,2026-01-18,2026,3,4.73024,4.37578,19458,28546.0,,38152,11171.0,12621,109948,4314,2512650,1,January,1,Winter,4.38278,5.29471,8.28004,6.98693,6.2814225,4.1889666666666665,1.7662785931325606,0.23931566428755774,0.970941817426052
National,2026-01-25,2026,4,4.42671,4.27618,17979,27636.0,,36133,10488.0,11358,103594,4329,2422580,1,January,1,Winter,4.73024,4.38278,7.16816,7.79898,5.3939725,4.430783333333333,1.2410540456503045,0.3546048870425356,0.9350162426854148
National,2026-02-01,2026,5,4.61317,4.25538,18096,29044.0,,41246,10951.0,11558,110895,4305,2605995,2,February,1,Winter,4.42671,4.73024,5.29471,7.84378,4.70861,4.6226416666666665,0.42016420036295526,0.4647231720437685,0.8854560256532099
National,2026-02-08,2026,6,4.57277,4.39037,19331,30297.0,,44745,11582.0,12277,118232,4317,2692984,2,February,1,Winter,4.61317,4.42671,4.38278,6.93692,4.538225000000001,4.81823,0.16236302586068763,0.5680647467311558,0.8229838658936564
National,2026-02-15,2026,7,4.42222,4.27998,19504,29368.0,,42543,10734.0,11532,113681,4330,2656111,2,February,1,Winter,4.57277,4.61317,4.73024,5.90072,4.5857225,4.988546666666667,0.12528822167961076,0.6631226582407952,0.7485107481711011
National,2026-02-22,2026,8,3.87483,3.76883,16653,26900.0,,36552,9754.0,10377,100236,4331,2659604,2,February,1,Winter,4.42222,4.57277,4.42671,4.87406,4.5087175,5.109681666666667,0.09869159889087734,0.7485107481711011,0.6631226582407953
National,2026-03-01,2026,9,3.70659,3.61294,16917,25087.0,,38253,8952.0,9327,98536,4332,2727310,3,March,1,Spring,3.87483,4.42222,4.61317,4.26679,4.3707475,5.158365833333334,0.3406686288633504,0.8229838658936564,0.5680647467311559
National,2026-03-08,2026,10,3.27398,3.23989,15840,22250.0,,33637,7950.0,8041,87718,4304,2707440,3,March,1,Spring,3.70659,3.87483,4.57277,3.81006,4.1441025,5.123375,0.4183419798342392,0.8854560256532099,0.4647231720437686
National,2026-03-15,2026,11,2.9007,2.86144,13932,19564.0,,27501,6898.0,6953,74848,4314,2615749,3,March,1,Spring,3.27398,3.70659,4.42222,3.25232,3.819405,4.8955166666666665,0.4749292963869723,0.9350162426854148,0.35460488704253557
National,2026-03-22,2026,12,2.65772,2.64703,13300,18650.0,,25504,6389.0,6640,70483,4301,2662720,3,March,1,Spring,2.9007,3.27398,3.87483,2.89999,3.439025,4.447238333333334,0.43914716018659417,0.970941817426052,0.23931566428755804
National,2026-03-29,2026,13,2.37429,2.37969,12005,16428.0,,20971,5711.0,6085,61200,4204,2571766,3,March,1,Spring,2.65772,2.9007,3.70659,2.56142,3.1347475,4.071368333333333,0.4577928941762611,0.992708874098054,0.120536680255323
National,2026-04-05,2026,14,2.09634,2.06831,10591,14963.0,,16537,5429.0,5571,53091,4185,2566879,4,April,2,Spring,2.37429,2.65772,3.27398,2.41066,2.8016724999999996,3.828,0.3813392819501696,1.0,-1.6081226496766366e-16
National,2026-04-12,2026,15,1.88475,1.86047,9704,14009.0,,15442,5077.0,5623,49855,4290,2679700,4,April,2,Spring,2.09634,2.37429,2.9007,2.26966,2.5072625,3.6374633333333333,0.3483147582646072,0.992708874098054,-0.12053668025532288
National,2026-04-19,2026,16,1.82283,1.77773,9096,12842.0,,15356,4682.0,5008,46984,4269,2642928,4,April,2,Spring,1.88475,2.09634,2.65772,2.16654,2.253275,3.400339166666667,0.3359859412236272,0.9709418174260521,-0.2393156642875575
National,2026-04-26,2026,17,1.76344,1.72438,8619,12253.0,,14966,4463.0,4678,44979,4219,2608411,4,April,2,Spring,1.82283,1.88475,2.37429,1.99958,2.0445525,3.1833491666666665,0.24906924744922346,0.9350162426854148,-0.35460488704253545
National,2026-05-03,2026,18,1.76597,1.6722,8419,11906.0,,14178,4428.0,4728,43659,4261,2610876,5,May,2,Spring,1.76344,1.82283,2.09634,1.89657,1.89184,2.9458716666666667,0.14505109237754635,0.8854560256532099,-0.4647231720437685
National,2026-05-10,2026,19,1.74211,1.66667,8413,12264.0,,13629,4556.0,4776,43638,4249,2618269,5,May,2,Spring,1.76597,1.76344,1.88475,1.86402,1.8092475,2.7119716666666664,0.05731893484342211,0.8229838658936565,-0.5680647467311557
National,2026-05-17,2026,20,1.5861,1.52377,8003,11158.0,,11733,4319.0,4562,39775,4209,2610298,5,May,2,Spring,1.74211,1.76597,1.82283,1.8161,1.7735875,2.4886291666666667,0.03452851418152491,0.7485107481711013,-0.663122658240795
National,2026-05-24,2026,21,1.56831,1.48638,7858,10624.0,,10221,4139.0,4768,37610,4191,2530305,5,May,2,Spring,1.5861,1.74211,1.76344,1.82615,1.7144050000000002,2.2979016666666667,0.08620348117438527,0.6631226582407952,-0.7485107481711012
National,2026-05-31,2026,22,1.39393,1.33762,7195,9939.0,,8869,3940.0,4413,34356,4149,2568443,5,May,2,Spring,1.56831,1.5861,1.76597,1.6042,1.6656225,2.119711666666667,0.10281619372249508,0.5680647467311558,-0.8229838658936564
National,2026-06-07,2026,23,1.23701,1.18346,6552,8728.0,,7477,3513.0,3931,30201,4110,2551931,6,June,2,Summer,1.39393,1.56831,1.74211,1.4049,1.5726125,1.9630408333333333,0.14242806660994345,0.46472317204376906,-0.8854560256532096
National,2026-06-14,2026,24,1.11953,1.08669,6060,7796.0,,6654,3183.0,3528,27221,4072,2504956,6,June,2,Summer,1.23701,1.39393,1.5861,1.31999,1.4463374999999998,1.8243999999999998,0.16429180896069445,0.35460488704253584,-0.9350162426854147
